platform,post_type,post_length,views,likes,comments,shares,engagement_rate,length category,total_interactions
Facebook,Text,62,91660,2968,276,346,0.0391664848352607,Medium,3590
Instagram,Video,104,113115,4164,632,406,0.0459885956769659,Long,5202
Facebook,Video,46,36043,3125,188,100,0.0946924506839053,Medium,3413
Facebook,Image,39,124886,5970,948,578,0.0600227407395544,Short,7496
Instagram,Video,42,82831,8212,1104,334,0.1165022757180282,Medium,9650
Instagram,Video,71,221855,5252,459,775,0.0292353113520091,Medium,6486
Facebook,Text,45,69250,3580,530,192,0.0621227436823104,Medium,4302
Twitter,Video,103,171894,13050,917,1441,0.0896366365318161,Long,15408
Facebook,Text,54,193496,2028,202,213,0.0126255839914003,Medium,2443
Facebook,Video,108,69345,1641,180,180,0.0288557213930348,Long,2001
Facebook,Video,90,186950,2212,368,167,0.0146937683872693,Long,2747
Facebook,Video,76,199035,19775,1904,586,0.111864747406235,Medium,22265
Instagram,Image,83,247591,19425,1114,2863,0.0945187829929197,Long,23402
Facebook,Text,49,88898,3877,298,174,0.0489212355733537,Medium,4349
Twitter,Image,75,133108,3203,452,384,0.0303437809898728,Medium,4039
Instagram,Video,23,95034,1723,90,65,0.0197613485699854,Short,1878
Twitter,Image,108,95923,5551,937,313,0.0709006182041846,Long,6801
Twitter,Text,110,12273,1200,222,111,0.1249083353703251,Long,1533
Twitter,Video,21,158102,11180,1389,824,0.0847111358490088,Short,13393
Twitter,Image,69,129419,5547,866,801,0.0557414290019239,Medium,7214
Instagram,Image,113,57460,3164,377,411,0.0687782805429864,Long,3952
Instagram,Text,97,266940,26667,2568,3728,0.12348467820484,Long,32963
Twitter,Image,81,78939,4474,334,462,0.0667604099367866,Long,5270
Twitter,Text,60,152111,14721,1880,713,0.1138247726988843,Medium,17314
Instagram,Video,116,19017,218,41,19,0.0146184992375243,Long,278
Instagram,Video,97,87901,6582,1207,786,0.0975529288631528,Long,8575
Instagram,Image,45,118000,7840,1473,222,0.0808050847457627,Medium,9535
Facebook,Video,46,42215,3025,589,399,0.0950609972758498,Medium,4013
Facebook,Video,10,15583,956,71,97,0.0721298851312327,Short,1124
Facebook,Image,73,166991,2333,167,266,0.0165637669095939,Medium,2766
Twitter,Video,102,49025,1150,131,126,0.0286996430392656,Long,1407
Facebook,Image,79,178326,16584,2543,2159,0.1193656561578233,Medium,21286
Twitter,Text,77,179347,5553,643,174,0.0355177393544358,Medium,6370
Twitter,Text,106,59943,5956,1095,411,0.1244849273476469,Long,7462
Facebook,Text,44,143586,10218,1610,872,0.0884487345562937,Medium,12700
Twitter,Image,45,171488,8573,1243,780,0.0617885799589475,Medium,10596
Facebook,Image,13,4511,418,25,59,0.1112835291509643,Short,502
Facebook,Video,12,152714,12453,950,317,0.0898411409562973,Short,13720
Instagram,Video,48,87151,4236,483,561,0.0605845027595782,Medium,5280
Facebook,Video,62,231197,3739,734,343,0.0208307201218008,Medium,4816
Instagram,Video,108,187966,16568,1659,1525,0.1050828341295766,Long,19752
Facebook,Video,71,27225,2146,310,132,0.0950596877869605,Medium,2588
Facebook,Image,17,154918,12574,2493,1303,0.1056688054325514,Short,16370
Instagram,Image,23,34152,2630,235,273,0.0918833450456781,Short,3138
Instagram,Text,102,71107,2475,185,110,0.038955377107739,Long,2770
Facebook,Text,100,184426,16099,2124,1738,0.1082331124678732,Long,19961
Twitter,Text,53,126387,1289,171,70,0.0121056754254788,Medium,1530
Instagram,Text,84,162260,5087,957,557,0.0406816220880069,Long,6601
Twitter,Image,104,62910,892,48,88,0.0163408043236369,Long,1028
Twitter,Image,86,44530,888,98,100,0.0243880529979788,Long,1086
Twitter,Image,82,80753,4676,452,105,0.0648025460354414,Long,5233
Instagram,Video,34,46999,627,85,22,0.015617353560714,Short,734
Twitter,Video,70,8609,226,11,29,0.0308978975490765,Medium,266
Instagram,Text,81,194841,6029,944,418,0.0379334944903793,Long,7391
Twitter,Video,95,180469,12448,1527,1602,0.0863139929849447,Long,15577
Facebook,Image,63,244649,12769,1980,359,0.0617537778613442,Medium,15108
Facebook,Text,57,52322,2681,314,321,0.063376782233095,Medium,3316
Instagram,Text,56,272295,21554,2610,665,0.0911841936135441,Medium,24829
Facebook,Video,85,9406,480,88,38,0.0644269615139272,Long,606
Facebook,Text,35,65678,2716,221,385,0.0505801029263984,Short,3322
Twitter,Video,19,49062,4740,391,142,0.107476254535078,Short,5273
Instagram,Video,24,216501,2326,311,152,0.0128821575881866,Short,2789
Twitter,Text,9,166028,6223,927,543,0.0463355578577107,Short,7693
Twitter,Video,11,113377,7351,758,1006,0.0803954946770509,Short,9115
Twitter,Video,22,55830,4491,574,284,0.0958087049973132,Short,5349
Twitter,Video,60,15133,1263,106,157,0.100839225533602,Medium,1526
Twitter,Video,79,14209,201,14,22,0.0166795692870715,Medium,237
Twitter,Text,100,111828,8255,707,494,0.0845584290159888,Long,9456
Twitter,Image,118,76681,5737,1075,368,0.0936346683011437,Long,7180
Instagram,Image,95,248733,7279,1239,326,0.0355561988155974,Long,8844
Facebook,Video,94,57345,1155,82,127,0.0237858575289911,Long,1364
Twitter,Video,105,44585,3454,196,321,0.0890658293147919,Long,3971
Twitter,Video,49,36638,1189,76,47,0.0358098149462306,Medium,1312
Twitter,Image,32,22645,229,21,23,0.0120556414219474,Short,273
Twitter,Video,54,20408,614,105,52,0.0377793022344178,Medium,771
Twitter,Text,6,14521,185,18,5,0.0143240823634735,Short,208
Twitter,Text,88,89414,2899,225,417,0.0396022994161988,Long,3541
Facebook,Text,72,131432,5277,577,678,0.0496987035120822,Medium,6532
Facebook,Image,81,126520,4355,298,127,0.0377805880493202,Long,4780
Twitter,Video,28,40221,3732,449,526,0.1170284179906019,Short,4707
Facebook,Video,116,103131,3189,482,443,0.0398910124017026,Long,4114
Instagram,Video,106,157158,8184,861,208,0.0588770536657376,Long,9253
Twitter,Image,108,18923,1819,138,84,0.1078581620250488,Long,2041
Instagram,Image,52,86761,7732,912,860,0.1095423058747594,Medium,9504
Instagram,Image,49,274346,10379,1706,1468,0.0494011212119003,Medium,13553
Twitter,Image,97,97675,3846,236,488,0.046787816739186,Long,4570
Facebook,Text,62,231582,14682,890,831,0.0708302026927826,Medium,16403
Instagram,Image,40,173278,16046,1567,390,0.1038966285391105,Medium,18003
Twitter,Image,6,152957,1667,187,135,0.0130036546218871,Short,1989
Instagram,Image,109,115443,5238,431,167,0.0505530868047434,Long,5836
Instagram,Video,22,16218,1402,75,72,0.0955111604390183,Short,1549
Instagram,Video,53,188761,8860,734,914,0.0556682789347375,Medium,10508
Instagram,Video,12,102148,7641,881,644,0.0897325449348004,Short,9166
Facebook,Text,62,9716,702,43,48,0.0816179497735693,Medium,793
Instagram,Text,19,261448,7448,1172,1049,0.0369824974755974,Short,9669
Instagram,Image,109,283232,14292,1898,644,0.0594353745339509,Long,16834
Instagram,Video,21,36001,2194,252,182,0.0729979722785478,Short,2628
Facebook,Text,27,239194,17794,2274,1682,0.0909303745077217,Short,21750
Instagram,Video,70,271430,22804,3383,1410,0.1016726227756696,Medium,27597
Instagram,Text,74,140811,11038,2198,1232,0.1027476546576616,Medium,14468
Facebook,Text,97,33158,416,69,55,0.0162856625851981,Long,540
Facebook,Image,31,103393,7274,953,657,0.0859245790333968,Short,8884
Facebook,Image,41,8605,471,77,57,0.0703079604880883,Medium,605
Instagram,Text,53,61492,3790,459,105,0.0708059584986665,Medium,4354
Facebook,Image,68,239198,10421,1007,416,0.0495154641761218,Medium,11844
Facebook,Text,38,6321,469,41,37,0.0865369403575383,Short,547
Instagram,Text,22,180613,12760,1402,1782,0.0882771450560037,Short,15944
Facebook,Video,68,185773,11546,581,1028,0.0708122278264333,Medium,13155
Instagram,Image,110,235592,20624,1578,1571,0.1009075011036028,Long,23773
Twitter,Image,78,14170,271,18,26,0.0222300635144671,Medium,315
Facebook,Image,106,59045,2190,424,79,0.045609281056821,Long,2693
Twitter,Video,48,142005,7748,462,813,0.0635400161966128,Medium,9023
Instagram,Video,21,224300,21594,2702,695,0.1114177440927329,Short,24991
Facebook,Video,63,231082,3807,715,361,0.0211310270812958,Medium,4883
Instagram,Image,17,257985,10406,1468,1174,0.0505765839099172,Short,13048
Twitter,Image,56,112540,10503,1305,771,0.1117735916118713,Medium,12579
Instagram,Image,64,159886,14520,2344,2009,0.1180403537520483,Medium,18873
Facebook,Video,116,104101,9147,942,363,0.1004024937320486,Long,10452
Facebook,Video,46,3818,144,11,6,0.0421686746987951,Medium,161
Twitter,Text,95,10434,899,159,78,0.1088748322790876,Long,1136
Instagram,Video,68,192225,10664,623,1504,0.0665418129795812,Medium,12791
Facebook,Text,70,33571,2208,377,156,0.0816478508236275,Medium,2741
Twitter,Image,38,42694,1344,88,188,0.037944441841945,Short,1620
Facebook,Video,99,97426,7170,1031,789,0.0922751626875782,Long,8990
Facebook,Image,91,121792,4809,584,585,0.049083683657383,Long,5978
Instagram,Image,75,50485,2067,412,293,0.0549073982371001,Medium,2772
Facebook,Image,106,146141,9837,1064,928,0.0809423775668703,Long,11829
Instagram,Image,68,62198,1964,380,203,0.0409498697707321,Medium,2547
Facebook,Video,37,101316,3059,338,291,0.0364009633226736,Short,3688
Twitter,Image,16,171734,7423,1130,905,0.0550735439691616,Short,9458
Facebook,Text,113,91970,7359,1078,408,0.0961726649994563,Long,8845
Instagram,Video,80,77928,2355,148,288,0.035815111384868,Long,2791
Instagram,Image,23,57290,4632,748,522,0.1030197242101588,Short,5902
Twitter,Video,13,124664,9051,735,889,0.0856301739074632,Short,10675
Facebook,Text,78,146004,10383,1124,260,0.0805936823648667,Medium,11767
Facebook,Image,21,14766,778,130,93,0.0677908709196803,Short,1001
Twitter,Text,54,90247,6960,1333,259,0.0947621527585404,Medium,8552
Facebook,Image,108,16292,182,24,26,0.0142401178492511,Long,232
Facebook,Text,43,220295,8262,1056,252,0.0434417485644249,Medium,9570
Instagram,Image,45,183703,13065,1642,1484,0.0881368295564035,Medium,16191
Facebook,Video,14,225507,22292,3845,1490,0.1225106094267583,Short,27627
Facebook,Image,16,249762,2554,508,295,0.0134407956374468,Short,3357
Twitter,Video,83,74944,4189,607,366,0.068878095644748,Long,5162
Twitter,Image,99,108446,10101,1078,1028,0.11256293454807,Long,12207
Instagram,Image,19,39533,3467,287,103,0.097564060405231,Short,3857
Facebook,Text,32,83773,1012,80,147,0.0147899681281558,Short,1239
Facebook,Text,8,127433,7347,1310,150,0.0691108268658824,Short,8807
Facebook,Text,40,139850,1452,288,206,0.0139149088308902,Medium,1946
Instagram,Image,69,40059,3247,502,304,0.1011757657455253,Medium,4053
Instagram,Image,112,140938,5327,1030,285,0.0471271055357675,Long,6642
Twitter,Image,102,75965,5993,614,616,0.0950832620285657,Long,7223
Instagram,Video,51,65661,6239,899,670,0.1189138148977323,Medium,7808
Facebook,Video,85,46352,4535,574,521,0.121461857093545,Long,5630
Facebook,Image,43,113051,10227,1250,226,0.1035196504232602,Medium,11703
Instagram,Text,42,186808,5300,767,783,0.0366686651535266,Medium,6850
Facebook,Text,48,37075,1020,98,102,0.032906271072151,Medium,1220
Facebook,Text,55,234461,15549,2271,1074,0.0805848307394406,Medium,18894
Instagram,Image,101,96931,5715,862,538,0.0734027297768515,Long,7115
Instagram,Text,89,218023,2367,415,102,0.0132279621874756,Long,2884
Facebook,Image,30,231594,10480,1672,546,0.0548287088611967,Short,12698
Facebook,Video,114,27104,2482,243,77,0.103379574970484,Long,2802
Facebook,Text,40,68827,6253,735,839,0.1137199064320688,Medium,7827
Twitter,Video,73,71222,2019,137,106,0.0317598494847097,Medium,2262
Twitter,Text,101,134714,5978,529,694,0.0534539839957242,Long,7201
Twitter,Image,5,99013,5983,766,332,0.0715158615535333,Short,7081
Instagram,Image,57,225758,19584,1275,763,0.0957751220333277,Medium,21622
Twitter,Image,10,10769,623,84,21,0.06760144860247,Short,728
Instagram,Image,41,100369,9749,1058,1285,0.1204754456057149,Medium,12092
Instagram,Text,6,55375,4536,250,161,0.0893363431151241,Short,4947
Twitter,Video,73,165150,15817,1821,495,0.1097971541023312,Medium,18133
Twitter,Image,94,14268,1082,99,22,0.0843145500420521,Long,1203
Twitter,Text,45,143916,12806,768,866,0.1003363072903638,Medium,14440
Facebook,Video,55,77174,6543,615,932,0.1048280508979708,Medium,8090
Twitter,Image,51,193835,6366,599,879,0.04046740784688,Medium,7844
Facebook,Video,17,105677,3239,334,113,0.034879869791913,Short,3686
Instagram,Image,80,147305,12932,1357,279,0.0988968466786599,Long,14568
Facebook,Video,73,33496,590,67,69,0.0216742297587771,Medium,726
Twitter,Video,70,150878,7056,450,422,0.0525457654528824,Medium,7928
Instagram,Image,63,176398,14792,751,1900,0.0988843410923026,Medium,17443
Instagram,Text,72,83807,6972,1118,334,0.100516663285883,Medium,8424
Instagram,Video,63,175585,3948,397,331,0.0266309764501523,Medium,4676
Facebook,Image,95,185833,10015,1422,243,0.0628521306764675,Long,11680
Twitter,Video,118,21465,1141,109,155,0.0654553924994176,Long,1405
Instagram,Video,14,144322,5648,1116,243,0.0485511564418453,Short,7007
Instagram,Text,17,65503,6062,589,353,0.1069264003175427,Short,7004
Instagram,Video,112,243026,16715,2352,1376,0.0841185716754586,Long,20443
Facebook,Video,6,248863,24442,2028,1350,0.1117884137055327,Short,27820
Facebook,Image,94,24310,389,49,9,0.018387494858083,Long,447
Twitter,Image,19,132301,6018,823,143,0.0527887166385741,Short,6984
Facebook,Text,50,249501,21248,1645,3063,0.1040316471677468,Medium,25956
Instagram,Video,61,37206,1787,122,111,0.0542923184432618,Medium,2020
Twitter,Video,14,11764,394,77,25,0.0421625297517851,Short,496
Instagram,Video,26,191668,19128,3519,2677,0.1321242982657512,Short,25324
Instagram,Text,108,245269,21726,3237,2796,0.1131777762375188,Long,27759
Facebook,Video,93,146914,8694,1557,950,0.0762418830063846,Long,11201
Twitter,Image,83,136048,8238,529,869,0.0708279430789133,Long,9636
Facebook,Text,81,141498,1502,239,186,0.013618567046884,Long,1927
Facebook,Image,12,156959,15427,1432,647,0.1115323109856714,Short,17506
Twitter,Image,25,28710,2370,310,252,0.1021246952281435,Short,2932
Instagram,Text,89,142558,1896,312,62,0.0159233434812497,Long,2270
Instagram,Image,26,175330,4535,249,165,0.0282267723720983,Short,4949
Twitter,Video,114,114418,9598,1480,494,0.1011379328427345,Long,11572
Instagram,Text,101,252704,4502,518,505,0.0218635241230847,Long,5525
Twitter,Image,49,24623,2333,270,317,0.1185883117410551,Medium,2920
Twitter,Video,95,25806,2580,480,283,0.1295435170115477,Long,3343
Facebook,Video,44,140045,12573,2250,932,0.1124995537148773,Medium,15755
Twitter,Image,118,179287,13715,804,1190,0.0876192919732049,Long,15709
Facebook,Video,26,117162,6309,900,710,0.0675901742885918,Short,7919
Instagram,Text,34,165229,2878,332,287,0.0211645655423684,Short,3497
Instagram,Image,66,10521,796,53,70,0.0873491113012071,Medium,919
Instagram,Video,77,280035,12802,2274,650,0.0561572660560287,Medium,15726
Instagram,Video,49,87331,5355,325,536,0.0711774742073261,Medium,6216
Facebook,Image,39,25474,927,50,20,0.039137944570935,Short,997
Instagram,Image,86,162579,5169,411,479,0.0372680358471881,Long,6059
Twitter,Image,46,12687,497,47,62,0.047765429179475,Medium,606
Twitter,Image,9,100550,8370,494,362,0.0917553455992043,Short,9226
Twitter,Text,31,144081,6971,1019,242,0.0571345284943885,Short,8232
Facebook,Image,74,91762,3491,403,510,0.0479937228918288,Medium,4404
Instagram,Text,66,93484,4577,511,593,0.0607697573916392,Medium,5681
Instagram,Text,36,53296,687,49,40,0.0145601921344941,Short,776
Instagram,Image,12,45225,4077,471,192,0.1048092868988391,Short,4740
Facebook,Text,107,221710,13226,1435,838,0.0699066347931983,Long,15499
Twitter,Image,89,36828,715,76,54,0.0229444987509503,Long,845
Twitter,Image,22,169174,6082,503,770,0.0434759478406847,Short,7355
Instagram,Video,82,247463,24379,1564,1245,0.109866929601597,Long,27188
Twitter,Image,19,189414,12004,1069,1364,0.0762192868531365,Short,14437
Twitter,Video,110,35712,1293,194,182,0.0467349910394265,Long,1669
Facebook,Text,30,29823,1442,87,99,0.0545887402340475,Short,1628
Facebook,Video,57,139433,4637,497,108,0.0375951173681983,Medium,5242
Facebook,Text,48,94374,1213,154,154,0.0161167270646576,Medium,1521
Facebook,Image,36,83174,7134,1387,799,0.1120542477216437,Short,9320
Instagram,Text,107,290409,10548,1862,415,0.0441618544879807,Long,12825
Facebook,Text,32,93287,7972,1494,778,0.1098116565009058,Short,10244
Twitter,Image,43,44012,2335,403,297,0.0689584658729437,Medium,3035
Instagram,Text,111,278060,7357,1017,320,0.0312666331007696,Long,8694
Twitter,Image,36,127462,10473,1875,512,0.100892815113524,Short,12860
Twitter,Video,81,77045,3385,456,156,0.0518787721461483,Long,3997
Twitter,Image,83,178604,13162,1364,1970,0.0923607533985801,Long,16496
Facebook,Image,22,230710,19691,2084,981,0.0986346495600537,Short,22756
Facebook,Text,107,181731,17567,2368,960,0.1149776317744358,Long,20895
Instagram,Video,74,94860,1681,288,44,0.0212207463630613,Medium,2013
Instagram,Image,15,229551,2468,172,364,0.013086416526175,Short,3004
Facebook,Video,36,45634,2708,151,141,0.065740456677039,Short,3000
Twitter,Video,108,97479,3293,554,376,0.0433221514377455,Long,4223
Instagram,Text,24,79992,4177,614,97,0.0611061106110611,Short,4888
Facebook,Image,101,14369,237,41,28,0.0212958452223536,Long,306
Facebook,Text,44,22329,1231,241,144,0.072372251332348,Medium,1616
Facebook,Image,12,212826,4519,396,139,0.0237470985687838,Short,5054
Twitter,Video,119,88700,7581,599,272,0.0952874859075535,Long,8452
Facebook,Image,39,105960,8302,839,484,0.0908361645904114,Short,9625
Facebook,Image,73,15410,256,46,16,0.0206359506813757,Medium,318
Facebook,Video,103,163802,13967,727,1701,0.100090352987143,Long,16395
Facebook,Video,115,136737,5366,276,150,0.0423586885773419,Long,5792
Instagram,Image,82,173775,7256,598,758,0.0495583369299381,Long,8612
Instagram,Text,25,235083,6155,654,305,0.030261652267497,Short,7114
Facebook,Image,115,158244,13478,1285,939,0.0992265109577614,Long,15702
Twitter,Video,28,4684,217,37,4,0.0550811272416737,Short,258
Instagram,Text,21,287031,4131,633,238,0.0174266891032675,Short,5002
Facebook,Video,22,154898,15019,2638,634,0.1180841586075998,Short,18291
Instagram,Video,102,198360,6551,704,560,0.0393980641258318,Long,7815
Instagram,Text,16,205579,19377,2700,786,0.1112127211436965,Short,22863
Twitter,Video,20,129510,4806,611,618,0.0465987182456953,Short,6035
Facebook,Video,8,104261,8844,1071,1191,0.1065211344606324,Short,11106
Facebook,Video,93,59068,4121,384,535,0.0853253876887654,Long,5040
Twitter,Video,38,20113,1760,275,259,0.1140555859394421,Short,2294
Twitter,Video,96,44861,4389,564,609,0.1239829696172622,Long,5562
Facebook,Video,50,81487,7206,445,406,0.0988746671248174,Medium,8057
Facebook,Video,79,28617,1325,66,80,0.0514030121955481,Medium,1471
Twitter,Video,81,100330,8358,443,745,0.0951460181401375,Long,9546
Instagram,Video,35,227236,16826,1032,1178,0.0837719375451072,Short,19036
Instagram,Image,29,293394,4560,481,666,0.0194516588614627,Short,5707
Twitter,Image,107,5055,473,45,30,0.1084075173095944,Long,548
Instagram,Video,78,132615,6887,506,800,0.0617803415903178,Medium,8193
Twitter,Image,28,104255,2304,293,218,0.0270011030646012,Short,2815
Instagram,Text,69,241675,11669,2281,1684,0.0646901830971345,Medium,15634
Instagram,Image,29,94376,6066,449,708,0.0765342883784012,Short,7223
Facebook,Video,32,12933,796,69,47,0.0705172813732312,Short,912
Facebook,Video,40,34979,2159,257,98,0.0718716944452385,Medium,2514
Instagram,Image,86,50047,1652,241,216,0.0421403880352468,Long,2109
Instagram,Video,10,9137,611,85,84,0.0853671883550399,Short,780
Facebook,Text,70,14423,1322,169,169,0.1150939471677182,Medium,1660
Facebook,Text,71,92851,4176,670,483,0.0573930275387448,Medium,5329
Facebook,Video,114,37482,2502,442,154,0.082653006776586,Long,3098
Twitter,Text,76,177228,5663,1131,485,0.0410713882682194,Medium,7279
Instagram,Text,99,237723,3410,408,474,0.0180546266032314,Long,4292
Facebook,Image,52,37754,2367,471,88,0.0775017216718758,Medium,2926
Instagram,Text,87,28363,405,64,34,0.0177343722455311,Long,503
Twitter,Image,118,19085,1433,212,94,0.091118679591302,Long,1739
Twitter,Video,74,58889,4141,604,447,0.0881658713851483,Medium,5192
Facebook,Image,82,242022,10464,1952,1071,0.055726338927866,Long,13487
Twitter,Video,71,104090,4893,940,454,0.060399654145451,Medium,6287
Instagram,Video,52,84951,7866,603,443,0.1049075349319019,Medium,8912
Facebook,Video,69,131227,1467,181,59,0.0130079937817674,Medium,1707
Instagram,Video,48,122159,7414,1417,904,0.0796912220957931,Medium,9735
Instagram,Video,98,183124,17049,1829,2539,0.1169535396780323,Long,21417
Twitter,Image,67,88934,8204,696,344,0.1039422493084759,Medium,9244
Twitter,Video,50,34691,2172,142,64,0.0685480383961257,Medium,2378
Twitter,Text,23,56697,2512,350,293,0.0556466832460271,Short,3155
Twitter,Text,68,136116,2572,398,166,0.0230391724705398,Medium,3136
Twitter,Video,87,5883,150,11,7,0.0285568587455379,Long,168
Facebook,Text,77,34712,2470,373,218,0.0881827610048398,Medium,3061
Instagram,Image,75,220932,2540,469,273,0.0148552495790559,Medium,3282
Instagram,Image,114,118655,10621,919,509,0.1015465003581812,Long,12049
Instagram,Video,105,288689,18162,1240,2711,0.0765979999237934,Long,22113
Instagram,Video,54,285348,4012,703,251,0.0174033110447593,Medium,4966
Twitter,Video,67,25268,797,149,48,0.039338293493747,Medium,994
Instagram,Text,45,253562,16095,1323,1206,0.0734494916430695,Medium,18624
Facebook,Text,11,227979,3010,476,351,0.0168304975458265,Short,3837
Facebook,Image,13,87383,7008,971,935,0.1020106885778698,Short,8914
Instagram,Text,8,257982,23938,2055,1486,0.1065151832298377,Short,27479
Instagram,Image,93,242903,23442,4068,830,0.1166720872117676,Long,28340
Facebook,Text,53,209724,15945,1922,849,0.0892410978238065,Medium,18716
Facebook,Image,80,229733,20013,3103,619,0.1033155880957459,Long,23735
Twitter,Video,10,121755,7909,753,806,0.0777627202168288,Short,9468
Facebook,Text,86,99940,5123,883,595,0.0660496297778667,Long,6601
Twitter,Image,108,30436,2257,202,171,0.0864108292811144,Long,2630
Twitter,Text,25,137197,4140,433,595,0.0376684621383849,Short,5168
Twitter,Video,19,174606,3471,377,397,0.0243118793168619,Short,4245
Twitter,Image,71,100524,7897,639,547,0.0903565317735068,Medium,9083
Twitter,Text,70,88842,8549,1548,284,0.1168478872605299,Medium,10381
Instagram,Text,60,81369,5042,337,424,0.0713170863596701,Medium,5803
Facebook,Video,109,90533,4837,650,413,0.0651696066627638,Long,5900
Twitter,Video,108,35521,2063,355,188,0.0733650516595816,Long,2606
Facebook,Image,72,229556,12180,1670,1324,0.0661015177124536,Medium,15174
Facebook,Text,36,246251,12262,1214,666,0.0574292084093059,Short,14142
Twitter,Text,70,140560,13385,2238,272,0.1130833807626636,Medium,15895
Instagram,Video,114,47448,2523,315,317,0.0664938458944528,Long,3155
Twitter,Video,33,9938,171,12,21,0.0205272690682229,Short,204
Instagram,Image,70,187185,14768,1440,2045,0.0975131554344632,Medium,18253
Facebook,Text,38,107262,4852,673,708,0.0581100482929648,Short,6233
Instagram,Text,31,188707,13957,2077,567,0.0879723592659519,Short,16601
Instagram,Image,64,208243,12944,1711,854,0.0744754925735799,Medium,15509
Instagram,Image,43,210237,15596,1416,2038,0.0906120235733957,Medium,19050
Facebook,Video,48,191894,2989,415,422,0.019938090820974,Medium,3826
Facebook,Video,106,52934,690,68,15,0.0146030906411758,Long,773
Instagram,Image,86,288631,12719,1065,895,0.050857323017971,Long,14679
Instagram,Image,40,189391,13709,2629,476,0.0887792978547027,Medium,16814
Twitter,Text,23,14869,448,43,54,0.0366534400430425,Short,545
Instagram,Image,95,250979,12299,1234,1440,0.0596583777925643,Long,14973
Twitter,Image,49,173869,17086,3152,2017,0.1279986656620789,Medium,22255
Instagram,Text,88,192370,5643,402,399,0.0334979466652804,Long,6444
Twitter,Image,25,116576,10062,1385,732,0.1044726187208344,Short,12179
Facebook,Video,27,85209,7182,1203,388,0.1029586076588153,Short,8773
Instagram,Video,98,87299,7876,717,527,0.1044685506134091,Long,9120
Instagram,Text,93,49933,4611,814,681,0.1222838603728996,Long,6106
Instagram,Image,99,81579,4540,751,118,0.0663038281910785,Long,5409
Instagram,Video,31,145642,10395,1277,645,0.0845703849164389,Short,12317
Twitter,Video,102,139958,9195,623,1128,0.0782091770388259,Long,10946
Instagram,Video,76,95177,3598,703,250,0.0478161740756695,Medium,4551
Facebook,Video,23,70719,2487,357,356,0.0452495086186173,Short,3200
Facebook,Image,45,97606,3976,507,251,0.0485011167346269,Medium,4734
Instagram,Image,30,34018,1009,184,131,0.038920571462167,Short,1324
Facebook,Image,32,88839,6944,786,874,0.0968493567014486,Short,8604
Instagram,Image,68,158658,15359,2066,325,0.1118758587653947,Medium,17750
Instagram,Video,72,7566,666,119,48,0.1100978059740946,Medium,833
Facebook,Text,99,242471,7180,782,405,0.0345072194200543,Long,8367
Instagram,Text,84,81489,1195,198,98,0.0182969480543386,Long,1491
Facebook,Video,55,68355,5341,472,428,0.0913027576622046,Medium,6241
Twitter,Video,78,164768,7434,1154,1023,0.0583305010681685,Medium,9611
Instagram,Text,106,77940,6563,830,287,0.098537336412625,Long,7680
Twitter,Text,52,128731,10315,770,450,0.0896054563391879,Medium,11535
Facebook,Video,14,101382,6720,473,228,0.0731983981377364,Short,7421
Twitter,Video,113,173807,5732,680,665,0.0407175775429067,Long,7077
Twitter,Image,77,125865,2437,381,339,0.0250824295872561,Medium,3157
Facebook,Image,43,184709,6047,849,410,0.0395541094370063,Medium,7306
Twitter,Text,104,24129,1348,240,37,0.0673463467197148,Long,1625
Twitter,Video,119,32845,3223,349,129,0.1126807733292738,Long,3701
Facebook,Text,104,82449,1297,228,43,0.0190178170747977,Long,1568
Twitter,Image,23,199572,5589,310,542,0.0322740665023149,Short,6441
Facebook,Image,68,13739,913,95,51,0.0770798456947376,Medium,1059
Twitter,Text,23,191244,7151,435,977,0.0447752609232185,Short,8563
Facebook,Image,80,136745,11933,2242,490,0.107243409265421,Long,14665
Facebook,Video,66,237669,5358,649,755,0.0284513335773702,Medium,6762
Twitter,Text,17,33171,3207,312,202,0.1121762985740556,Short,3721
Twitter,Video,29,91179,8398,1040,1114,0.1157284023733535,Short,10552
Twitter,Video,104,102022,9169,1191,1314,0.1144263002097586,Long,11674
Instagram,Image,93,146696,3751,663,556,0.0338795877188198,Long,4970
Instagram,Video,96,113906,4516,593,562,0.0497866661984443,Long,5671
Instagram,Text,46,57930,4771,547,158,0.0945278784740203,Medium,5476
Facebook,Video,43,168680,13950,2709,379,0.1010078254683424,Medium,17038
Twitter,Video,34,51649,3794,740,440,0.0963038974617127,Short,4974
Facebook,Video,9,216528,10896,607,1488,0.0599968595285598,Short,12991
Instagram,Video,85,68503,2606,406,108,0.0455454505642088,Long,3120
Twitter,Video,22,175196,16935,1791,2410,0.1206420237904975,Short,21136
Facebook,Image,111,119659,2696,407,267,0.0281633642266774,Long,3370
Twitter,Text,115,98875,1378,200,49,0.0164551201011378,Long,1627
Facebook,Image,25,141659,1532,152,63,0.0123324321080905,Short,1747
Twitter,Text,90,136599,10894,2156,311,0.0978118434249152,Long,13361
Instagram,Text,107,169139,2554,264,98,0.0172402580126404,Long,2916
Instagram,Text,54,56538,3306,478,380,0.0736495808129046,Medium,4164
Twitter,Text,10,39455,1698,292,82,0.0525155240147002,Short,2072
Facebook,Text,54,236547,5493,394,510,0.0270432514468583,Medium,6397
Instagram,Video,84,25243,1934,183,219,0.0925405062789684,Long,2336
Instagram,Image,70,128793,1925,153,262,0.0181686892921199,Medium,2340
Instagram,Image,119,74231,2869,479,277,0.0488340450755075,Long,3625
Twitter,Video,5,76648,4644,790,436,0.0765838638972967,Short,5870
Twitter,Text,61,34059,1574,139,218,0.0566957338735723,Medium,1931
Facebook,Image,34,192939,6429,325,375,0.0369495021742623,Short,7129
Facebook,Video,62,75778,7073,802,328,0.1082504156879305,Medium,8203
Facebook,Video,111,78477,7360,1126,982,0.1206468137161206,Long,9468
Twitter,Image,56,57283,2717,389,80,0.0556185953947942,Medium,3186
Twitter,Image,41,65853,2992,349,133,0.052753860871942,Medium,3474
Facebook,Text,52,23001,866,82,63,0.0439546106691013,Medium,1011
Facebook,Text,91,5700,496,60,33,0.1033333333333333,Long,589
Twitter,Image,5,183229,11197,585,1251,0.0711295701008028,Short,13033
Facebook,Text,23,152157,2747,167,87,0.0197230492188989,Short,3001
Instagram,Video,50,194219,16857,1254,1382,0.1003660815883101,Medium,19493
Twitter,Text,71,15339,891,128,111,0.0736684268857161,Medium,1130
Facebook,Text,6,149906,7106,588,773,0.0564820620922444,Short,8467
Twitter,Video,60,128378,5187,588,529,0.0491049868357506,Medium,6304
Instagram,Text,105,296687,5621,804,287,0.0226231685244045,Long,6712
Twitter,Video,21,37930,3645,636,259,0.1196941734774584,Short,4540
Twitter,Text,96,174146,13359,1769,581,0.09020591917127,Long,15709
Twitter,Image,86,193745,4235,324,364,0.0254096879919481,Long,4923
Twitter,Text,101,31044,1738,335,166,0.0721234377013271,Long,2239
Instagram,Image,83,198833,11930,757,1217,0.0699280300553731,Long,13904
Twitter,Image,26,114997,2887,303,386,0.0310964633860013,Short,3576
Twitter,Image,109,85725,4153,781,116,0.0589093030037911,Long,5050
Facebook,Image,31,222405,15149,2126,1067,0.0824711674647602,Short,18342
Twitter,Image,59,28012,996,148,96,0.0442667428245037,Medium,1240
Facebook,Video,105,197768,7880,750,741,0.0473838032442053,Long,9371
Instagram,Video,36,102585,2152,132,49,0.0227421162938051,Short,2333
Instagram,Video,64,26694,1259,132,56,0.0542069378886641,Medium,1447
Instagram,Image,113,180460,11287,1245,1466,0.0775684362185525,Long,13998
Instagram,Text,87,218440,4475,405,389,0.0241210401025453,Long,5269
Facebook,Video,32,35835,2341,192,172,0.0754848611692479,Short,2705
Twitter,Text,32,120777,5531,571,757,0.0567906141069905,Short,6859
Instagram,Text,78,203470,14453,2108,429,0.0835012532560082,Medium,16990
Twitter,Image,88,20186,773,148,108,0.0509759239076587,Long,1029
Facebook,Image,29,163617,10007,1556,236,0.0721135334347897,Short,11799
Facebook,Image,89,245130,15970,2666,1487,0.0820911353159548,Long,20123
Facebook,Video,82,47391,3419,327,315,0.0856913759996623,Long,4061
Instagram,Image,90,110858,8660,568,892,0.0912879539591188,Long,10120
Twitter,Video,30,106199,2365,221,56,0.0248778237083211,Short,2642
Twitter,Video,112,178860,17326,1912,1541,0.1161746617466174,Long,20779
Twitter,Video,79,30401,2612,400,90,0.1020361172329857,Medium,3102
Facebook,Video,75,100764,6107,1165,245,0.0746000555754039,Medium,7517
Instagram,Image,21,63611,5733,982,275,0.1098866548238512,Short,6990
Facebook,Video,86,15202,675,60,67,0.0527562162873306,Long,802
Facebook,Image,11,197440,2583,446,182,0.0162631685575364,Short,3211
Twitter,Image,60,35135,2650,296,82,0.0861818699302689,Medium,3028
Facebook,Video,68,91121,8647,659,497,0.1075822258315865,Medium,9803
Twitter,Image,24,115944,2848,339,85,0.0282205202511557,Short,3272
Instagram,Text,42,261556,17772,2390,1889,0.084306993531022,Medium,22051
Twitter,Image,79,115765,9632,1584,890,0.1045739213060942,Medium,12106
Instagram,Image,112,68535,6267,642,457,0.1074779309841686,Long,7366
Twitter,Video,62,147969,5162,371,725,0.0422926423777953,Medium,6258
Facebook,Video,20,120328,2597,166,227,0.0248487467588591,Short,2990
Facebook,Image,55,155363,5019,335,679,0.0388316394508344,Medium,6033
Instagram,Video,31,190165,11789,2269,1123,0.0798306733626061,Short,15181
Instagram,Text,55,118056,10942,2109,754,0.1169360303584739,Medium,13805
Instagram,Text,79,282619,17643,3445,1589,0.0802387666788149,Medium,22677
Twitter,Video,20,177977,16510,1574,656,0.1052945043460671,Short,18740
Twitter,Image,91,81870,6492,511,699,0.0940759741052888,Long,7702
Instagram,Text,64,89366,5706,1124,842,0.0858492043954076,Medium,7672
Facebook,Text,80,126836,1517,300,79,0.0149484373521713,Long,1896
Twitter,Image,44,94814,3790,234,235,0.0449195266521821,Medium,4259
Twitter,Video,71,86285,1309,213,95,0.0187402213594483,Medium,1617
Twitter,Text,6,42185,1645,153,136,0.0458456797439848,Short,1934
Instagram,Image,106,69398,1083,201,122,0.0202599498544626,Long,1406
Instagram,Image,52,256326,6434,407,242,0.0276327801315512,Medium,7083
Instagram,Text,56,101682,4775,875,283,0.0583485769359375,Medium,5933
Instagram,Video,28,81593,4596,231,413,0.0642211954456877,Short,5240
Instagram,Text,97,162499,4800,615,463,0.0361725302924941,Long,5878
Facebook,Image,115,110518,8391,841,753,0.0903472737472629,Long,9985
Facebook,Text,114,58535,3695,421,283,0.0751516186896728,Long,4399
Instagram,Video,102,114626,8282,952,931,0.0886797061748643,Long,10165
Twitter,Image,88,116190,8824,1306,411,0.0907220931233324,Long,10541
Instagram,Video,86,199762,15066,805,855,0.0837296382695407,Long,16726
Facebook,Text,82,17060,1608,247,125,0.1160609613130129,Long,1980
Facebook,Text,86,184713,5790,308,639,0.0364727983412104,Long,6737
Twitter,Video,6,146679,5033,391,154,0.0380286203205639,Short,5578
Facebook,Text,69,234710,4336,611,151,0.0217204209449959,Medium,5098
Instagram,Video,24,68560,4342,273,528,0.075014585764294,Short,5143
Twitter,Text,38,197285,8989,1785,484,0.0570646526598575,Short,11258
Instagram,Video,45,94610,5171,866,751,0.0717471726033188,Medium,6788
Instagram,Video,45,197848,5002,779,725,0.0328838300109174,Medium,6506
Twitter,Image,116,181936,12447,1122,1358,0.0820453346231641,Long,14927
Instagram,Image,79,221381,14547,833,1646,0.0769081357478735,Medium,17026
Facebook,Video,95,35970,1216,239,127,0.0439810953572421,Long,1582
Instagram,Text,27,164282,8524,615,366,0.0578578298291961,Short,9505
Twitter,Text,42,46088,4170,728,354,0.1139559104322166,Medium,5252
Twitter,Text,48,193107,15374,1224,1892,0.0957500245977618,Medium,18490
Twitter,Video,71,13683,416,44,50,0.0372725279543959,Medium,510
Instagram,Video,66,198320,17669,2721,2417,0.1150010084711577,Medium,22807
Twitter,Video,16,168624,2707,519,371,0.0213314830629091,Short,3597
Twitter,Video,34,113789,5376,284,290,0.0522897643884734,Short,5950
Instagram,Image,99,235179,4047,360,460,0.0206948749675778,Long,4867
Facebook,Video,91,48321,4502,741,471,0.1182508640135758,Long,5714
Instagram,Text,69,125454,1714,130,231,0.0165399269851897,Medium,2075
Twitter,Image,45,176933,4177,278,183,0.0262133123837836,Medium,4638
Twitter,Text,24,172236,15906,905,1847,0.1083281079449128,Short,18658
Instagram,Video,10,87095,5434,681,407,0.0748837476318962,Short,6522
Facebook,Image,79,242012,19740,3260,1407,0.1008503710559807,Medium,24407
Twitter,Video,103,115610,1326,257,32,0.0139693798114349,Long,1615
Twitter,Image,8,178035,8495,765,1231,0.0589266155531215,Short,10491
Twitter,Text,97,5532,545,37,58,0.1156905278380332,Long,640
Instagram,Video,14,119527,7432,820,719,0.0750541718607511,Short,8971
Twitter,Video,55,153805,13299,775,700,0.0960566951659569,Medium,14774
Facebook,Image,97,86463,8362,833,883,0.1165585279252397,Long,10078
Twitter,Image,42,176186,12624,1848,1804,0.0923796442396104,Medium,16276
Twitter,Video,5,7456,294,22,12,0.0439914163090128,Short,328
Facebook,Image,108,6413,242,35,35,0.0486511772961172,Long,312
Twitter,Video,12,9085,149,29,11,0.0208035222894881,Short,189
Instagram,Image,106,164009,7954,1428,1170,0.0643379326744264,Long,10552
Instagram,Text,85,25563,2361,244,241,0.111332785666784,Long,2846
Instagram,Image,87,264605,14030,1588,871,0.0623155269174807,Long,16489
Facebook,Text,67,10386,955,107,65,0.1085114577315617,Medium,1127
Twitter,Image,37,102244,8541,1528,493,0.1033019052462736,Short,10562
Instagram,Image,19,64150,6323,1258,401,0.124427123928293,Short,7982
Facebook,Video,113,163644,15594,2711,1622,0.1217704284911148,Long,19927
Twitter,Image,35,128053,9422,1259,208,0.0850351026528078,Short,10889
Facebook,Image,25,233032,20602,1330,3003,0.1070024717635346,Short,24935
Instagram,Text,7,171343,13249,2559,1588,0.1015273457334119,Short,17396
Instagram,Image,70,185882,13626,2439,1939,0.0968571459312897,Medium,18004
Instagram,Video,39,81566,6068,1069,687,0.0959223205747492,Short,7824
Facebook,Text,45,147210,11025,1199,909,0.0892126893553427,Medium,13133
Facebook,Video,63,132549,5851,685,261,0.0512791495975073,Medium,6797
Instagram,Video,20,183441,8827,599,769,0.0555764523743328,Short,10195
Facebook,Video,60,149718,5459,1040,614,0.0475093175169318,Medium,7113
Instagram,Video,49,33812,789,151,103,0.0308470365550692,Medium,1043
Instagram,Text,119,93958,4816,424,299,0.0589518721130718,Long,5539
Twitter,Image,63,78181,7114,1098,614,0.1128918791010603,Medium,8826
Facebook,Video,54,17628,1209,97,121,0.0809507601542999,Medium,1427
Instagram,Text,89,29486,443,48,42,0.0180763752289222,Long,533
Instagram,Video,16,266290,22104,2107,592,0.0931428142250929,Short,24803
Facebook,Image,96,42266,3980,431,329,0.1121468792883168,Long,4740
Twitter,Text,16,90268,7641,736,956,0.1033921212389772,Short,9333
Twitter,Text,37,48557,3665,373,455,0.0925304281565994,Short,4493
Instagram,Image,88,221033,5196,876,446,0.0294888093633077,Long,6518
Facebook,Text,108,211803,8770,833,1261,0.0512929467476853,Long,10864
Twitter,Image,53,18494,1125,193,143,0.0789985941386395,Medium,1461
Facebook,Text,25,155643,2633,355,305,0.0211573922373637,Short,3293
Facebook,Text,64,37486,733,122,63,0.0244891426132422,Medium,918
Instagram,Image,56,224508,21122,3967,2044,0.1208553815454237,Medium,27133
Twitter,Image,58,63635,4660,329,228,0.0819831853539718,Medium,5217
Instagram,Text,43,136197,4733,480,422,0.0413738922296379,Medium,5635
Twitter,Text,109,50814,2005,116,177,0.0452237572322588,Long,2298
Twitter,Image,53,125141,5581,619,258,0.0516057886703798,Medium,6458
Twitter,Image,110,152390,2553,218,366,0.0205853402454229,Long,3137
Twitter,Text,68,64363,4925,668,255,0.090859655392073,Medium,5848
Twitter,Text,104,45162,1170,195,39,0.0310880829015544,Long,1404
Facebook,Text,90,130083,10726,1318,865,0.099236641221374,Long,12909
Instagram,Image,30,12590,1084,108,118,0.1040508339952343,Short,1310
Facebook,Text,75,37850,2553,186,115,0.0754029062087186,Medium,2854
Twitter,Video,11,145206,11512,621,503,0.0870211974711788,Short,12636
Instagram,Image,76,292374,7445,1129,401,0.0306969839999452,Medium,8975
Twitter,Text,66,17058,1054,57,62,0.0687653886739359,Medium,1173
Instagram,Image,94,84837,6015,1131,312,0.0879097563563068,Long,7458
Facebook,Video,92,106397,7398,1029,600,0.0848426177429814,Long,9027
Instagram,Image,28,294183,6047,622,135,0.0231284608559977,Short,6804
Instagram,Text,44,257903,10572,595,331,0.0445826531680515,Medium,11498
Instagram,Video,116,201892,7924,887,909,0.0481445525330374,Long,9720
Instagram,Video,80,48525,2985,537,219,0.0770942812982998,Long,3741
Instagram,Text,51,131681,10385,2029,694,0.0995435939885025,Medium,13108
Twitter,Text,12,86194,5288,331,112,0.0664895468362067,Short,5731
Instagram,Text,58,164515,12821,2135,753,0.0954867337324864,Medium,15709
Instagram,Image,13,271116,5126,454,649,0.0229754053615426,Short,6229
Facebook,Image,7,67936,6048,646,388,0.104245171926519,Short,7082
Instagram,Image,58,114877,6696,884,972,0.0744448410038563,Medium,8552
Facebook,Text,25,32519,434,86,30,0.0169131892124604,Short,550
Twitter,Text,99,104417,7088,576,569,0.0788473141346715,Long,8233
Instagram,Image,52,60881,3443,239,427,0.0674923210853961,Medium,4109
Facebook,Video,51,27732,827,115,122,0.0383672291937112,Medium,1064
Facebook,Image,92,151745,11957,2127,816,0.0981910441859698,Long,14900
Twitter,Video,72,77909,7325,1078,260,0.111193828697583,Medium,8663
Instagram,Text,88,253271,9888,1009,870,0.0464601158442932,Long,11767
Instagram,Text,67,10720,583,114,56,0.0702425373134328,Medium,753
Facebook,Image,20,62115,1337,266,193,0.0289141109232874,Short,1796
Instagram,Image,78,56940,5334,883,393,0.1160871092377941,Medium,6610
Facebook,Text,111,139225,5386,917,171,0.0465002693481774,Long,6474
Instagram,Image,94,76762,2113,346,221,0.034913108048253,Long,2680
Facebook,Text,97,202584,10748,952,244,0.0589582592899735,Long,11944
Instagram,Text,9,174091,2419,175,182,0.0159456835792775,Short,2776
Twitter,Video,15,86833,2844,378,208,0.0395011113286423,Short,3430
Instagram,Image,33,285350,4591,886,243,0.0200455580865603,Short,5720
Instagram,Text,113,277880,5964,1083,866,0.0284763207139772,Long,7913
Twitter,Image,83,108937,2188,144,158,0.022857247767058,Long,2490
Instagram,Video,74,143043,12661,741,1725,0.1057514174059548,Medium,15127
Twitter,Video,52,58577,5490,994,477,0.1188350376427608,Medium,6961
Instagram,Image,19,262989,13861,1967,1755,0.0668583096631418,Short,17583
Facebook,Image,111,159796,10664,1019,839,0.0783624120753961,Long,12522
Facebook,Text,88,134003,9732,1306,1449,0.0931844809444564,Long,12487
Instagram,Video,38,258686,11697,973,1207,0.0536441863881307,Short,13877
Instagram,Video,64,60155,2605,500,104,0.0533455240628376,Medium,3209
Instagram,Video,66,133491,9451,1645,196,0.084589972357687,Medium,11292
Facebook,Image,6,145180,6374,1238,897,0.0586100013776002,Short,8509
Instagram,Text,112,82613,5146,401,562,0.0739471995932843,Long,6109
Facebook,Image,84,203783,11486,2027,388,0.068214718597724,Long,13901
Twitter,Image,23,58938,3371,451,393,0.0715158301944416,Short,4215
Facebook,Image,102,104163,8816,870,436,0.0971746205466432,Long,10122
Facebook,Text,53,71498,5245,639,656,0.0914710901004223,Medium,6540
Twitter,Image,82,19751,1905,365,189,0.1245000253151739,Long,2459
Facebook,Video,92,114161,9268,1424,334,0.0965828960853531,Long,11026
Instagram,Video,32,206818,4781,497,139,0.0261921109381195,Short,5417
Instagram,Video,52,299534,22903,4580,1845,0.0979120901133093,Medium,29328
Facebook,Text,100,104213,7285,742,1032,0.0869277345436749,Long,9059
Instagram,Image,41,113712,7748,1333,723,0.0862178134233854,Medium,9804
Facebook,Text,78,235781,12559,2105,1490,0.0685127300333784,Medium,16154
Instagram,Image,53,65403,1021,161,82,0.0193263305964558,Medium,1264
Instagram,Video,113,294003,28116,4229,1966,0.1167028907868287,Long,34311
Facebook,Image,52,154950,13430,890,1704,0.1034140045175863,Medium,16024
Instagram,Image,77,104124,5603,1116,449,0.0688409972724828,Medium,7168
Facebook,Image,92,128940,3129,232,120,0.0269970528928183,Long,3481
Instagram,Text,104,294244,24776,3454,1379,0.100627370481641,Long,29609
Instagram,Image,33,198356,9671,844,899,0.0575430034886769,Short,11414
Twitter,Image,64,193048,8708,655,629,0.051759147983921,Medium,9992
Twitter,Image,33,173095,12096,1619,818,0.0839596753227996,Short,14533
Facebook,Text,62,120350,9421,1652,1007,0.1003739094308267,Medium,12080
Twitter,Text,52,180781,2830,301,290,0.018923448813758,Medium,3421
Facebook,Text,27,124792,9868,607,600,0.0887476761330854,Short,11075
Twitter,Image,31,56524,4298,617,286,0.0920140117472224,Short,5201
Instagram,Video,99,107757,6791,1120,799,0.0808300156834358,Long,8710
Facebook,Video,111,88049,3562,336,497,0.0499153880225783,Long,4395
Facebook,Video,11,47974,1191,182,74,0.0301621711760536,Short,1447
Instagram,Image,53,182550,3512,215,203,0.0215283483976992,Medium,3930
Facebook,Video,58,56768,573,59,31,0.011679114994363,Medium,663
Facebook,Video,113,214468,6129,742,235,0.0331331480687095,Long,7106
Twitter,Video,72,50544,2376,397,164,0.0581077872744539,Medium,2937
Facebook,Image,82,152122,4856,489,422,0.0379103614204388,Long,5767
Instagram,Video,110,155856,5892,695,529,0.0456575300277178,Long,7116
Twitter,Video,46,13774,621,89,68,0.0564832292725424,Medium,778
Twitter,Image,78,168040,6342,910,170,0.0441680552249464,Medium,7422
Instagram,Text,63,82678,6218,793,578,0.0917898352645201,Medium,7589
Instagram,Video,48,30158,1636,162,86,0.0624709861396644,Medium,1884
Twitter,Text,102,73587,863,129,44,0.0140785736611086,Long,1036
Facebook,Video,30,231184,7028,1233,862,0.0394620734998961,Short,9123
Twitter,Image,27,137187,10133,740,404,0.0822016663386472,Short,11277
Instagram,Text,77,64317,2385,241,149,0.0431456691077009,Medium,2775
Twitter,Text,105,8371,776,116,79,0.1159956994385378,Long,971
Instagram,Text,12,179447,13304,2173,1377,0.0939218822270642,Short,16854
Twitter,Text,57,115538,4170,697,109,0.0430680814969966,Medium,4976
Facebook,Video,18,246306,13910,2058,409,0.0664904630825071,Short,16377
Twitter,Video,75,104126,7294,887,767,0.0859343487697597,Medium,8948
Twitter,Text,11,10338,283,41,40,0.0352099052041013,Short,364
Instagram,Video,13,158079,5083,357,761,0.0392272218321219,Short,6201
Instagram,Text,7,269621,15002,1217,2225,0.0684071344591111,Short,18444
Instagram,Text,82,214743,20022,3786,1315,0.1169910078559021,Long,25123
Twitter,Image,21,44423,1819,342,93,0.0507394817999684,Short,2254
Facebook,Text,118,78973,3647,578,119,0.0550061413394451,Long,4344
Instagram,Video,48,296380,8048,797,501,0.0315338416897226,Medium,9346
Instagram,Text,90,136440,8648,1274,484,0.0762679566109645,Long,10406
Twitter,Image,50,27839,2132,326,202,0.0955494091023384,Medium,2660
Instagram,Video,94,122537,6084,774,413,0.0593371797905938,Long,7271
Facebook,Image,62,114902,8907,1445,446,0.0939757358444587,Medium,10798
Facebook,Image,32,104051,3874,210,385,0.0429500917819146,Short,4469
Instagram,Text,113,12139,893,78,55,0.0845209654831534,Long,1026
Instagram,Image,18,163213,5426,917,357,0.0410506516025071,Short,6700
Twitter,Image,13,110314,8853,1689,865,0.1034048262233261,Short,11407
Facebook,Video,119,67262,5700,1034,201,0.1031042787904017,Long,6935
Facebook,Image,30,140776,11514,1813,1389,0.1045348638972552,Short,14716
Instagram,Text,6,137959,4054,303,589,0.0358512311628817,Short,4946
Twitter,Text,79,13975,1012,106,84,0.0860107334525939,Medium,1202
Facebook,Text,85,248819,14548,836,1349,0.0672496875238627,Long,16733
Facebook,Image,38,134616,13292,1940,930,0.1200600225827539,Short,16162
Twitter,Video,23,86984,3700,434,534,0.0536650418467764,Short,4668
Twitter,Text,43,90366,7176,975,267,0.0931545050129473,Medium,8418
Facebook,Image,86,180395,7812,1538,982,0.0572743146983009,Long,10332
Facebook,Text,17,123491,5645,622,590,0.0555263136584852,Short,6857
Twitter,Text,9,52382,1047,100,128,0.0243404222824634,Short,1275
Facebook,Video,54,26926,850,61,122,0.0383644061501894,Medium,1033
Instagram,Text,27,101538,2518,180,212,0.028659221178278,Short,2910
Instagram,Video,92,118117,2873,367,165,0.0288273491538051,Long,3405
Twitter,Image,33,15333,165,26,20,0.0137611687210591,Short,211
Twitter,Text,116,18942,1542,207,200,0.1028930419174321,Long,1949
Twitter,Image,115,155519,8104,1466,885,0.0672265125161555,Long,10455
Instagram,Image,76,79397,6540,636,852,0.1011121327002279,Medium,8028
Facebook,Image,30,158905,10349,1441,1189,0.0816777319782259,Short,12979
Instagram,Text,83,219062,18580,2771,2684,0.1097177967881239,Long,24035
Facebook,Video,61,200658,11104,1022,1045,0.0656390475336144,Medium,13171
Instagram,Text,5,288674,5329,583,370,0.0217615718769269,Short,6282
Facebook,Image,32,50060,3279,454,355,0.081662005593288,Short,4088
Instagram,Video,117,86292,6126,325,177,0.0768089741806888,Long,6628
Twitter,Image,66,43104,2861,523,242,0.0841221232368225,Medium,3626
Instagram,Video,51,7634,626,41,75,0.0971967513754257,Medium,742
Facebook,Text,114,199282,15112,863,634,0.0833442056984574,Long,16609
Instagram,Video,82,228753,11194,920,806,0.0564801335938763,Long,12920
Instagram,Text,110,274432,22975,2879,1505,0.0996931844682835,Long,27359
Instagram,Image,102,210600,15218,1511,967,0.0840265906932573,Long,17696
Twitter,Video,63,36253,755,87,78,0.0253772101619176,Medium,920
Instagram,Image,35,32005,1875,117,158,0.0671770035931885,Short,2150
Twitter,Video,74,51824,3916,332,484,0.0913090460018524,Medium,4732
Twitter,Text,53,79702,4765,308,131,0.0652932172341973,Medium,5204
Instagram,Video,9,229673,21913,1850,1731,0.1110012931428596,Short,25494
Instagram,Video,35,22798,436,67,9,0.0224581103605579,Short,512
Instagram,Text,41,165373,12404,1690,604,0.0888778700271507,Medium,14698
Facebook,Text,83,58267,4906,491,592,0.1027854531724647,Long,5989
Instagram,Text,19,8846,647,57,21,0.081957947094732,Short,725
Twitter,Video,56,65571,2931,585,98,0.0551158286437602,Medium,3614
Instagram,Image,111,281625,12586,2078,908,0.0552933865956502,Long,15572
Facebook,Video,73,127908,8031,1391,971,0.0812537136066547,Medium,10393
Instagram,Video,96,47154,2156,116,221,0.0528693217966662,Long,2493
Facebook,Image,101,185248,16577,977,2016,0.1056421661772326,Long,19570
Facebook,Text,15,132447,2634,413,69,0.0235263916887509,Short,3116
Instagram,Video,47,249372,16838,1326,1570,0.0791347865838987,Medium,19734
Twitter,Image,74,10048,221,25,17,0.0261743630573248,Medium,263
Facebook,Text,27,30386,1781,138,243,0.0711511880471269,Short,2162
Instagram,Text,44,169408,12604,964,1460,0.0887089157536834,Medium,15028
Instagram,Video,67,109794,2733,181,205,0.0284077454141392,Medium,3119
Twitter,Text,6,156925,11512,1601,1059,0.090310657957623,Short,14172
Facebook,Text,83,37713,852,137,64,0.0279214064115822,Long,1053
Facebook,Image,91,191762,12627,739,976,0.074790625879997,Long,14342
Instagram,Image,90,152863,8483,774,868,0.0662357797504955,Long,10125
Instagram,Text,77,82481,3037,451,146,0.0440586316848728,Medium,3634
Twitter,Image,51,174645,3499,380,221,0.0234761945661198,Medium,4100
Twitter,Text,108,41899,3193,497,179,0.0923411059929831,Long,3869
Facebook,Video,34,93217,4135,677,513,0.0571247733782464,Short,5325
Facebook,Image,20,234594,4172,228,594,0.021287841973793,Short,4994
Instagram,Text,63,282119,22442,2404,1657,0.0939426270474516,Medium,26503
Facebook,Text,114,247985,7677,1223,230,0.0368167429481621,Long,9130
Twitter,Image,51,75247,5739,612,184,0.0868473161720733,Medium,6535
Twitter,Image,34,112295,6832,347,491,0.0683022396366712,Short,7670
Instagram,Video,113,279249,7681,771,548,0.0322293007316051,Long,9000
Twitter,Text,13,51645,871,157,33,0.0205440991383483,Short,1061
Twitter,Video,69,132291,8386,1616,1047,0.08352042089031,Medium,11049
Twitter,Video,63,32146,394,52,33,0.014900765258508,Medium,479
Twitter,Video,106,136940,2176,208,74,0.0179494669198189,Long,2458
Instagram,Image,68,27612,2021,242,66,0.0843473851948428,Medium,2329
Instagram,Video,12,39120,2288,195,178,0.068021472392638,Short,2661
Facebook,Image,56,175076,6892,518,242,0.0437067330759213,Medium,7652
Twitter,Image,22,23294,1363,169,126,0.0711771271572078,Short,1658
Facebook,Video,95,87300,5521,886,386,0.0778121420389461,Long,6793
Instagram,Video,86,206168,12550,1046,1751,0.0744392922276978,Long,15347
Instagram,Text,100,140496,9529,1776,709,0.0855113312834529,Long,12014
Instagram,Video,62,45615,4316,324,431,0.1111695714129124,Medium,5071
Instagram,Text,53,31863,1433,191,179,0.0565860088503907,Medium,1803
Instagram,Video,36,248571,9222,1535,547,0.0454759404757594,Short,11304
Instagram,Video,52,34469,463,37,40,0.0156662508340828,Medium,540
Instagram,Video,49,108101,2511,237,89,0.0262439755413918,Medium,2837
Twitter,Video,58,156256,3056,176,233,0.0221751484742985,Medium,3465
Facebook,Text,104,92446,3715,711,255,0.0506349652770265,Long,4681
Instagram,Text,104,117613,7632,939,577,0.0777805174598046,Long,9148
Twitter,Video,89,119456,1692,100,57,0.01547850254487,Long,1849
Twitter,Video,50,168247,12700,2216,911,0.0940700279945556,Medium,15827
Facebook,Text,100,188721,8637,1169,1149,0.0580486538329067,Long,10955
Instagram,Image,35,68872,6660,388,944,0.1160413520734115,Short,7992
Facebook,Image,41,203399,12438,1463,639,0.0714851105462662,Medium,14540
Instagram,Image,20,37208,2955,340,174,0.0932326381423349,Short,3469
Twitter,Text,50,185517,16233,1167,344,0.0956462211010311,Medium,17744
Twitter,Text,50,53998,4859,549,170,0.1033001222267491,Medium,5578
Twitter,Image,82,58994,3342,308,216,0.06553208800895,Long,3866
Twitter,Image,92,185535,8480,1314,924,0.057768076104239,Long,10718
Facebook,Video,93,62895,3801,193,220,0.0670005564830272,Long,4214
Instagram,Text,65,37894,1750,115,52,0.0505884836649601,Medium,1917
Instagram,Text,50,26990,854,160,98,0.0412004446091144,Medium,1112
Facebook,Image,55,176652,6916,795,557,0.0468038856055974,Medium,8268
Instagram,Image,66,78230,2421,185,211,0.0360092036303208,Medium,2817
Twitter,Text,39,38087,1304,220,81,0.042140362853467,Short,1605
Instagram,Video,85,275817,5081,903,506,0.0235300942291446,Long,6490
Twitter,Image,114,171271,8286,676,1125,0.0588949676244081,Long,10087
Facebook,Text,46,35187,1096,172,100,0.0388779947139568,Medium,1368
Instagram,Text,49,290697,14637,2082,1410,0.0623639046842588,Medium,18129
Facebook,Video,72,186359,15150,2450,1038,0.100011268573023,Medium,18638
Instagram,Video,79,109794,5527,929,169,0.0603402736032934,Medium,6625
Twitter,Image,51,84158,8072,1203,611,0.1174695216141068,Medium,9886
Facebook,Image,83,4420,103,19,14,0.0307692307692307,Long,136
Instagram,Image,34,183512,15878,2852,1721,0.1114423035005885,Short,20451
Twitter,Text,28,198948,6434,542,538,0.037768663168265,Short,7514
Facebook,Image,70,47310,4449,832,448,0.1210949059395476,Medium,5729
Facebook,Text,47,239896,7303,759,676,0.0364241171174175,Medium,8738
Instagram,Image,38,48953,3780,600,523,0.1001572937307213,Short,4903
Instagram,Video,27,272131,4242,751,208,0.019112118795727,Short,5201
Instagram,Video,65,227670,15181,1752,2057,0.0834101989721966,Medium,18990
Twitter,Text,99,178589,5300,305,580,0.0346325921529321,Long,6185
Instagram,Video,41,37456,2633,506,96,0.0863680051260145,Medium,3235
Facebook,Text,17,121763,8185,498,559,0.0759015464467859,Short,9242
Facebook,Text,101,172252,16042,1639,1230,0.1097868239555999,Long,18911
Instagram,Video,75,226916,15067,2101,463,0.0776983553385393,Medium,17631
Instagram,Text,100,90398,4225,285,388,0.0541826146596163,Long,4898
Facebook,Video,11,191577,5253,923,282,0.0337096833127149,Short,6458
Twitter,Image,46,119183,8243,663,655,0.0802211724826527,Medium,9561
Instagram,Image,42,265360,5432,1074,418,0.0260928549894482,Medium,6924
Instagram,Video,56,34681,2932,549,257,0.1077823592168622,Medium,3738
Facebook,Video,48,11323,365,51,47,0.0408902234390179,Medium,463
Instagram,Video,68,183295,10479,1561,1273,0.0726315502332305,Medium,13313
Twitter,Video,17,98123,6244,811,833,0.0803888996463622,Short,7888
Facebook,Image,92,94354,4021,436,379,0.0512537889225682,Long,4836
Instagram,Text,32,161319,11251,1156,1125,0.0838834855162752,Short,13532
Facebook,Text,100,101808,3310,608,251,0.0409496306773534,Long,4169
Instagram,Image,111,220148,2887,394,326,0.0163844322910042,Long,3607
Instagram,Text,86,227445,21910,3801,1021,0.1175317109630899,Long,26732
Instagram,Image,102,275628,10695,1359,874,0.0469037978724948,Long,12928
Twitter,Text,116,163754,12152,1167,1371,0.0897077323302026,Long,14690
Twitter,Video,102,72459,4034,257,488,0.0659545398087194,Long,4779
Facebook,Video,119,130162,9138,900,477,0.0807839461594013,Long,10515
Instagram,Video,106,158010,3157,574,137,0.024479463325106,Long,3868
Instagram,Image,5,59890,3395,532,195,0.0688261813324428,Short,4122
Twitter,Image,47,15319,693,116,96,0.0590769632482538,Medium,905
Instagram,Text,118,131193,6647,1103,244,0.0609331290541416,Long,7994
Twitter,Text,46,61432,5956,404,857,0.1174794895168641,Medium,7217
Instagram,Text,99,72696,1618,119,241,0.027209199955981,Long,1978
Facebook,Image,54,150308,11712,1142,1427,0.0950115762301407,Medium,14281
Instagram,Text,64,127359,5060,481,601,0.0482258811705493,Medium,6142
Instagram,Video,5,198365,7167,429,1031,0.0434905351246439,Short,8627
Twitter,Text,55,139293,4787,349,276,0.0388533522861881,Medium,5412
Instagram,Video,20,30294,1253,223,46,0.0502409718095992,Short,1522
Instagram,Image,43,146110,6157,851,781,0.0533091506399288,Medium,7789
Twitter,Video,19,186721,6417,650,270,0.0392939198054851,Short,7337
Facebook,Video,37,157432,11031,1422,285,0.0809111235326998,Short,12738
Facebook,Video,91,11255,160,14,7,0.0160817414482452,Long,181
Twitter,Image,57,111429,4446,611,342,0.048452377747265,Medium,5399
Twitter,Image,109,89464,3150,192,265,0.0403178932307967,Long,3607
Twitter,Image,102,181241,14069,2608,395,0.0941950220976489,Long,17072
Twitter,Image,21,133444,3093,266,240,0.026970114804712,Short,3599
Twitter,Text,93,186251,17630,3047,1737,0.120342978024279,Long,22414
Facebook,Image,110,191721,4859,723,685,0.0326881249315411,Long,6267
Facebook,Video,10,115848,5016,644,248,0.0509978592638629,Short,5908
Twitter,Image,35,151970,4251,805,201,0.0345923537540304,Short,5257
Instagram,Text,73,186155,6664,489,470,0.0409497461792592,Medium,7623
Twitter,Text,108,25855,2029,137,300,0.0953780700058015,Long,2466
Instagram,Text,44,39758,2102,206,133,0.0613964485135067,Medium,2441
Twitter,Video,34,142679,3514,613,90,0.0295558561526223,Short,4217
Twitter,Image,73,107094,1520,84,82,0.0157431788895736,Medium,1686
Facebook,Image,80,77089,2366,203,219,0.036165989959657,Long,2788
Instagram,Image,11,272527,25918,2947,1908,0.1129172522355583,Short,30773
Instagram,Video,113,249951,21515,3376,2595,0.1099655532484367,Long,27486
Facebook,Video,17,63112,3131,297,309,0.0592121941944479,Short,3737
Facebook,Text,117,134787,7194,843,667,0.0645759605896711,Long,8704
Facebook,Text,8,143909,13087,1315,811,0.1057126378475286,Short,15213
Facebook,Image,54,191958,12135,774,1113,0.0730472290813615,Medium,14022
Instagram,Video,110,84486,7541,1212,754,0.1125275193523187,Long,9507
Instagram,Video,7,78528,4261,507,184,0.0630603096984515,Short,4952
Twitter,Image,16,159889,4478,769,517,0.0360500096942253,Short,5764
Twitter,Image,69,182875,13776,2124,979,0.0922980177717019,Medium,16879
Facebook,Text,31,102354,5872,344,684,0.0674130957265959,Short,6900
Facebook,Text,111,212965,14941,1867,643,0.0819430422839433,Long,17451
Facebook,Text,54,73278,1769,351,186,0.0314691994868855,Medium,2306
Twitter,Image,81,193417,13207,1270,310,0.0764513977571774,Long,14787
Twitter,Image,21,15369,682,84,27,0.0515973713319018,Short,793
Twitter,Text,76,62428,2489,367,338,0.0511629397065419,Medium,3194
Twitter,Text,36,138116,9727,781,778,0.0817139216310927,Short,11286
Twitter,Video,88,67123,4248,660,365,0.0785572754495478,Long,5273
Twitter,Video,55,92914,6357,946,877,0.0880384011020944,Medium,8180
Twitter,Text,21,140333,13595,1444,1128,0.1152045491794517,Short,16167
Facebook,Text,38,243222,17781,1647,1868,0.0875578689427765,Short,21296
Facebook,Video,39,21064,1425,267,69,0.0836023547284466,Short,1761
Facebook,Text,103,209407,13657,943,417,0.0717120249084319,Long,15017
Facebook,Video,106,203130,9320,1069,614,0.0541672820361344,Long,11003
Twitter,Video,110,15690,1341,221,166,0.1101338432122371,Long,1728
Instagram,Video,28,19559,866,62,67,0.0508717214581522,Short,995
Twitter,Image,58,146764,10716,2035,448,0.0899334986781499,Medium,13199
Instagram,Image,22,284116,10336,1332,939,0.0443727210012811,Short,12607
Facebook,Text,54,44530,1037,130,56,0.0274646305861217,Medium,1223
Twitter,Video,50,125297,2716,308,388,0.0272312984349186,Medium,3412
Facebook,Image,52,201250,13505,2432,1283,0.0855652173913043,Medium,17220
Twitter,Text,107,3365,132,25,19,0.0523031203566121,Long,176
Facebook,Text,37,239932,8338,892,213,0.0393569844789357,Short,9443
Instagram,Text,117,99356,6287,825,135,0.0729397318732638,Long,7247
Instagram,Text,91,63896,786,76,64,0.0144922999874796,Long,926
Instagram,Text,93,287244,9237,971,1219,0.0397815097965492,Long,11427
Twitter,Video,105,122763,4990,270,439,0.0464227821086157,Long,5699
Instagram,Text,31,225595,16638,2793,2227,0.0960039007956736,Short,21658
Twitter,Video,5,63645,3758,734,138,0.0727472700133553,Short,4630
Instagram,Image,89,74551,6488,1073,719,0.1110649085860686,Long,8280
Instagram,Text,63,204570,8204,1047,867,0.0494598425966661,Medium,10118
Twitter,Image,117,6840,250,43,22,0.0460526315789473,Long,315
Twitter,Video,14,183136,2378,424,172,0.0162392975712039,Short,2974
Instagram,Video,99,91069,8711,1147,906,0.1181960930722858,Long,10764
Twitter,Image,112,87990,4851,924,443,0.0706671212637799,Long,6218
Instagram,Text,29,53105,2932,159,162,0.0612560022596742,Short,3253
Twitter,Text,88,7699,716,36,24,0.1007923106896999,Long,776
Facebook,Image,61,139994,5052,314,354,0.0408588939525979,Medium,5720
Facebook,Image,70,158991,6342,372,549,0.0456818310470404,Medium,7263
Facebook,Image,116,192608,13303,1512,1145,0.0828626017610898,Long,15960
Facebook,Text,19,160580,12953,2474,975,0.1021422344002989,Short,16402
Facebook,Text,32,90200,6579,995,411,0.0885254988913525,Short,7985
Instagram,Text,17,149670,12120,1804,794,0.0983363399478853,Short,14718
Facebook,Image,118,201506,12444,1340,678,0.0717695750995007,Long,14462
Facebook,Text,18,222547,19507,2537,1860,0.1074110187960296,Short,23904
Facebook,Video,118,129473,7704,736,1005,0.0729495724977408,Long,9445
Facebook,Image,70,230896,7074,903,950,0.0386624281061603,Medium,8927
Twitter,Text,38,157846,9273,1502,1383,0.07702444154429,Short,12158
Instagram,Image,103,188456,13976,1870,440,0.0864180498365666,Long,16286
Facebook,Video,105,5822,400,45,19,0.0796976983854345,Long,464
Facebook,Video,29,171324,5460,964,627,0.0411559384557913,Short,7051
Facebook,Image,116,93585,1281,119,133,0.0163808302612598,Long,1533
Instagram,Image,58,92420,3024,369,113,0.0379355117939839,Medium,3506
Twitter,Video,83,15052,1483,291,151,0.1278899813978209,Long,1925
Instagram,Image,16,88574,2356,459,171,0.0337119244925147,Short,2986
Twitter,Video,13,132171,6845,348,988,0.0618970878634496,Short,8181
Facebook,Video,35,234224,15798,2051,2072,0.0850510622310267,Short,19921
Facebook,Text,82,122879,10954,1101,323,0.1007332416442191,Long,12378
Instagram,Image,97,283695,22248,2084,705,0.0882532297009111,Long,25037
Instagram,Image,57,74915,6877,958,510,0.1113929119668958,Medium,8345
Twitter,Text,116,9661,622,72,13,0.0731808301418072,Long,707
Twitter,Video,47,197619,17366,2777,560,0.1047621939186009,Medium,20703
Instagram,Image,42,100406,3388,183,478,0.0403262753221919,Medium,4049
Twitter,Text,46,193686,9442,1784,1161,0.0639540286856045,Medium,12387
Instagram,Text,76,258043,22176,2996,2382,0.1067806528369302,Medium,27554
Twitter,Image,52,87930,3455,527,442,0.0503127487774366,Medium,4424
Instagram,Text,71,149603,13226,1860,694,0.1054791681984986,Medium,15780
Instagram,Video,70,266697,11382,2257,1301,0.0560186278810785,Medium,14940
Instagram,Text,20,146257,6245,1236,624,0.0554161510218314,Short,8105
Twitter,Video,87,136564,5163,730,672,0.0480726985149819,Long,6565
Twitter,Video,98,191310,11330,1728,642,0.0716115205687104,Long,13700
Twitter,Image,109,60859,1315,187,156,0.0272433000870865,Long,1658
Instagram,Text,20,201896,2684,259,351,0.016315330665293,Short,3294
Twitter,Video,35,173656,15762,1243,1440,0.1062157368590777,Short,18445
Twitter,Video,62,3076,287,31,21,0.1102080624187256,Medium,339
Instagram,Text,32,118868,2003,305,287,0.021830938520039,Short,2595
Facebook,Video,8,168211,10003,584,419,0.0654297281390634,Short,11006
Instagram,Text,14,202682,11871,1509,293,0.0674603566177558,Short,13673
Twitter,Image,55,170774,7431,826,321,0.0502301287081171,Medium,8578
Instagram,Video,113,267041,16343,2110,1778,0.0757599020375148,Long,20231
Facebook,Video,22,161607,8279,1482,1014,0.0666740920875952,Short,10775
Instagram,Text,51,103343,5587,319,632,0.0632650493986046,Medium,6538
Twitter,Text,36,196809,15347,2525,1144,0.0966215975895411,Short,19016
Facebook,Text,34,66705,3824,573,557,0.0742672963046248,Short,4954
Twitter,Text,40,161270,6310,508,490,0.0453153097290258,Medium,7308
Facebook,Video,13,117870,7346,1176,1084,0.0814965640111987,Short,9606
Facebook,Image,40,98395,6658,828,927,0.0855023121093551,Medium,8413
Instagram,Image,33,195185,13586,1659,990,0.0831774982708712,Short,16235
Instagram,Image,20,193912,12729,1558,521,0.0763645364907793,Short,14808
Twitter,Image,96,125476,8760,1685,277,0.0854506040995887,Long,10722
Instagram,Text,25,66913,2536,486,225,0.0485256975475617,Short,3247
Instagram,Video,68,18348,920,172,109,0.0654567255286679,Medium,1201
Facebook,Video,115,49678,3486,637,149,0.0859938000724666,Long,4272
Instagram,Video,70,150024,11685,650,717,0.0869994134271849,Medium,13052
Facebook,Text,63,117369,5759,634,587,0.0594705586654056,Medium,6980
Facebook,Video,114,3318,142,26,11,0.0539481615430982,Long,179
Facebook,Text,103,80354,5980,976,589,0.0938970057495582,Long,7545
Twitter,Video,32,28011,840,99,90,0.0367355681696476,Short,1029
Twitter,Image,59,20787,225,37,15,0.013325636214942,Medium,277
Twitter,Text,104,114286,5989,486,731,0.063052342369144,Long,7206
Facebook,Video,35,112160,2871,401,319,0.0320167617689015,Short,3591
Twitter,Image,37,196500,8654,1124,946,0.0545750636132315,Short,10724
Twitter,Image,91,145588,5271,717,207,0.0425515839217517,Long,6195
Instagram,Image,64,170127,13602,2152,1110,0.0991259470865882,Medium,16864
Twitter,Text,45,104305,4154,799,394,0.0512631225732227,Medium,5347
Twitter,Text,85,10752,727,65,35,0.0769159226190476,Long,827
Facebook,Video,50,200983,14199,2324,1684,0.0905897513720065,Medium,18207
Facebook,Image,53,127345,6504,954,232,0.0603871373041737,Medium,7690
Facebook,Video,69,83506,1444,222,57,0.0206332479103297,Medium,1723
Facebook,Video,46,193922,14162,1619,1044,0.0867616876888646,Medium,16825
Facebook,Image,27,113382,1900,364,71,0.0205940978285794,Short,2335
Facebook,Video,116,101328,1918,233,41,0.0216327175114479,Long,2192
Twitter,Text,31,150610,4162,284,305,0.0315450501294734,Short,4751
Facebook,Video,93,15657,551,83,57,0.0441336143577952,Long,691
Facebook,Image,36,151915,13092,907,1104,0.0994174373827469,Short,15103
Instagram,Text,87,86119,6092,599,163,0.0795875474633936,Long,6854
Twitter,Text,92,23491,1053,88,52,0.0507854071772168,Long,1193
Twitter,Video,7,105010,10299,1347,908,0.1195505189981906,Short,12554
Twitter,Video,64,179503,5730,585,664,0.0388795730433474,Medium,6979
Facebook,Text,80,131801,8551,632,1053,0.0776625367030599,Long,10236
Facebook,Video,103,248220,21408,3609,1873,0.1083313189912174,Long,26890
Facebook,Image,83,197547,16234,1952,1688,0.1006039069183536,Long,19874
Instagram,Video,21,285684,5178,611,711,0.022752411755646,Short,6500
Facebook,Video,118,205587,14957,2736,425,0.0881281403979823,Long,18118
Instagram,Text,36,12943,429,56,14,0.0385536583481418,Short,499
Twitter,Video,11,122730,5156,806,410,0.0519188462478611,Short,6372
Facebook,Video,87,11911,643,63,63,0.0645621694232222,Long,769
Instagram,Video,75,235481,19113,2564,393,0.0937230604592302,Medium,22070
Instagram,Image,73,74305,1854,294,146,0.0308727541888163,Medium,2294
Facebook,Video,62,5479,108,10,4,0.0222668370140536,Medium,122
Twitter,Image,44,12112,288,44,29,0.0298051519154557,Medium,361
Twitter,Image,89,111575,3307,447,181,0.0352677571140488,Long,3935
Twitter,Image,116,195684,3004,345,412,0.019219762474193,Long,3761
Instagram,Image,52,237548,22180,3481,627,0.1106639500227322,Medium,26288
Instagram,Text,55,51809,2005,195,251,0.0473083827134281,Medium,2451
Instagram,Image,61,265462,6882,1081,488,0.0318350649057115,Medium,8451
Instagram,Video,115,37205,2507,332,329,0.0851498454508802,Long,3168
Twitter,Image,75,139629,11286,980,1421,0.0980240494453158,Medium,13687
Facebook,Video,41,170170,13237,1988,676,0.0934418522653816,Medium,15901
Instagram,Image,91,115947,8659,1582,230,0.0903085030229328,Long,10471
Instagram,Text,79,131201,1908,184,210,0.0175455979756251,Medium,2302
Twitter,Image,78,89691,7210,1239,335,0.0979362477840586,Medium,8784
Facebook,Image,89,119558,6595,662,929,0.0684688603021127,Long,8186
Facebook,Text,59,104925,7178,1243,206,0.0822206337860376,Medium,8627
Twitter,Image,45,98320,9446,544,586,0.107567127746135,Medium,10576
Twitter,Video,101,34401,2853,145,61,0.0889218336676259,Long,3059
Facebook,Image,24,145637,12274,822,751,0.0950788604544174,Short,13847
Instagram,Image,37,95236,2507,453,226,0.0334537359821916,Short,3186
Facebook,Image,44,240879,12737,1656,1339,0.0653107991979375,Medium,15732
Twitter,Text,103,66702,6365,885,728,0.1196066084974963,Long,7978
Instagram,Image,38,216945,13546,2388,1738,0.0814584341653414,Short,17672
Instagram,Image,66,147184,2830,162,97,0.0209873355799543,Medium,3089
Twitter,Video,104,81297,6167,666,734,0.0930784653800263,Long,7567
Twitter,Image,95,110327,1529,223,85,0.0166505025968257,Long,1837
Twitter,Image,23,141957,10903,1206,414,0.0882168543995717,Short,12523
Facebook,Image,47,135448,12079,662,658,0.0989235721457681,Medium,13399
Facebook,Image,73,140011,6758,997,888,0.0617308640035425,Medium,8643
Instagram,Video,67,178021,8407,913,853,0.0571449435740727,Medium,10173
Twitter,Video,97,135918,5080,268,496,0.0429965126031872,Long,5844
Instagram,Text,14,77353,6878,519,660,0.1041588561529611,Short,8057
Instagram,Image,108,12430,737,60,53,0.0683829444891391,Long,850
Instagram,Text,17,162400,10090,1277,748,0.0745997536945812,Short,12115
Instagram,Text,97,147223,10239,798,402,0.0776984574421116,Long,11439
Twitter,Image,9,192869,7140,743,451,0.0432106766769154,Short,8334
Instagram,Video,62,163691,8012,1302,693,0.061133477100146,Medium,10007
Twitter,Video,63,36484,2799,479,276,0.0974125644117969,Medium,3554
Twitter,Image,80,126506,12485,2113,365,0.1182789749102809,Long,14963
Facebook,Image,63,161736,2116,326,134,0.0159271899886234,Medium,2576
Twitter,Video,81,139852,1935,254,124,0.0165389125647112,Long,2313
Facebook,Image,90,202939,9848,1305,856,0.0591754172436052,Long,12009
Twitter,Image,108,30604,2122,409,238,0.0904783688406744,Long,2769
Twitter,Image,19,109385,4897,889,502,0.0574850299401197,Short,6288
Twitter,Video,81,19762,1975,291,186,0.1240765104746483,Long,2452
Facebook,Text,5,122272,3372,405,195,0.0324849515833551,Short,3972
Facebook,Text,42,157837,1690,269,218,0.0137927102010301,Medium,2177
Instagram,Image,111,199798,5416,321,661,0.0320223425659916,Long,6398
Facebook,Video,113,171115,15368,2945,674,0.1109604651842328,Long,18987
Facebook,Image,57,221530,5109,675,537,0.0285333814833205,Medium,6321
Facebook,Video,56,193123,10256,1286,1413,0.0670816008450573,Medium,12955
Facebook,Image,5,92230,4402,412,337,0.0558495066681123,Short,5151
Instagram,Video,15,146628,10251,517,1437,0.0832378536159533,Short,12205
Facebook,Video,62,82091,1224,72,27,0.016116261222302,Medium,1323
Twitter,Text,111,116919,8101,724,705,0.0815094210521814,Long,9530
Twitter,Image,44,132731,5565,730,296,0.0496568247056075,Medium,6591
Facebook,Text,90,13004,1213,75,65,0.1040449092586896,Long,1353
Facebook,Text,103,193028,16677,3265,2236,0.1148952483577512,Long,22178
Twitter,Video,64,105726,4858,542,293,0.0538467359022378,Medium,5693
Twitter,Image,119,153882,15289,1489,352,0.1113190626584006,Long,17130
Instagram,Video,48,212796,3122,402,281,0.0178809752063008,Medium,3805
Twitter,Video,10,2247,181,10,26,0.0965732087227414,Short,217
Twitter,Video,32,153834,7544,1339,228,0.0592261788681305,Short,9111
Facebook,Image,35,114902,5629,670,322,0.0576230178761031,Short,6621
Twitter,Image,12,47995,1214,93,98,0.0292738826961141,Short,1405
Instagram,Video,9,215419,12136,901,1552,0.0677238312312284,Short,14589
Twitter,Image,110,63969,1127,117,61,0.0204005064953336,Long,1305
Facebook,Video,58,32052,2099,285,135,0.0785910395607138,Medium,2519
Facebook,Image,116,52214,1657,186,115,0.0374995212012104,Long,1958
Twitter,Image,112,167391,12594,1757,873,0.090948736789911,Long,15224
Facebook,Text,21,205914,13314,2074,613,0.0777071981506842,Short,16001
Instagram,Video,42,204613,15791,2562,2195,0.10042372674268,Medium,20548
Instagram,Text,13,73858,5722,630,704,0.0955346746459422,Short,7056
Twitter,Text,78,42765,1184,186,173,0.0360809072839939,Medium,1543
Twitter,Video,88,157942,1589,113,108,0.0114599030023679,Long,1810
Twitter,Video,82,145538,6246,793,161,0.0494716156605147,Long,7200
Facebook,Image,18,48284,4476,272,156,0.1015657360616353,Short,4904
Instagram,Video,30,196883,12208,1057,811,0.0714942376944682,Short,14076
Instagram,Text,97,238543,18004,2475,2492,0.0962971036668441,Long,22971
Facebook,Text,117,56565,5043,812,744,0.1166622469725095,Long,6599
Instagram,Video,66,189698,17365,1116,2202,0.1090311969551603,Medium,20683
Twitter,Text,95,53929,3106,251,158,0.0651782899738545,Long,3515
Twitter,Image,29,10086,591,117,62,0.0763434463612928,Short,770
Twitter,Text,84,195654,16940,1704,1652,0.1037341429257771,Long,20296
Instagram,Image,40,159534,13189,1221,1675,0.1008249025286145,Medium,16085
Twitter,Text,102,180841,13182,827,1137,0.083753131203654,Long,15146
Facebook,Image,84,236994,15262,2353,936,0.0782762432804206,Long,18551
Facebook,Image,37,121409,7958,1004,179,0.0752909586603958,Short,9141
Instagram,Video,7,191950,8188,602,1010,0.0510549622297473,Short,9800
Facebook,Image,91,151028,12940,1875,1150,0.1057088751754641,Long,15965
Facebook,Video,15,85563,5612,723,501,0.0798943468555333,Short,6836
Instagram,Text,116,258831,7795,1050,1125,0.0385193427371528,Long,9970
Twitter,Text,62,107317,3389,675,281,0.0404875276051324,Medium,4345
Twitter,Text,68,177627,15550,844,949,0.0976371835362867,Medium,17343
Twitter,Image,22,47602,3156,590,202,0.0829376916936263,Short,3948
Instagram,Text,51,141677,6500,1145,139,0.0549418748279537,Medium,7784
Facebook,Text,109,79213,2126,238,76,0.0308030247560375,Long,2440
Twitter,Video,48,150010,9738,1773,250,0.0784014399040064,Medium,11761
Twitter,Video,97,114355,3040,447,156,0.0318569367321061,Long,3643
Instagram,Text,63,179606,9396,1723,266,0.0633887509325969,Medium,11385
Twitter,Text,54,110720,7858,1093,495,0.0853143063583815,Medium,9446
Instagram,Image,73,20009,1218,100,44,0.0680693687840471,Medium,1362
Facebook,Image,92,33246,3091,421,430,0.1185706551164049,Long,3942
Instagram,Text,33,33185,450,34,63,0.0164833509115564,Short,547
Instagram,Video,97,227127,7990,568,786,0.0411399789545056,Long,9344
Instagram,Text,94,51642,781,115,97,0.0192285349134425,Long,993
Instagram,Image,108,14185,390,74,42,0.0356714839619316,Long,506
Facebook,Video,71,67366,1425,197,178,0.0267197102395867,Medium,1800
Facebook,Video,6,153915,11688,1979,1205,0.0966247604197121,Short,14872
Twitter,Image,29,19505,843,63,64,0.0497308382466034,Short,970
Facebook,Text,23,31022,2892,428,386,0.1194636064728257,Short,3706
Facebook,Text,44,195681,2368,378,182,0.0149631287656951,Medium,2928
Twitter,Text,6,187333,12881,724,921,0.077541063240326,Short,14526
Facebook,Image,87,150511,14652,946,1482,0.1134800778680628,Long,17080
Instagram,Video,69,79385,2050,342,290,0.0337847200352711,Medium,2682
Instagram,Image,66,231236,11519,1336,892,0.0594500856268055,Medium,13747
Twitter,Text,95,72272,5288,586,501,0.0882084348018596,Long,6375
Twitter,Image,58,168449,11283,2121,947,0.0851949254670553,Medium,14351
Twitter,Video,49,5909,360,71,49,0.0812320189541377,Medium,480
Instagram,Image,53,150939,5948,979,642,0.0501460855047403,Medium,7569
Facebook,Text,103,198757,15013,2535,1119,0.0939187047500213,Long,18667
Instagram,Video,109,63527,4370,355,432,0.0811780817605112,Long,5157
Twitter,Image,73,148441,3659,288,147,0.0275799812720205,Medium,4094
Facebook,Image,42,243209,23534,4638,1516,0.1220678511074837,Medium,29688
Facebook,Video,8,26807,1608,248,186,0.0761741336218152,Short,2042
Instagram,Video,21,15856,908,138,84,0.0712663975782038,Short,1130
Twitter,Text,57,139867,12076,1122,734,0.0996089141827593,Medium,13932
Instagram,Video,89,230993,15623,2858,1048,0.0845436874710489,Long,19529
Facebook,Text,57,165135,2758,156,345,0.019735368032216,Medium,3259
Instagram,Image,116,197023,10953,998,989,0.0656776112433573,Long,12940
Instagram,Text,35,162400,13033,1003,665,0.0905233990147783,Short,14701
Twitter,Image,116,105303,7686,1204,450,0.0886964284018499,Long,9340
Twitter,Video,26,71098,6922,1088,559,0.1205237840726884,Short,8569
Facebook,Image,15,119382,1461,190,174,0.0152870617010939,Short,1825
Instagram,Video,38,199637,6689,339,1001,0.0402179956621267,Short,8029
Instagram,Image,117,288041,17116,3099,755,0.0728021358070552,Long,20970
Instagram,Image,19,140442,9234,1785,1090,0.0862206462454251,Short,12109
Facebook,Image,118,158117,5485,440,549,0.0409443639836323,Long,6474
Facebook,Image,14,90236,7617,1343,678,0.1068088124473602,Short,9638
Twitter,Text,106,103751,2572,504,374,0.0332526915403225,Long,3450
Twitter,Image,100,123918,1248,123,77,0.0116851466292225,Long,1448
Twitter,Text,57,185656,17770,1381,764,0.1072682811220752,Medium,19915
Instagram,Video,52,53671,2428,477,325,0.0601814760298857,Medium,3230
Instagram,Video,35,203849,19604,1155,567,0.10461665252221,Short,21326
Twitter,Text,41,163711,5732,523,723,0.0426238921025465,Medium,6978
Instagram,Video,112,65874,1034,166,99,0.0197194644320976,Long,1299
Twitter,Video,32,172838,13745,1960,567,0.0941459632719656,Short,16272
Facebook,Image,35,155350,13239,2021,656,0.1024525265529449,Short,15916
Twitter,Image,74,110459,5996,936,241,0.0649381218370617,Medium,7173
Facebook,Image,18,206052,3430,524,388,0.0210723506687632,Short,4342
Instagram,Text,91,204623,14092,1428,551,0.0785395581141904,Long,16071
Twitter,Text,20,172655,4556,440,494,0.0317975152761286,Short,5490
Instagram,Video,29,75400,6517,744,238,0.0994562334217506,Short,7499
Facebook,Image,43,12676,439,75,54,0.0448090880403912,Medium,568
Facebook,Text,70,7234,624,119,87,0.1147359690351119,Medium,830
Facebook,Text,42,155412,7525,890,697,0.0586312511260391,Medium,9112
Instagram,Image,45,117451,7479,470,1088,0.0769427250512979,Medium,9037
Instagram,Text,107,144598,11721,2235,829,0.102248993762016,Long,14785
Instagram,Image,102,6207,84,5,4,0.014983083615273,Long,93
Instagram,Video,119,87844,7370,544,317,0.0937001958016483,Long,8231
Facebook,Video,44,196492,4416,795,363,0.0283675671274148,Medium,5574
Facebook,Video,111,55097,2328,308,86,0.0494037787901337,Long,2722
Twitter,Image,68,122069,6414,660,858,0.0649796426611178,Medium,7932
Twitter,Text,93,197486,17889,3392,2182,0.1188084218628156,Long,23463
Instagram,Video,104,116248,1397,271,130,0.0154669327644346,Long,1798
Facebook,Video,20,172732,10420,1037,1185,0.0731885232614686,Short,12642
Facebook,Video,86,80313,5447,981,144,0.0818298407480731,Long,6572
Facebook,Text,81,107249,4128,626,191,0.0461076560154407,Long,4945
Twitter,Text,63,42459,1534,139,154,0.0430297463435314,Medium,1827
Twitter,Image,105,104331,5648,1079,463,0.0689152792554466,Long,7190
Facebook,Video,95,244832,6571,390,647,0.0310743693634819,Long,7608
Facebook,Text,102,196171,10226,998,322,0.058856813698253,Long,11546
Facebook,Image,15,105599,8326,911,872,0.0957300732014507,Short,10109
Twitter,Video,5,195920,16865,2590,2099,0.1100142915475704,Short,21554
Facebook,Text,17,231663,10347,576,941,0.0512123213460932,Short,11864
Facebook,Text,34,81405,5336,978,354,0.0819114305018119,Short,6668
Instagram,Image,73,94399,944,140,40,0.0119069057934935,Medium,1124
Instagram,Video,22,285926,17021,1553,927,0.0682029616054503,Short,19501
Twitter,Video,82,182251,17818,2650,1566,0.1208991994556957,Long,22034
Facebook,Text,17,113446,4322,564,230,0.0450963453978104,Short,5116
Facebook,Video,36,135970,8638,867,1046,0.0775979995587261,Short,10551
Instagram,Image,75,176140,13845,751,514,0.0857840354263654,Medium,15110
Twitter,Text,76,69963,4533,601,394,0.0790131926875634,Medium,5528
Instagram,Text,54,88956,4240,264,358,0.05465623454292,Medium,4862
Instagram,Image,75,194726,4621,792,175,0.0286967328451259,Medium,5588
Instagram,Text,117,41123,2127,134,317,0.0626899788439559,Long,2578
Instagram,Video,84,248429,9075,1037,1152,0.0453409223560856,Long,11264
Facebook,Video,111,55872,4058,467,285,0.0860896334478808,Long,4810
Facebook,Text,35,7902,393,52,42,0.0616299670969374,Short,487
Instagram,Image,55,162922,14090,787,1594,0.1010974576791348,Medium,16471
Twitter,Image,31,50554,1385,111,144,0.0324405586105946,Short,1640
Twitter,Video,64,176106,8381,669,638,0.0550123221241752,Medium,9688
Twitter,Image,37,197915,11909,1665,1608,0.0767096986079882,Short,15182
Twitter,Text,57,141352,3016,270,362,0.0258079121625445,Medium,3648
Instagram,Text,97,246372,15499,1110,1402,0.0731048982838959,Long,18011
Facebook,Video,76,180886,6544,345,133,0.0388200302953241,Medium,7022
Twitter,Video,37,59465,1823,320,89,0.0375346842680568,Short,2232
Instagram,Video,45,173801,3957,774,340,0.0291770473127312,Medium,5071
Twitter,Image,23,34800,1443,224,197,0.0535632183908046,Short,1864
Twitter,Text,89,99143,9280,1038,943,0.113583409822176,Long,11261
Instagram,Text,45,123529,1580,107,117,0.0146038582033368,Medium,1804
Facebook,Text,89,231749,20091,2436,526,0.0994739998878096,Long,23053
Facebook,Video,93,241092,11032,1308,1077,0.0556509548222255,Long,13417
Instagram,Text,46,83871,5077,573,333,0.0713357417939454,Medium,5983
Facebook,Image,27,74713,4195,447,376,0.0671636796809122,Short,5018
Instagram,Image,79,271070,25295,3149,3026,0.1160954734939314,Medium,31470
Instagram,Text,37,118682,9412,573,1171,0.093999090005224,Short,11156
Instagram,Video,24,48056,4739,264,627,0.1171549858498418,Short,5630
Facebook,Text,29,209762,17095,1018,1755,0.0947168695950648,Short,19868
Instagram,Image,94,73495,2692,215,370,0.0445880672154568,Long,3277
Twitter,Image,108,86147,8326,763,914,0.1161154770334428,Long,10003
Facebook,Image,56,168233,16574,1249,2020,0.117949510500318,Medium,19843
Facebook,Text,16,193323,4074,357,444,0.0252168650393383,Short,4875
Facebook,Image,36,152479,13889,1081,1851,0.1103168305143659,Short,16821
Facebook,Video,37,212633,14837,1077,726,0.0782569027385213,Short,16640
Twitter,Text,78,58714,5459,512,648,0.1127329086759546,Medium,6619
Facebook,Text,72,132613,12255,1343,431,0.1057890252086899,Medium,14029
Facebook,Image,19,140711,12695,2052,405,0.1076817022123359,Short,15152
Instagram,Image,55,269622,24178,4674,2028,0.114530713369087,Medium,30880
Facebook,Video,10,67546,1390,261,82,0.025656589583395,Short,1733
Twitter,Text,95,195948,4490,545,418,0.0278288117255598,Long,5453
Twitter,Image,73,121147,2495,297,269,0.0252668246015171,Medium,3061
Twitter,Video,73,90373,1644,113,81,0.0203379327896606,Medium,1838
Twitter,Image,86,175013,7314,1431,811,0.0546016581625364,Long,9556
Facebook,Text,96,32974,2359,386,352,0.093922484381634,Long,3097
Facebook,Image,39,47183,1978,350,234,0.0542992179386643,Short,2562
Twitter,Text,90,141490,10587,901,450,0.084373453954343,Long,11938
Twitter,Image,38,102361,8580,945,878,0.1016305038051601,Short,10403
Facebook,Text,67,60148,4207,275,89,0.075995876837135,Medium,4571
Twitter,Video,72,114007,5912,1129,479,0.0659608620523301,Medium,7520
Instagram,Text,22,113747,4162,386,371,0.0432450965739755,Short,4919
Twitter,Video,109,164780,3492,486,511,0.0272423837844398,Long,4489
Twitter,Text,119,103245,5619,409,650,0.064681098358274,Long,6678
Instagram,Video,30,168996,12634,2153,1412,0.0958543397476863,Short,16199
Instagram,Image,110,290526,17240,1343,1538,0.0692571404968918,Long,20121
Facebook,Text,90,29649,2221,380,192,0.0942021653344126,Long,2793
Facebook,Image,115,230748,9269,1022,1380,0.0505789866001005,Long,11671
Instagram,Video,101,103099,1650,225,37,0.0185452817195123,Long,1912
Instagram,Text,65,35373,2808,254,166,0.0912560427444661,Medium,3228
Facebook,Text,111,216752,6453,1177,241,0.0363133904185428,Long,7871
Twitter,Image,82,24791,1622,265,98,0.0800693800169416,Long,1985
Instagram,Text,99,194968,16062,1656,1289,0.0974877928685733,Long,19007
Facebook,Text,78,26115,588,81,37,0.0270342714914799,Medium,706
Twitter,Image,119,150413,9606,666,1394,0.0775597853908904,Long,11666
Instagram,Text,92,88489,6375,472,691,0.0851857292996869,Long,7538
Twitter,Image,89,25877,1997,259,228,0.0959925802836495,Long,2484
Facebook,Image,52,43273,1007,147,117,0.0293716636239687,Medium,1271
Instagram,Image,76,61035,5142,687,703,0.1070205619726386,Medium,6532
Twitter,Image,100,145477,2687,359,322,0.0231514259986114,Long,3368
Instagram,Image,35,229420,13022,2101,287,0.0671693836631505,Short,15410
Twitter,Video,38,113141,5646,1046,304,0.0618343482910704,Short,6996
Facebook,Video,91,196381,5883,636,874,0.0376462081362249,Long,7393
Facebook,Image,93,44767,1664,217,174,0.0459043491857841,Long,2055
Instagram,Video,11,125456,3111,572,89,0.0300663180716745,Short,3772
Twitter,Video,87,143045,6911,826,557,0.0579817539934985,Long,8294
Instagram,Text,11,63565,838,97,123,0.0166443797687406,Short,1058
Instagram,Image,51,94461,8501,1402,1267,0.1182498597304707,Medium,11170
Twitter,Video,12,130577,3227,586,245,0.0310774485552585,Short,4058
Twitter,Text,82,112159,10065,1616,1369,0.1163526778947743,Long,13050
Twitter,Text,5,25091,2201,143,213,0.1019090510541628,Short,2557
Facebook,Image,81,22584,1143,136,98,0.0609723698193411,Long,1377
Instagram,Image,7,206696,11325,926,832,0.0632958547819019,Short,13083
Instagram,Text,57,21550,801,78,108,0.0458004640371229,Medium,987
Facebook,Image,96,136135,13575,1633,1367,0.1217541411099276,Long,16575
Twitter,Image,42,94816,6672,555,422,0.080672038474519,Medium,7649
Facebook,Text,55,207911,19889,2533,1669,0.1158716951003073,Medium,24091
Facebook,Text,19,14631,692,101,53,0.0578224318228419,Short,846
Facebook,Image,104,4125,369,66,29,0.1124848484848484,Long,464
Instagram,Video,71,55581,2798,228,169,0.057483672478005,Medium,3195
Facebook,Image,68,25485,2243,216,229,0.1054738081224249,Medium,2688
Instagram,Video,72,214402,4670,517,125,0.0247758882846242,Medium,5312
Instagram,Text,9,88554,5961,498,805,0.0820290444248707,Short,7264
Instagram,Video,118,79398,5643,563,417,0.0834151993752991,Long,6623
Twitter,Text,94,134762,9306,1698,1154,0.0902183107997803,Long,12158
Instagram,Image,93,282884,14209,1005,1631,0.0595473763097241,Long,16845
Instagram,Image,14,249470,17850,2080,1451,0.0857056960756804,Short,21381
Twitter,Text,12,181715,5733,554,262,0.036039952673142,Short,6549
Instagram,Text,16,93560,5952,366,554,0.0734501923899102,Short,6872
Facebook,Text,68,88877,5322,342,762,0.072302170415293,Medium,6426
Facebook,Image,63,12156,469,78,20,0.0466436327739387,Medium,567
Instagram,Image,71,101589,8137,1447,433,0.0986031952278297,Medium,10017
Twitter,Video,95,65389,1129,182,168,0.0226184832311245,Long,1479
Facebook,Text,54,209766,5334,698,725,0.0322120839411534,Medium,6757
Twitter,Video,27,135880,7120,1181,651,0.0658816602884898,Short,8952
Twitter,Image,44,196059,17695,1288,1952,0.106779081807007,Medium,20935
Facebook,Video,101,73938,4566,762,354,0.0768481700884524,Long,5682
Twitter,Video,82,69500,5962,676,432,0.1017266187050359,Long,7070
Facebook,Image,91,196239,11103,1804,861,0.070159346511142,Long,13768
Twitter,Image,99,62734,5062,426,373,0.0934262122612937,Long,5861
Facebook,Text,81,151278,5948,1040,641,0.0504303335580851,Long,7629
Instagram,Video,80,299481,24965,3375,1571,0.0998761190192366,Long,29911
Facebook,Image,103,234437,10819,552,456,0.0504485213511519,Long,11827
Facebook,Image,22,90095,5432,694,607,0.0747322270936234,Short,6733
Facebook,Video,25,66829,1726,166,41,0.0289245686752757,Short,1933
Facebook,Image,113,203473,18890,1107,2142,0.1088055909137821,Long,22139
Twitter,Text,115,71830,5253,615,284,0.0856466657385493,Long,6152
Instagram,Text,110,51939,4534,438,202,0.0996168582375478,Long,5174
Facebook,Video,5,15965,458,36,31,0.0328844347009082,Short,525
Twitter,Text,42,14228,228,23,8,0.0182035423109361,Medium,259
Instagram,Image,45,53419,2155,165,150,0.0462382298433141,Medium,2470
Instagram,Image,46,260416,14713,1397,489,0.0637403231752273,Medium,16599
Instagram,Image,115,54229,4458,300,369,0.0945435099301112,Long,5127
Instagram,Image,13,236535,10832,678,464,0.0506225294353901,Short,11974
Facebook,Video,27,146894,5037,939,185,0.0419418083788309,Short,6161
Facebook,Text,82,33070,1439,266,137,0.0557000302388872,Long,1842
Twitter,Text,15,126045,9242,1609,936,0.0935142211115078,Short,11787
Twitter,Image,75,9135,367,31,7,0.0443349753694581,Medium,405
Twitter,Video,35,101093,9919,1575,698,0.1206018220846151,Short,12192
Instagram,Image,92,247763,6379,883,192,0.0300852023909946,Long,7454
Instagram,Image,30,265195,20626,1189,2393,0.0912837723184826,Short,24208
Facebook,Video,34,119190,7511,1389,815,0.0815085158150851,Short,9715
Instagram,Video,38,175956,5450,1088,144,0.0379754029416445,Short,6682
Instagram,Image,50,227675,17718,2769,2522,0.1010607225211375,Medium,23009
Instagram,Text,106,154115,7748,656,1121,0.0618044966421179,Long,9525
Twitter,Image,73,98108,7006,932,444,0.0854364577812206,Medium,8382
Twitter,Text,9,77043,5362,356,198,0.0767882870604727,Short,5916
Facebook,Text,65,6062,120,11,4,0.0222698779280765,Medium,135
Instagram,Video,87,95236,8152,1284,1054,0.1101474232433113,Long,10490
Instagram,Video,119,57214,4081,388,325,0.0837906806026497,Long,4794
Facebook,Image,42,218062,17500,1261,371,0.0877365153029872,Medium,19132
Instagram,Text,32,58409,2937,150,412,0.0599051516033488,Short,3499
Instagram,Text,30,146940,4049,550,392,0.0339662447257384,Short,4991
Twitter,Image,65,70089,2758,538,302,0.0513347315555936,Medium,3598
Facebook,Image,110,229161,20883,2560,2653,0.1138762703950497,Long,26096
Facebook,Image,27,97047,9163,750,1158,0.1140787453501911,Short,11071
Facebook,Video,50,20428,1090,130,32,0.0612884276483258,Medium,1252
Facebook,Image,117,111283,4105,575,388,0.0455415472264406,Long,5068
Twitter,Image,34,171461,12984,2209,1434,0.0969724893707607,Short,16627
Twitter,Text,71,36734,2899,341,90,0.0906517123101214,Medium,3330
Instagram,Image,96,212156,17692,1343,865,0.0937989026942438,Long,19900
Instagram,Text,37,117168,1499,117,107,0.0147053803086166,Short,1723
Instagram,Text,110,89170,969,179,131,0.0143433890321857,Long,1279
Instagram,Video,7,248543,10474,894,1367,0.0512386186696064,Short,12735
Twitter,Image,73,158651,3763,599,457,0.030374847936666,Medium,4819
Facebook,Image,87,198174,16339,1476,2430,0.1021576997991663,Long,20245
Twitter,Text,46,36782,2131,336,109,0.0700342558860312,Medium,2576
Instagram,Video,66,75160,6334,391,511,0.0962746141564662,Medium,7236
Twitter,Video,62,120296,3118,252,243,0.0300342488528296,Medium,3613
Facebook,Image,61,157175,10444,1162,1130,0.0810306982662637,Medium,12736
Facebook,Text,116,225152,14007,1783,1828,0.0782493604320636,Long,17618
Twitter,Image,5,55077,2238,230,187,0.0482052399368157,Short,2655
Twitter,Image,106,30534,1726,234,144,0.0689067924281129,Long,2104
Twitter,Image,77,40636,2560,252,253,0.0754257308790235,Medium,3065
Instagram,Image,64,249002,22423,3403,2612,0.1142079180086906,Medium,28438
Twitter,Text,73,101108,1517,192,70,0.0175950468805633,Medium,1779
Twitter,Video,63,52486,4414,687,640,0.1093815493655451,Medium,5741
Twitter,Image,50,96096,9437,1081,301,0.1125853313353313,Medium,10819
Facebook,Image,110,36435,2763,501,63,0.0913132976533552,Long,3327
Facebook,Image,38,36152,2760,296,183,0.0895939367116618,Short,3239
Instagram,Image,105,114620,3394,326,377,0.0357441982202059,Long,4097
Instagram,Video,101,286782,16368,2186,2408,0.0730938482889442,Long,20962
Facebook,Video,29,235816,17340,2191,2449,0.093208264070292,Short,21980
Facebook,Video,46,120436,7732,987,846,0.0794197748181606,Medium,9565
Facebook,Video,33,19396,866,146,66,0.055578469787585,Short,1078
Twitter,Image,29,173566,16421,2270,1600,0.1169065369945726,Short,20291
Twitter,Text,58,159855,8993,1643,1312,0.0747427356041412,Medium,11948
Facebook,Video,77,139475,13569,1938,739,0.1164796558523032,Medium,16246
Twitter,Video,71,197124,11975,637,984,0.0689718146953186,Medium,13596
Twitter,Image,19,25838,2103,379,231,0.1050003870268596,Short,2713
Instagram,Image,8,261097,20047,3527,427,0.0919236911952263,Short,24001
Facebook,Image,113,156686,10885,624,757,0.0782839564479277,Long,12266
Facebook,Image,42,78593,888,61,83,0.0131309404145407,Medium,1032
Twitter,Text,24,133172,2259,301,309,0.0215435677169374,Short,2869
Facebook,Text,117,97191,6058,341,902,0.0751201242913438,Long,7301
Instagram,Video,27,197792,18208,2033,1681,0.1108336029768645,Short,21922
Instagram,Text,41,75514,4840,950,691,0.085825145006224,Medium,6481
Instagram,Video,66,278132,8688,659,285,0.0346310384997051,Medium,9632
Facebook,Video,115,214139,8312,672,924,0.046269012183675,Long,9908
Facebook,Text,12,238910,15788,2391,1137,0.0808505294880917,Short,19316
Facebook,Video,41,122392,7800,441,917,0.074825151970717,Medium,9158
Facebook,Image,49,118137,11342,1963,1506,0.125371390842835,Medium,14811
Facebook,Video,101,211239,12171,971,328,0.0637666340022439,Long,13470
Instagram,Image,37,106471,4466,579,632,0.0533196832940425,Short,5677
Twitter,Text,11,40148,2298,200,66,0.0638637042941117,Short,2564
Instagram,Text,26,291840,23569,3507,2779,0.1022992050438596,Short,29855
Facebook,Video,9,14629,857,118,24,0.0682890149702645,Short,999
Instagram,Image,114,139928,5505,1056,726,0.0520767823452061,Long,7287
Facebook,Video,19,34051,1378,161,64,0.0470764441572934,Short,1603
Facebook,Text,25,200683,15675,2840,1198,0.0982295461000682,Short,19713
Instagram,Video,93,250131,3997,545,564,0.0204133034290032,Long,5106
Facebook,Video,21,220405,7654,1432,941,0.0454935232866768,Short,10027
Twitter,Image,60,35469,843,79,102,0.0288702810905297,Medium,1024
Facebook,Text,54,235724,22398,2966,2670,0.1189272199691164,Medium,28034
Twitter,Video,11,74372,1346,146,126,0.0217554993814876,Short,1618
Twitter,Image,54,179144,14015,839,2013,0.0941533068369579,Medium,16867
Facebook,Video,64,224204,14962,2036,1916,0.084360671531284,Medium,18914
Instagram,Image,87,48406,3240,547,250,0.083398752220799,Long,4037
Twitter,Image,11,89754,7064,942,823,0.0983688749247944,Short,8829
Instagram,Video,44,40017,1842,169,275,0.0571257215683334,Medium,2286
Twitter,Text,49,12705,585,52,77,0.056198347107438,Medium,714
Facebook,Text,63,153678,5529,473,111,0.0397779773292208,Medium,6113
Facebook,Image,118,89911,5736,1129,664,0.0837383634927873,Long,7529
Twitter,Text,92,94469,8850,972,1210,0.1167790492119107,Long,11032
Facebook,Image,79,76654,7140,696,447,0.1080569833276802,Medium,8283
Twitter,Text,109,168391,12337,1391,1814,0.0922970942627575,Long,15542
Facebook,Video,59,95185,8714,587,628,0.1043126543047749,Medium,9929
Instagram,Text,68,50318,4866,386,363,0.1115902857824237,Medium,5615
Facebook,Image,69,136286,11115,1404,454,0.0951895279045536,Medium,12973
Instagram,Image,58,265895,12418,2108,404,0.056149984016247,Medium,14930
Facebook,Text,100,77070,4122,747,369,0.0679641884001557,Long,5238
Instagram,Video,44,180768,16958,3050,1668,0.1199106036466631,Medium,21676
Facebook,Image,57,6255,439,84,29,0.0882494004796163,Medium,552
Instagram,Image,48,32841,2754,189,272,0.0978959227794525,Medium,3215
Twitter,Image,67,7334,149,8,10,0.0227706572129806,Medium,167
Twitter,Image,6,107134,2940,193,390,0.0328840517482778,Short,3523
Instagram,Image,83,45522,1865,261,268,0.0525899565045472,Long,2394
Facebook,Video,25,173780,4681,624,454,0.0331396017953734,Short,5759
Instagram,Text,92,35697,3269,492,423,0.117208729024848,Long,4184
Facebook,Video,54,144794,4274,451,559,0.0364932248573835,Medium,5284
Twitter,Video,85,103936,6251,679,705,0.0734586668719211,Long,7635
Facebook,Image,115,199552,3530,465,158,0.0208116180243746,Long,4153
Twitter,Video,56,125935,3015,186,121,0.0263786874181125,Medium,3322
Facebook,Image,13,19029,614,104,85,0.0421987492774186,Short,803
Facebook,Video,103,68550,6749,1271,367,0.1223486506199854,Long,8387
Facebook,Image,24,243957,19940,2155,1037,0.0948199887685124,Short,23132
Instagram,Image,87,248533,17551,2824,730,0.0849183005878495,Long,21105
Instagram,Video,22,242648,22436,2968,1987,0.1128836833602584,Short,27391
Twitter,Video,88,90719,8714,744,941,0.1146286885878371,Long,10399
Twitter,Text,34,90499,4599,276,496,0.0593487220853269,Short,5371
Instagram,Text,108,106383,4201,365,226,0.0450447909910418,Long,4792
Twitter,Text,69,141199,5418,762,175,0.0450074009022726,Medium,6355
Instagram,Video,28,282790,3737,209,225,0.0147494607305774,Short,4171
Facebook,Video,92,224963,7911,1387,675,0.044331734551904,Long,9973
Twitter,Image,51,24713,1036,202,103,0.0542629385343746,Medium,1341
Twitter,Text,87,34267,456,28,25,0.0148539411095222,Long,509
Instagram,Image,98,271008,24237,2108,1061,0.1011261660172393,Long,27406
Twitter,Image,94,78197,6748,1021,873,0.1105157486860109,Long,8642
Twitter,Image,110,165631,5405,923,710,0.0424920455711793,Long,7038
Facebook,Image,48,120201,9884,1007,557,0.0952404722090498,Medium,11448
Twitter,Text,106,74246,6062,771,562,0.0996013253239231,Long,7395
Facebook,Image,33,165434,6642,1220,512,0.0506183734903345,Short,8374
Instagram,Video,81,299524,21786,2345,837,0.0833589295014756,Long,24968
Twitter,Video,72,198066,7147,444,1016,0.0434552118990639,Medium,8607
Facebook,Video,113,44284,722,143,15,0.0198717369704633,Long,880
Instagram,Text,21,215994,11972,922,531,0.0621545042917858,Short,13425
Twitter,Image,101,125556,6208,355,403,0.055481219535506,Long,6966
Instagram,Text,9,60277,1352,150,177,0.0278547372961494,Short,1679
Twitter,Image,96,17316,937,63,114,0.0643335643335643,Long,1114
Instagram,Text,92,211811,20216,3978,1928,0.1233269282520737,Long,26122
Instagram,Text,85,229800,17424,1866,1922,0.0923063533507397,Long,21212
Facebook,Image,54,14325,1095,190,70,0.0945898778359511,Medium,1355
Instagram,Text,107,155160,12130,927,1725,0.0952693993297241,Long,14782
Twitter,Image,116,76922,5924,419,139,0.0842671797405163,Long,6482
Twitter,Video,44,115949,1367,201,45,0.0139112885837739,Medium,1613
Facebook,Video,112,133856,12478,2325,1750,0.1236627420511594,Long,16553
Twitter,Video,50,106564,9027,606,1289,0.1024923989339739,Medium,10922
Twitter,Text,55,78803,2735,378,229,0.0424095529358019,Medium,3342
Twitter,Video,15,17419,1040,65,98,0.0690625179401802,Short,1203
Instagram,Image,16,227088,14840,2549,2037,0.0855439301063904,Short,19426
Instagram,Video,17,189821,4152,773,543,0.0288060857334014,Short,5468
Twitter,Video,68,47854,1572,226,207,0.041898273916496,Medium,2005
Facebook,Text,12,136976,1656,253,113,0.014761710080598,Short,2022
Instagram,Image,69,114796,10073,587,1289,0.1040889926478274,Medium,11949
Facebook,Text,13,102427,1253,76,36,0.0133265642848077,Short,1365
Twitter,Text,96,196628,7606,585,633,0.0448766198099965,Long,8824
Twitter,Image,6,82535,1406,128,71,0.0194462955109953,Short,1605
Instagram,Text,82,93855,7539,1236,185,0.0954664109530659,Long,8960
Twitter,Image,17,153772,14339,1653,1437,0.1133431313893296,Short,17429
Instagram,Video,116,294777,17879,1103,534,0.0662059794353019,Long,19516
Twitter,Image,6,118958,2683,477,95,0.0273625985641991,Short,3255
Twitter,Image,72,26055,1569,312,48,0.0740356937248128,Medium,1929
Instagram,Image,80,189086,15000,1773,2201,0.1003458743640459,Long,18974
Instagram,Text,52,149245,11142,1412,279,0.085986130188616,Medium,12833
Instagram,Image,78,12025,922,56,50,0.0854885654885654,Medium,1028
Twitter,Image,7,14549,511,54,53,0.0424771461956148,Short,618
Twitter,Image,72,16853,280,29,35,0.0204117961193852,Medium,344
Facebook,Video,10,184495,4318,841,427,0.0302772432857259,Short,5586
Instagram,Image,91,231560,22228,3313,3266,0.124404042148903,Long,28807
Twitter,Text,9,144398,9417,1575,601,0.0802850454992451,Short,11593
Twitter,Image,118,136535,10309,713,838,0.0868641740213132,Long,11860
Instagram,Image,7,294307,26757,3011,3391,0.1126680643002035,Short,33159
Facebook,Video,14,101136,8773,690,952,0.1029801455465907,Short,10415
Instagram,Image,47,128296,3804,681,181,0.0363690216374633,Medium,4666
Facebook,Text,23,246764,3757,273,318,0.0176200742409751,Short,4348
Twitter,Image,18,16075,1499,173,220,0.1176982892690513,Short,1892
Facebook,Text,25,97245,9564,555,1264,0.1170548614324644,Short,11383
Twitter,Video,47,45315,2766,401,124,0.0726249586229725,Medium,3291
Instagram,Image,32,108245,9737,1190,422,0.1048454893990484,Short,11349
Instagram,Video,25,21010,648,80,82,0.0385530699666825,Short,810
Instagram,Image,40,202505,4048,264,185,0.022206859089899,Medium,4497
Facebook,Text,28,109548,6023,765,474,0.0662905758206448,Short,7262
Twitter,Video,58,2605,216,29,9,0.0975047984644913,Medium,254
Instagram,Image,42,172517,11889,2311,260,0.0838178266489679,Medium,14460
Instagram,Text,21,275796,18577,1021,2485,0.0800700517774006,Short,22083
Twitter,Video,26,165301,1912,360,231,0.0151420741556312,Short,2503
Instagram,Image,87,222022,8564,1044,695,0.046405311185378,Long,10303
Twitter,Video,49,95439,9024,735,367,0.1060991837718333,Medium,10126
Twitter,Image,78,82266,1816,272,226,0.0281282668417086,Medium,2314
Twitter,Text,65,170996,12888,1643,859,0.0900021053124049,Medium,15390
Twitter,Text,15,40541,3175,266,336,0.0931649441306331,Short,3777
Twitter,Video,65,66658,5063,729,309,0.0915268984968045,Medium,6101
Facebook,Video,42,59327,5875,710,447,0.1185295059585011,Medium,7032
Instagram,Image,70,98434,4609,706,413,0.0581912753723307,Medium,5728
Facebook,Text,37,46654,3330,510,396,0.0907960732198739,Short,4236
Instagram,Image,47,20930,574,69,73,0.0342092689918776,Medium,716
Facebook,Text,35,133682,6145,667,477,0.0545249173411528,Short,7289
Twitter,Video,116,136590,7408,440,372,0.0601801010322864,Long,8220
Instagram,Image,39,167054,4900,607,195,0.034132675661762,Short,5702
Instagram,Image,41,11775,1078,93,69,0.1053078556263269,Medium,1240
Facebook,Text,51,158062,11768,682,1461,0.0880097683187609,Medium,13911
Facebook,Text,115,8378,297,29,16,0.0408211983767008,Long,342
Instagram,Text,104,84712,1876,118,49,0.0241170082160732,Long,2043
Facebook,Video,27,28060,1007,137,94,0.044119743406985,Short,1238
Facebook,Image,40,130067,8593,1078,209,0.0759608509460508,Medium,9880
Facebook,Text,44,208987,17633,2977,2381,0.110011627517501,Medium,22991
Twitter,Video,107,130334,7205,649,779,0.0662375128515966,Long,8633
Twitter,Text,94,120684,2320,245,123,0.0222730436511882,Long,2688
Facebook,Image,93,181065,5873,900,475,0.0400298235440311,Long,7248
Facebook,Text,85,96104,3946,785,458,0.0539935902771997,Long,5189
Twitter,Image,19,24765,1665,309,231,0.0890369473046638,Short,2205
Twitter,Video,41,192125,6186,792,826,0.040619388418998,Medium,7804
Instagram,Video,113,151540,4705,713,136,0.0366503893361488,Long,5554
Instagram,Text,8,99385,3553,461,108,0.041475071690899,Short,4122
Twitter,Image,26,104649,6627,763,647,0.0767995871914686,Short,8037
Facebook,Image,85,11174,607,85,51,0.0664936459638446,Long,743
Facebook,Image,26,48820,4186,451,243,0.0999590331831216,Short,4880
Facebook,Text,85,129518,9430,867,1385,0.0901959573186738,Long,11682
Facebook,Image,82,153170,10724,1671,1254,0.0891101390611738,Long,13649
Instagram,Image,82,140258,3354,606,366,0.0308431604614353,Long,4326
Twitter,Image,21,18722,280,26,12,0.0169853648114517,Short,318
Facebook,Image,76,111157,6213,969,353,0.0677870039673614,Medium,7535
Instagram,Text,102,76504,1258,144,124,0.0199466694551918,Long,1526
Facebook,Text,94,113760,4864,463,600,0.0521009142053445,Long,5927
Twitter,Image,113,42452,524,75,73,0.0158296428907943,Long,672
Instagram,Image,98,295414,7655,1461,847,0.0337255512602652,Long,9963
Twitter,Video,90,181383,3615,371,269,0.0234586482746453,Long,4255
Twitter,Video,84,43129,3540,580,388,0.1045236383871641,Long,4508
Instagram,Image,98,240881,9912,963,287,0.0463382334015551,Long,11162
Instagram,Image,84,11387,194,33,19,0.0216035830332835,Long,246
Instagram,Video,42,29394,996,163,135,0.044022589644145,Medium,1294
Instagram,Video,28,257236,18380,3029,1889,0.0905705266758929,Short,23298
Instagram,Image,104,192708,14859,2966,311,0.094111297922245,Long,18136
Instagram,Text,103,40241,836,59,92,0.0245272234785417,Long,987
Instagram,Text,10,33337,2669,289,305,0.0978792332843387,Short,3263
Facebook,Image,72,103992,4508,651,407,0.0535233479498422,Medium,5566
Twitter,Image,86,6804,484,67,61,0.0899470899470899,Long,612
Instagram,Video,10,62450,4398,734,203,0.0854283426741393,Short,5335
Facebook,Video,30,185831,15130,862,1107,0.0920137113829231,Short,17099
Facebook,Text,105,62529,4548,708,568,0.0931407826768379,Long,5824
Facebook,Image,95,125766,1697,272,167,0.0169839225227804,Long,2136
Twitter,Video,45,33334,1891,111,282,0.0685186296274074,Medium,2284
Instagram,Text,79,68452,1708,223,49,0.028925378367323,Medium,1980
Facebook,Text,42,140583,13678,1186,707,0.1107601914883022,Medium,15571
Twitter,Text,84,174037,5747,978,263,0.0401523813901641,Long,6988
Twitter,Video,87,109018,5212,299,765,0.0575684749307453,Long,6276
Twitter,Video,47,41440,1148,82,152,0.0333494208494208,Medium,1382
Facebook,Image,57,66118,1462,96,54,0.0243806527723161,Medium,1612
Instagram,Image,19,90263,5784,345,381,0.0721225751415308,Short,6510
Facebook,Text,94,129775,7057,988,189,0.0634482758620689,Long,8234
Facebook,Text,60,52217,2282,411,233,0.0560353907731198,Medium,2926
Instagram,Video,109,221402,3916,495,246,0.0210341369996657,Long,4657
Instagram,Video,60,73517,5604,457,299,0.0865106029897846,Medium,6360
Instagram,Image,35,148857,1567,159,137,0.0125153670972812,Short,1863
Twitter,Image,87,56740,2904,302,358,0.0628128304547056,Long,3564
Instagram,Image,61,106119,7102,836,514,0.0796464346629727,Medium,8452
Facebook,Video,55,204704,9982,1128,1182,0.0600476785993434,Medium,12292
Instagram,Text,28,18950,404,60,31,0.0261213720316622,Short,495
Facebook,Image,62,198714,15905,1606,761,0.091951246515092,Medium,18272
Twitter,Image,77,184241,7213,1077,562,0.048045766143258,Medium,8852
Facebook,Video,91,75209,1664,219,149,0.0270180430533579,Long,2032
Facebook,Image,8,70278,4183,239,334,0.0676740943111642,Short,4756
Instagram,Text,14,43488,509,95,28,0.0145327446651949,Short,632
Instagram,Video,67,181113,7093,543,312,0.0438842048886606,Medium,7948
Facebook,Image,77,6534,506,59,72,0.0974900520355065,Medium,637
Instagram,Image,87,85221,7852,1508,460,0.1152298142476619,Long,9820
Twitter,Video,19,73121,4625,402,516,0.0758058560468264,Short,5543
Twitter,Video,119,76090,2251,120,144,0.0330529635957418,Long,2515
Instagram,Image,102,114777,3420,422,499,0.0378211662615332,Long,4341
Twitter,Text,110,189382,12186,1018,1809,0.0792736374101023,Long,15013
Instagram,Video,67,6634,309,42,39,0.0587880615013566,Medium,390
Facebook,Text,23,19908,516,89,49,0.0328511151295961,Short,654
Facebook,Image,117,155382,12565,1591,1136,0.0984155178849544,Long,15292
Twitter,Text,67,82653,2316,339,145,0.0338765683036308,Medium,2800
Instagram,Image,60,210219,8187,1227,293,0.0461756549122581,Medium,9707
Instagram,Image,25,197644,3069,531,92,0.0186800510007893,Short,3692
Twitter,Image,38,71400,5221,799,420,0.0901960784313725,Short,6440
Facebook,Image,119,200675,6978,1370,1027,0.0467173290145758,Long,9375
Twitter,Text,21,118107,3656,432,190,0.0362213924661535,Short,4278
Facebook,Image,22,206879,7717,444,566,0.0421840786160025,Short,8727
Instagram,Image,85,213436,18925,2064,1956,0.1075029517044922,Long,22945
Facebook,Text,70,115436,6536,1150,429,0.0702986936484285,Medium,8115
Twitter,Video,55,33131,802,56,16,0.026380127373155,Medium,874
Instagram,Text,69,59470,4739,760,338,0.0981503278964183,Medium,5837
Twitter,Text,47,121688,3499,456,435,0.036075866149497,Medium,4390
Twitter,Text,61,55283,2605,482,371,0.0625508745907421,Medium,3458
Facebook,Image,14,247502,15129,2415,843,0.0742903087651817,Short,18387
Twitter,Image,41,132263,8279,1234,1157,0.0806725992908069,Medium,10670
Facebook,Image,52,136425,2211,404,293,0.0213157412497709,Medium,2908
Instagram,Video,73,281022,23974,4464,1747,0.1074115193828241,Medium,30185
Facebook,Image,60,120743,6417,691,132,0.0599620681944294,Medium,7240
Instagram,Video,80,81668,8087,1529,1049,0.1305897046578831,Long,10665
Facebook,Image,40,11203,835,48,47,0.0830134785325359,Medium,930
Twitter,Text,35,12322,1223,201,144,0.127252069469242,Short,1568
Facebook,Image,59,79831,4056,407,382,0.0606907091230223,Medium,4845
Facebook,Video,42,192847,4371,538,213,0.026559915373327,Medium,5122
Instagram,Video,119,40925,3088,541,321,0.0965180207697006,Long,3950
Twitter,Image,77,24247,1939,282,231,0.1011259124840186,Medium,2452
Facebook,Text,112,110930,9623,1141,785,0.10411070044172,Long,11549
Twitter,Image,94,150412,5584,416,654,0.0442384916097119,Long,6654
Facebook,Image,19,219850,12303,2348,893,0.0707027518762792,Short,15544
Facebook,Image,20,122496,10678,1066,1574,0.1087219174503657,Short,13318
Twitter,Text,81,155594,13665,890,699,0.098037199377868,Long,15254
Facebook,Video,93,178666,2199,296,266,0.0154534158709547,Long,2761
Twitter,Text,98,79631,5604,621,658,0.0864361869121322,Long,6883
Facebook,Video,57,49335,3164,438,281,0.0787068004459308,Medium,3883
Instagram,Video,60,259192,4535,385,297,0.0201279360474088,Medium,5217
Twitter,Video,11,90961,8524,910,664,0.1110146106573146,Short,10098
Facebook,Text,61,37723,1889,370,192,0.0649736235188081,Medium,2451
Facebook,Image,59,209812,14830,2824,1319,0.090428574152098,Medium,18973
Instagram,Image,56,9991,893,160,106,0.1160044039635672,Medium,1159
Twitter,Image,8,169905,3688,615,246,0.0267737853506371,Short,4549
Facebook,Image,47,150139,13065,960,443,0.0963640359933128,Medium,14468
Instagram,Image,44,18763,1410,169,120,0.0905505516175451,Medium,1699
Facebook,Text,106,186027,15917,2533,854,0.1037698828664656,Long,19304
Twitter,Text,34,46863,2555,228,255,0.0648272624458528,Short,3038
Facebook,Text,14,20408,265,14,23,0.014798118384947,Short,302
Facebook,Text,98,159248,11202,1262,1358,0.0867954385612378,Long,13822
Facebook,Text,107,169169,7394,841,700,0.0528170054797273,Long,8935
Facebook,Text,11,185922,8592,513,652,0.0524789965684534,Short,9757
Instagram,Text,40,189918,9441,926,335,0.0563506355374424,Medium,10702
Instagram,Image,39,119177,6478,1215,230,0.0664809485051645,Short,7923
Twitter,Video,92,168866,11748,1028,1212,0.0828349105207679,Long,13988
Instagram,Text,43,199396,15036,2035,2022,0.0957541776164015,Medium,19093
Instagram,Video,40,268155,21429,2639,1584,0.0956610915328821,Medium,25652
Twitter,Text,113,156499,11024,1976,981,0.0893360340960645,Long,13981
Instagram,Text,24,43392,3571,528,345,0.1024151917404129,Short,4444
Instagram,Image,53,260055,5459,402,447,0.024256407298456,Medium,6308
Twitter,Video,100,60990,5203,371,144,0.0937530742744712,Long,5718
Twitter,Image,63,183924,8249,1102,796,0.0551695265435723,Medium,10147
Twitter,Image,107,148301,8540,486,323,0.0630407077497791,Long,9349
Facebook,Video,53,81780,4010,437,369,0.0588897040841281,Medium,4816
Facebook,Image,94,216210,11419,1254,1379,0.0649923685305952,Long,14052
Twitter,Text,30,158374,5652,449,117,0.0392614949423516,Short,6218
Twitter,Text,40,25536,645,61,48,0.0295269423558897,Medium,754
Twitter,Text,47,89746,1744,173,203,0.023622222717447,Medium,2120
Facebook,Text,103,8585,434,22,38,0.0575422248107163,Long,494
Facebook,Text,47,183202,3897,665,197,0.0259767906463903,Medium,4759
Instagram,Image,103,248481,7963,1541,881,0.0417939399793143,Long,10385
Instagram,Image,80,62210,1370,127,166,0.0267320366500562,Long,1663
Twitter,Text,37,138528,2745,183,184,0.0224647724647724,Short,3112
Facebook,Text,104,125365,11210,2163,657,0.1119132134168228,Long,14030
Facebook,Image,82,187933,13279,2139,1206,0.0884570565041796,Long,16624
Facebook,Video,101,171361,15960,2931,1077,0.1165259306376596,Long,19968
Twitter,Image,114,11775,800,83,102,0.0836518046709129,Long,985
Instagram,Image,49,200953,17273,2117,2094,0.1069105711285723,Medium,21484
Twitter,Image,49,16099,965,182,58,0.0748493695260575,Medium,1205
Instagram,Image,92,248362,12824,1525,1018,0.0618733944806371,Long,15367
Instagram,Image,19,218423,12573,1896,1705,0.0740489783585062,Short,16174
Twitter,Video,99,124863,4847,754,189,0.0463708224213738,Long,5790
Instagram,Text,21,114478,7923,1391,935,0.0895281189398836,Short,10249
Instagram,Text,16,60700,5508,1081,337,0.1141021416803953,Short,6926
Facebook,Video,26,5539,445,44,15,0.0909911536378407,Short,504
Instagram,Text,27,113609,5859,510,206,0.0578739360437993,Short,6575
Twitter,Text,94,80735,7738,477,432,0.1071034867157986,Long,8647
Twitter,Text,82,166230,16404,2927,1496,0.125290260482464,Long,20827
Instagram,Video,16,201690,10967,1029,1513,0.066979027219991,Short,13509
Facebook,Video,118,184226,16178,929,960,0.0980697621399802,Long,18067
Facebook,Text,72,60824,634,113,29,0.0127581217940286,Medium,776
Instagram,Text,114,243344,3893,492,320,0.0193347688868433,Long,4705
Instagram,Text,55,258156,3101,544,125,0.0146035730333596,Medium,3770
Twitter,Image,17,14281,1136,151,62,0.0944611721868216,Short,1349
Instagram,Image,61,14946,256,24,37,0.0212096882108925,Medium,317
Facebook,Image,59,127128,1466,101,135,0.0133880813038827,Medium,1702
Instagram,Video,86,81427,1894,218,230,0.0287619585641126,Long,2342
Twitter,Text,111,28111,1056,57,50,0.041371705026502,Long,1163
Twitter,Video,32,185468,9611,1349,842,0.0636336187374641,Short,11802
Twitter,Video,106,35290,560,63,48,0.0190138849532445,Long,671
Twitter,Video,109,167534,9199,655,1155,0.0657120345720868,Long,11009
Twitter,Text,48,6837,221,28,5,0.0371507971332455,Medium,254
Instagram,Image,23,16801,582,99,76,0.0450568418546515,Short,757
Instagram,Text,50,159782,13417,2632,407,0.1029903243168817,Medium,16456
Instagram,Text,115,102157,10095,1303,1404,0.1253169141615356,Long,12802
Instagram,Video,111,250907,12983,901,500,0.0573280139653337,Long,14384
Twitter,Video,106,42916,1671,286,149,0.0490726069531177,Long,2106
Facebook,Video,114,147137,13805,2131,454,0.1113927835962402,Long,16390
Instagram,Image,7,67546,3717,717,290,0.0699375240576792,Short,4724
Facebook,Image,87,48474,3671,478,216,0.0900482733011511,Long,4365
Instagram,Image,24,261537,12354,1279,921,0.0556479580327066,Short,14554
Instagram,Text,29,41388,1168,227,106,0.0362665506910215,Short,1501
Facebook,Video,79,79167,5457,713,435,0.0834312276579888,Medium,6605
Twitter,Text,60,97364,6799,356,156,0.0750893554085699,Medium,7311
Instagram,Image,85,79667,4096,495,541,0.0644181405098723,Long,5132
Instagram,Video,65,270853,9289,467,300,0.0371271501515582,Medium,10056
Instagram,Image,117,53754,4561,732,672,0.1109684860661532,Long,5965
Facebook,Video,59,246291,8565,1155,1119,0.0440089162819591,Medium,10839
Twitter,Video,39,88257,6117,406,568,0.0803449018208187,Short,7091
Facebook,Text,82,231802,10328,1775,535,0.0545206685015659,Long,12638
Facebook,Text,63,8094,425,55,13,0.060909315542377,Medium,493
Twitter,Image,43,142487,4135,277,443,0.0340732838785292,Medium,4855
Facebook,Text,61,182918,12521,926,578,0.0766737007839578,Medium,14025
Twitter,Text,87,9472,287,49,33,0.0389569256756756,Long,369
Instagram,Text,71,199802,10732,1108,1376,0.0661454840291888,Medium,13216
Twitter,Video,38,38131,1508,261,224,0.0522671841808502,Short,1993
Instagram,Text,117,89943,8699,525,744,0.1108257451941785,Long,9968
Facebook,Image,45,86737,8534,738,1252,0.1213323033999331,Medium,10524
Facebook,Video,26,162020,12607,2076,496,0.0936859646957165,Short,15179
Instagram,Video,106,182980,18033,2637,2321,0.1256476117608481,Long,22991
Facebook,Text,31,183907,3718,357,248,0.0235064461929127,Short,4323
Twitter,Video,25,25115,2494,474,168,0.1248656181564801,Short,3136
Instagram,Image,45,295105,5701,465,313,0.0219548974093966,Medium,6479
Facebook,Image,35,50083,2373,421,100,0.0577840784298065,Short,2894
Instagram,Video,31,52182,1644,253,127,0.038787321298532,Short,2024
Twitter,Text,41,129987,12458,849,1848,0.1165885819351165,Medium,15155
Twitter,Text,70,4017,270,35,16,0.0799103808812546,Medium,321
Facebook,Video,58,138295,8815,1670,704,0.0809067572941899,Medium,11189
Twitter,Image,115,63852,6370,909,316,0.1189469397982835,Long,7595
Instagram,Video,13,236560,15404,1992,983,0.0776927629354075,Short,18379
Twitter,Text,87,52509,3578,375,97,0.077129634919728,Long,4050
Instagram,Text,46,159147,2232,375,322,0.0184043682884377,Medium,2929
Instagram,Video,40,11531,1006,188,86,0.1110051166420952,Medium,1280
Twitter,Image,14,137738,13403,2184,1545,0.1243810713092973,Short,17132
Facebook,Video,63,223389,21540,3420,1868,0.1200954388980657,Medium,26828
Twitter,Image,44,46023,1376,108,165,0.0358299111313908,Medium,1649
Instagram,Image,58,171308,5196,909,464,0.0383461367828706,Medium,6569
Instagram,Video,113,45023,1933,108,214,0.0500855118494991,Long,2255
Twitter,Video,43,6236,236,38,25,0.0479474021808851,Medium,299
Facebook,Image,11,201547,7559,617,675,0.0439153150381796,Short,8851
Facebook,Image,8,170696,11004,1354,549,0.0756139569761447,Short,12907
Instagram,Image,19,168890,13934,2149,662,0.099147374030434,Short,16745
Instagram,Image,80,166172,15671,2567,2094,0.1223551500854536,Long,20332
Facebook,Text,52,200968,3237,593,115,0.0196299908443135,Medium,3945
Twitter,Video,10,107109,3750,346,347,0.0414811080301375,Short,4443
Instagram,Image,77,267082,8800,736,750,0.0385125167551538,Medium,10286
Instagram,Video,39,131682,5552,1107,687,0.0557859084764812,Short,7346
Facebook,Image,76,211602,10197,827,383,0.0539078080547442,Medium,11407
Twitter,Video,75,26941,1213,181,132,0.0566422924167625,Medium,1526
Facebook,Video,72,96067,9192,1773,907,0.1235804178333871,Medium,11872
Twitter,Image,62,103349,5099,940,566,0.063909665308808,Medium,6605
Twitter,Image,81,192419,11476,1336,1156,0.0725915839911859,Long,13968
Twitter,Video,23,78629,6084,886,566,0.0958425008584619,Short,7536
Instagram,Video,66,169097,12725,1646,1786,0.0955487087293092,Medium,16157
Facebook,Video,75,14651,915,93,59,0.0728277933246877,Medium,1067
Facebook,Text,14,232420,20330,1456,894,0.0975819636864297,Short,22680
Twitter,Image,29,92380,6113,1042,754,0.0856137692141156,Short,7909
Instagram,Text,48,219326,19460,1236,717,0.09763092383028,Medium,21413
Instagram,Text,103,149661,5574,788,604,0.0465451921342233,Long,6966
Facebook,Image,62,42768,935,130,85,0.0268892630003741,Medium,1150
Instagram,Image,29,201058,16839,1687,339,0.0938286464602254,Short,18865
Instagram,Text,97,117784,5232,367,267,0.0498030292739251,Long,5866
Twitter,Image,80,106389,7298,1240,616,0.086042729981483,Long,9154
Instagram,Video,119,73743,5630,671,353,0.0902322932346121,Long,6654
Twitter,Video,115,135472,5338,847,402,0.0486225935986772,Long,6587
Facebook,Text,44,209217,11604,608,1139,0.063814126003145,Medium,13351
Instagram,Text,80,92009,8330,509,958,0.106478714038844,Long,9797
Facebook,Image,74,113866,10154,775,402,0.0995117067430137,Medium,11331
Facebook,Image,14,92471,7161,480,406,0.0870218771290458,Short,8047
Instagram,Text,70,190229,14960,1178,1537,0.092914329571201,Medium,17675
Instagram,Text,113,225482,20471,3131,1975,0.1134325578094925,Long,25577
Facebook,Video,29,63598,4850,276,561,0.0894210509764458,Short,5687
Instagram,Video,75,292159,11850,659,1223,0.0470018038123076,Medium,13732
Twitter,Image,108,199258,4158,227,261,0.0233165042306958,Long,4646
Twitter,Video,91,66430,3186,492,270,0.0594309799789251,Long,3948
Instagram,Image,116,233997,4179,545,564,0.0225985803236793,Long,5288
Facebook,Image,15,52185,1065,112,47,0.0234550158091405,Short,1224
Instagram,Image,40,67306,6428,972,443,0.1165275012628889,Medium,7843
Instagram,Video,53,286560,20296,2700,2626,0.0894123394751535,Medium,25622
Facebook,Text,52,81655,7074,361,476,0.0968832282162757,Medium,7911
Facebook,Text,119,76180,5169,908,380,0.084759779469677,Long,6457
Twitter,Video,91,52262,2491,255,153,0.0554705139489495,Long,2899
Facebook,Text,111,77189,946,103,129,0.0152612418867973,Long,1178
Twitter,Image,11,81952,7869,1316,835,0.1222666926981647,Short,10020
Facebook,Text,95,224505,3678,287,173,0.0184316607647936,Long,4138
Instagram,Video,81,58662,3808,196,447,0.0758753537213187,Long,4451
Twitter,Text,55,54191,1040,193,26,0.0232326401062907,Medium,1259
Twitter,Image,21,145285,5168,650,369,0.0425852634477062,Short,6187
Twitter,Image,36,182059,4865,498,672,0.0331485946863379,Short,6035
Instagram,Video,30,195855,11718,2025,1285,0.0767302341017589,Short,15028
Instagram,Video,26,66353,5960,321,733,0.1057073530963181,Short,7014
Instagram,Video,17,151874,10206,819,1439,0.0820680300775643,Short,12464
Instagram,Image,16,217730,15192,1113,1833,0.0833050107931842,Short,18138
Instagram,Text,75,196718,18059,2901,569,0.109440925588914,Medium,21529
Twitter,Text,5,45671,3537,342,176,0.0887871953756213,Short,4055
Instagram,Video,37,225709,19847,3293,1686,0.1099911833378376,Short,24826
Twitter,Text,18,45388,2154,121,46,0.0511368643694368,Short,2321
Instagram,Text,115,170672,14999,2118,1517,0.1091801818693165,Long,18634
Facebook,Video,68,86944,5923,578,624,0.0819493006993007,Medium,7125
Twitter,Video,47,62690,1392,108,153,0.0263678417610464,Medium,1653
Facebook,Image,62,139808,1885,325,173,0.0170448043030441,Medium,2383
Twitter,Image,45,176943,5655,632,445,0.0380461504552313,Medium,6732
Facebook,Image,85,50165,2209,299,289,0.0557560051828964,Long,2797
Instagram,Image,72,192858,16466,905,1971,0.1002914061122691,Medium,19342
Instagram,Text,119,298391,22890,3862,2279,0.0972918083990468,Long,29031
Instagram,Text,43,124645,11963,1112,310,0.1073849733242408,Medium,13385
Twitter,Image,5,30821,1859,286,204,0.0762142694915804,Short,2349
Facebook,Image,45,137285,10611,1740,982,0.0971191317332556,Medium,13333
Instagram,Video,49,113659,3952,267,435,0.0409470433489648,Medium,4654
Facebook,Text,92,163567,11639,1098,703,0.0821681635048634,Long,13440
Facebook,Text,102,74744,5497,871,665,0.0940945092582682,Long,7033
Instagram,Image,102,122441,10573,896,785,0.1000808552690683,Long,12254
Instagram,Text,92,212701,12395,2196,1689,0.0765393674688882,Long,16280
Facebook,Video,83,115045,7870,761,263,0.0773088791342518,Long,8894
Instagram,Video,85,278407,7871,868,653,0.0337347839673571,Long,9392
Instagram,Text,17,61480,4691,304,219,0.084808067664281,Short,5214
Instagram,Image,75,201913,17254,1244,1362,0.0983591943064587,Medium,19860
Twitter,Text,13,165093,10472,956,691,0.0734071099319777,Short,12119
Facebook,Video,112,121055,2470,141,307,0.024104745776713,Long,2918
Facebook,Image,67,152030,5801,458,242,0.042761297112412,Medium,6501
Twitter,Text,103,199480,10531,1172,1030,0.0638309604972929,Long,12733
Facebook,Image,27,44128,3130,334,227,0.0836430384336475,Short,3691
Instagram,Image,58,92498,3591,286,313,0.0452982767194966,Medium,4190
Facebook,Video,51,45563,3901,242,440,0.1005860017997059,Medium,4583
Instagram,Image,43,22414,974,95,64,0.0505487641652538,Medium,1133
Twitter,Text,91,124452,1724,278,116,0.017018609584418,Long,2118
Instagram,Image,30,249867,20354,2575,610,0.0942061176545922,Short,23539
Facebook,Image,5,189955,12913,2479,1184,0.0872627727619699,Short,16576
Facebook,Text,18,108209,8892,631,659,0.0940956852017854,Short,10182
Facebook,Video,100,40210,1664,134,208,0.0498880875404128,Long,2006
Twitter,Video,119,148362,1719,158,132,0.0135412032730753,Long,2009
Twitter,Text,116,132768,2208,114,322,0.0199144372137864,Long,2644
Facebook,Text,78,6667,133,25,5,0.0244487775611219,Medium,163
Instagram,Video,69,132710,10943,1278,598,0.0965940773114309,Medium,12819
Twitter,Image,73,19660,729,89,51,0.0442014242115971,Medium,869
Facebook,Text,71,75089,7494,552,315,0.1113478671975922,Medium,8361
Facebook,Image,53,85462,6687,1209,978,0.1038356228499216,Medium,8874
Twitter,Text,54,190770,12229,1881,1263,0.0805839492582691,Medium,15373
Twitter,Video,62,137880,13584,1558,291,0.1119306643458079,Medium,15433
Twitter,Image,57,96148,3698,671,352,0.0491013853642301,Medium,4721
Instagram,Image,95,176571,4397,817,534,0.0325534770715462,Long,5748
Instagram,Text,119,38351,2928,168,78,0.0827618575786811,Long,3174
Facebook,Image,61,183734,6435,436,612,0.0407273558513938,Medium,7483
Twitter,Text,90,123359,11903,644,817,0.108334211528952,Long,13364
Instagram,Video,22,79674,7881,1081,753,0.1219343826091322,Short,9715
Twitter,Image,20,38241,3570,295,188,0.1059857221306974,Short,4053
Facebook,Text,6,135270,12854,2271,1370,0.1219413025800251,Short,16495
Instagram,Image,115,43639,2854,342,306,0.0802493182703545,Long,3502
Instagram,Text,17,72983,5275,926,475,0.0914733568091199,Short,6676
Instagram,Text,49,131164,2424,323,339,0.0235277972614436,Medium,3086
Facebook,Text,84,77944,6132,1038,847,0.1028558965411064,Long,8017
Twitter,Video,76,124427,3507,370,91,0.0318901846062349,Medium,3968
Instagram,Image,47,284818,24388,4677,1406,0.1069841091504048,Medium,30471
Facebook,Video,76,15413,1487,223,100,0.1174333354960098,Medium,1810
Twitter,Text,58,56986,1659,231,45,0.0339557084196118,Medium,1935
Facebook,Text,78,182009,3098,318,272,0.0202627342603937,Medium,3688
Twitter,Video,101,25071,1342,255,31,0.0649355829444378,Long,1628
Facebook,Video,35,77229,6274,631,678,0.098188504318326,Short,7583
Twitter,Image,80,176903,14038,2461,285,0.0948768534168442,Long,16784
Instagram,Text,13,177443,12902,1427,311,0.0825053679209661,Short,14640
Twitter,Video,105,130345,10931,1804,1403,0.1084659940926004,Long,14138
Facebook,Text,77,70542,1816,339,95,0.0318958918091349,Medium,2250
Facebook,Text,52,8213,564,67,17,0.078899305978327,Medium,648
Twitter,Image,22,65815,4245,547,305,0.0774443515915824,Short,5097
Instagram,Image,98,187371,4461,444,118,0.0268077770839671,Long,5023
Instagram,Image,100,172708,8168,475,960,0.0556025198601107,Long,9603
Twitter,Video,108,65948,5719,845,481,0.1068265906471765,Long,7045
Twitter,Text,91,77066,7511,510,689,0.1130200088236057,Long,8710
Facebook,Video,15,50128,3503,361,412,0.0853016278327481,Short,4276
Instagram,Video,66,54504,5067,518,618,0.113808160868927,Medium,6203
Twitter,Image,88,72500,1586,115,59,0.0242758620689655,Long,1760
Instagram,Text,23,57340,5605,840,316,0.1179107080572026,Short,6761
Twitter,Text,104,131222,1707,130,73,0.0145554861227538,Long,1910
Twitter,Image,94,36070,2072,345,55,0.068533407263654,Long,2472
Instagram,Text,78,78285,2833,247,254,0.0425879798173341,Medium,3334
Twitter,Image,28,199454,16604,1545,871,0.0953603337110311,Short,19020
Twitter,Video,17,125405,3709,376,148,0.0337546349826561,Short,4233
Facebook,Video,50,148948,1644,119,141,0.0127829846657894,Medium,1904
Twitter,Image,57,184748,8741,1006,895,0.0576027886634767,Medium,10642
Twitter,Video,102,20262,319,19,38,0.0185569045503898,Long,376
Twitter,Video,33,104409,3770,430,83,0.0410213678897413,Short,4283
Facebook,Image,40,219622,14920,1506,1319,0.0807979164200307,Medium,17745
Instagram,Video,75,160126,5848,589,319,0.0421917739779923,Medium,6756
Facebook,Text,119,229563,7373,1099,1097,0.0416835465645596,Long,9569
Facebook,Video,98,157123,3770,623,152,0.0289263825156087,Long,4545
Instagram,Image,21,40587,899,92,69,0.026116736886195,Short,1060
Facebook,Text,52,131595,7543,673,1102,0.0708081614043086,Medium,9318
Instagram,Text,81,60131,4289,532,204,0.0835675441951738,Long,5025
Facebook,Video,28,96019,4872,819,608,0.0656015996833959,Short,6299
Instagram,Text,58,180862,3820,560,197,0.0253065873428359,Medium,4577
Twitter,Image,99,44018,3006,167,89,0.074106047526012,Long,3262
Facebook,Text,95,230502,13862,1691,354,0.0690102471995904,Long,15907
Facebook,Video,118,120177,5325,1057,763,0.0594539720578812,Long,7145
Facebook,Video,89,195064,7744,797,369,0.0456773161629003,Long,8910
Facebook,Text,112,229450,6076,705,352,0.0310873828720854,Long,7133
Twitter,Image,5,187912,4353,405,634,0.0286942824300736,Short,5392
Facebook,Image,83,88184,3570,445,376,0.0497936133538964,Long,4391
Twitter,Video,71,99292,1364,101,113,0.0158925190347661,Medium,1578
Twitter,Video,10,46561,2295,199,175,0.0573226520048968,Short,2669
Twitter,Image,82,118981,7631,1196,200,0.0758692564359015,Long,9027
Twitter,Text,59,143142,13562,959,1750,0.1136703413393692,Medium,16271
Instagram,Text,42,175097,11613,2193,1382,0.0867404924127769,Medium,15188
Instagram,Text,37,38779,2565,246,81,0.0745764460145955,Short,2892
Facebook,Text,106,150688,6584,897,434,0.0525257485665746,Long,7915
Instagram,Image,12,100909,2219,218,299,0.0271135379401242,Short,2736
Instagram,Video,94,122715,6163,750,312,0.0588762579961699,Long,7225
Facebook,Video,83,103477,6610,1226,657,0.0820762101723088,Long,8493
Facebook,Text,82,104688,7868,474,656,0.0859506342656273,Long,8998
Facebook,Image,116,120016,10123,1806,1279,0.1100519930675909,Long,13208
Instagram,Image,24,136869,4521,604,111,0.0382555582345162,Short,5236
Instagram,Text,59,175961,5579,835,703,0.04044646256841,Medium,7117
Facebook,Text,52,198462,12081,705,454,0.0667130231480081,Medium,13240
Twitter,Text,87,146666,8938,1467,196,0.0722798739994272,Long,10601
Facebook,Video,60,50754,1503,103,146,0.0345194467431138,Medium,1752
Twitter,Text,101,55639,3498,681,187,0.0784701378529448,Long,4366
Twitter,Video,104,14669,603,102,67,0.0526279910014315,Long,772
Facebook,Image,92,132239,8931,1106,724,0.0813753885011229,Long,10761
Facebook,Image,14,87509,3167,597,312,0.0465780662560422,Short,4076
Facebook,Video,56,155157,9822,740,1077,0.07501434031336,Medium,11639
Instagram,Video,54,33787,2674,531,375,0.1059579128067008,Medium,3580
Twitter,Video,38,26051,2558,402,324,0.1260604199454915,Short,3284
Instagram,Video,40,191638,17629,1141,1487,0.1057045053694987,Medium,20257
Instagram,Text,115,55615,3076,401,236,0.0667625640564595,Long,3713
Facebook,Image,65,211162,11392,1784,1197,0.0680662240365217,Medium,14373
Instagram,Text,104,188334,9302,1320,1073,0.0620971253199103,Long,11695
Facebook,Video,20,249807,3121,354,132,0.0144391470215006,Short,3607
Twitter,Text,83,170711,4256,371,103,0.027707646255953,Long,4730
Facebook,Text,22,212962,3264,279,258,0.0178482546181947,Short,3801
Instagram,Image,75,124123,9020,1705,297,0.0887990138813918,Medium,11022
Instagram,Text,51,22945,1082,92,60,0.0537807801263891,Medium,1234
Facebook,Image,90,223851,3523,684,338,0.0203036841470442,Long,4545
Facebook,Video,36,117135,8451,689,335,0.0808895718615273,Short,9475
Instagram,Text,47,257565,17514,1885,415,0.0769281540581989,Medium,19814
Twitter,Video,87,190036,14214,736,1309,0.0855574733208444,Long,16259
Twitter,Image,44,157299,10064,1866,811,0.0809986077470295,Medium,12741
Facebook,Video,69,227356,5578,366,333,0.0276086841781171,Medium,6277
Twitter,Video,39,84494,1311,135,106,0.0183681681539517,Short,1552
Instagram,Image,73,58168,4859,857,528,0.1073442442580112,Medium,6244
Facebook,Video,54,79086,2326,392,79,0.0353665629820701,Medium,2797
Instagram,Video,16,126915,7466,1315,397,0.0723161170862388,Short,9178
Instagram,Video,80,36772,1973,369,243,0.0702980528663113,Long,2585
Twitter,Text,89,141794,13171,2458,1410,0.1201672849344824,Long,17039
Facebook,Video,62,184214,11001,1821,600,0.0728609117656638,Medium,13422
Facebook,Image,87,70656,4394,603,315,0.0751811594202898,Long,5312
Twitter,Text,67,97625,3783,507,134,0.0453162612035851,Medium,4424
Instagram,Text,77,91884,8846,459,468,0.1063623699447129,Medium,9773
Instagram,Image,111,122129,7952,1259,1028,0.083837581573582,Long,10239
Instagram,Video,53,141949,1483,124,114,0.0121240727303468,Medium,1721
Instagram,Text,116,286048,17176,2993,1773,0.0767074057500839,Long,21942
Facebook,Text,40,89328,3818,508,155,0.0501634425935876,Medium,4481
Facebook,Text,110,225645,2908,576,127,0.0160030135832834,Long,3611
Twitter,Video,58,82195,4014,327,571,0.0597603260538962,Medium,4912
Twitter,Text,51,162756,12958,2054,1676,0.1025338543586718,Medium,16688
Facebook,Image,119,69500,3846,508,472,0.0694388489208633,Long,4826
Facebook,Video,36,37902,2560,485,160,0.084560181520764,Short,3205
Instagram,Image,103,128574,8688,781,809,0.0799384012319753,Long,10278
Instagram,Image,99,236620,16656,981,1399,0.0804496661313498,Long,19036
Twitter,Text,57,37571,1686,221,243,0.0572249873572702,Medium,2150
Facebook,Text,36,72447,3136,402,160,0.0510442116305713,Short,3698
Twitter,Text,66,78752,820,79,117,0.0129012596505485,Medium,1016
Facebook,Image,41,201016,4800,950,537,0.0312761173239941,Medium,6287
Instagram,Video,100,222585,21273,1286,1569,0.1083990385695352,Long,24128
Twitter,Text,111,177010,15190,2057,829,0.1021185243771538,Long,18076
Twitter,Text,105,59203,2057,183,243,0.0419404422073205,Long,2483
Facebook,Image,107,60805,2803,140,355,0.0542389606117917,Long,3298
Instagram,Video,42,242039,22895,4537,1522,0.1196253496337367,Medium,28954
Twitter,Image,34,74649,2429,296,102,0.0378705675896529,Short,2827
Instagram,Text,62,45910,2659,474,223,0.0730995425833151,Medium,3356
Twitter,Image,36,155833,1867,328,151,0.0150545776568506,Short,2346
Instagram,Text,113,292136,19215,3301,2196,0.0845907385601226,Long,24712
Facebook,Video,70,213386,19995,2376,2929,0.1185644793941495,Medium,25300
Twitter,Image,55,89521,8023,1479,714,0.1141184749946939,Medium,10216
Twitter,Text,15,57448,3169,333,364,0.0672956412755883,Short,3866
Instagram,Text,63,74903,5128,570,336,0.0805575210605716,Medium,6034
Instagram,Text,24,277930,17032,1504,1668,0.0726945633792681,Short,20204
Twitter,Text,41,113316,1816,212,63,0.0184528221963359,Medium,2091
Facebook,Image,77,45706,1109,219,139,0.0320964424801995,Medium,1467
Instagram,Text,106,238354,23059,3135,1493,0.116159158226839,Long,27687
Instagram,Image,53,282755,9341,1631,284,0.0398083146186628,Medium,11256
Instagram,Text,23,271634,12114,1084,1802,0.0552213640413203,Short,15000
Twitter,Image,59,52004,2902,561,398,0.0742442889008537,Medium,3861
Twitter,Image,44,193706,19006,987,867,0.1076889719471776,Medium,20860
Twitter,Text,11,98849,7126,1350,478,0.0905826057926736,Short,8954
Twitter,Text,9,131213,8747,1615,1240,0.0884211168100721,Short,11602
Facebook,Text,115,140449,8033,482,992,0.0676900511929597,Long,9507
Facebook,Text,46,12903,942,132,129,0.0932341315973029,Medium,1203
Twitter,Video,92,147639,10299,1728,959,0.0879577889311089,Long,12986
Facebook,Text,52,222493,20303,2244,1047,0.1060437856471889,Medium,23594
Instagram,Text,109,261477,15365,979,760,0.0654130191183163,Long,17104
Instagram,Text,11,258874,12409,2164,1096,0.0605275153163315,Short,15669
Instagram,Image,15,293750,24276,2912,3401,0.1041327659574468,Short,30589
Twitter,Text,77,125116,10257,917,1047,0.0976773554141756,Medium,12221
Instagram,Image,53,138332,3497,212,85,0.0274267703785096,Medium,3794
Facebook,Image,34,164339,5145,751,477,0.0387795958354377,Short,6373
Twitter,Image,45,191441,18431,1038,1826,0.11123531531908,Medium,21295
Facebook,Image,7,184132,9201,1551,879,0.0631666413225294,Short,11631
Instagram,Video,90,21833,1239,205,136,0.0723675170613291,Long,1580
Instagram,Text,44,120256,4559,448,265,0.043839808408728,Medium,5272
Instagram,Image,55,8498,452,54,17,0.0615438926806307,Medium,523
Twitter,Text,88,127740,9823,1477,1154,0.0974949115390637,Long,12454
Facebook,Image,36,199382,10649,2064,484,0.0661895256342097,Short,13197
Twitter,Video,52,179801,6891,882,240,0.0445659367856686,Medium,8013
Twitter,Image,75,12518,233,46,15,0.0234861799009426,Medium,294
Instagram,Text,75,214109,20028,1978,2568,0.1147733163949203,Medium,24574
Twitter,Text,24,24254,2145,276,65,0.1024985569390616,Short,2486
Twitter,Video,93,83438,6777,456,307,0.0903664996764064,Long,7540
Instagram,Text,113,235093,17036,2273,1393,0.0880587682321464,Long,20702
Twitter,Text,39,158617,8945,1166,513,0.0669789492929509,Short,10624
Instagram,Image,112,216978,19694,3492,2241,0.1171869959166367,Long,25427
Instagram,Text,28,265966,21610,4310,2328,0.1062090643164915,Short,28248
Instagram,Image,44,258442,21564,4268,2793,0.1107598610133027,Medium,28625
Instagram,Video,81,182793,6920,591,321,0.042846279671541,Long,7832
Twitter,Text,56,61829,2974,299,310,0.0579501528408999,Medium,3583
Instagram,Image,116,112399,8273,754,998,0.0891911849749552,Long,10025
Instagram,Text,43,14642,635,50,17,0.0479442699084824,Medium,702
Twitter,Image,72,85375,4649,337,115,0.0597481698389458,Medium,5101
Twitter,Video,65,91217,6219,788,576,0.0831314338336055,Medium,7583
Facebook,Image,80,198605,9810,1774,945,0.0630850180005538,Long,12529
Twitter,Text,85,131412,10693,1480,759,0.0984080601467141,Long,12932
Twitter,Image,69,186454,3815,690,94,0.0246656011670438,Medium,4599
Facebook,Text,66,167371,12490,2422,902,0.0944847076255743,Medium,15814
Twitter,Video,85,168107,3878,416,401,0.0279286406871813,Long,4695
Twitter,Image,6,117020,11047,1937,1228,0.1214493249017262,Short,14212
Twitter,Text,10,121937,4665,269,392,0.0436782928889508,Short,5326
Twitter,Text,112,156655,12781,1561,1127,0.0987456512719032,Long,15469
Facebook,Text,79,25105,1429,150,153,0.068990240987851,Medium,1732
Twitter,Image,47,15736,286,23,22,0.0210345704117946,Medium,331
Twitter,Image,86,44281,2764,319,149,0.0729884148957792,Long,3232
Facebook,Image,44,82351,7584,883,371,0.1073211011402411,Medium,8838
Instagram,Video,93,94932,2292,392,270,0.0311170100703661,Long,2954
Facebook,Text,43,158384,6163,1111,513,0.0491653197292655,Medium,7787
Instagram,Text,32,178740,8851,1314,895,0.0618775875573458,Short,11060
Facebook,Video,114,58652,2038,295,165,0.0425901930027961,Long,2498
Facebook,Video,84,134030,12724,846,1608,0.1132433037379691,Long,15178
Twitter,Image,67,13718,603,82,51,0.0536521358798658,Medium,736
Instagram,Image,68,101219,7006,638,1040,0.0857941690789278,Medium,8684
Twitter,Image,16,123727,3730,351,192,0.0345357116878288,Short,4273
Instagram,Image,45,246198,7330,470,278,0.0328109895287532,Medium,8078
Facebook,Image,33,178069,4598,668,315,0.0313417832413278,Short,5581
Facebook,Image,27,165500,8131,1118,1133,0.0627311178247734,Short,10382
Instagram,Video,89,238367,13815,1147,1807,0.0703495030771877,Long,16769
Twitter,Video,84,191894,2104,188,109,0.012512116064077,Long,2401
Twitter,Video,55,159562,13556,2249,1327,0.1073689224251388,Medium,17132
Twitter,Text,116,183281,10290,1738,993,0.0710439161724346,Long,13021
Twitter,Text,109,49351,1191,147,69,0.0285100605864116,Long,1407
Facebook,Image,49,44001,706,51,35,0.0179995909183882,Medium,792
Facebook,Video,94,179928,2822,164,199,0.0177015250544662,Long,3185
Facebook,Text,105,128050,4249,385,520,0.040249902381882,Long,5154
Facebook,Text,26,19410,1066,170,47,0.0660999484801648,Short,1283
Facebook,Video,119,55685,4868,682,379,0.1064739157762413,Long,5929
Twitter,Text,14,168458,15374,2424,1270,0.1131914186325374,Short,19068
Twitter,Text,11,123317,10470,1264,1487,0.1072114955764412,Short,13221
Twitter,Video,77,91547,3622,591,215,0.0483685975509847,Medium,4428
Twitter,Text,93,158358,5952,726,134,0.043016456383637,Long,6812
Facebook,Video,114,145463,14382,900,1584,0.11594701058001,Long,16866
Facebook,Text,19,29999,2139,132,252,0.0841028034267808,Short,2523
Facebook,Video,81,136090,5095,890,567,0.0481446101844367,Long,6552
Instagram,Text,110,17952,711,102,78,0.0496323529411764,Long,891
Twitter,Text,50,152354,7483,687,619,0.057688016067842,Medium,8789
Twitter,Video,94,89995,5936,970,133,0.0782154564142452,Long,7039
Facebook,Text,89,103351,9386,660,1078,0.1076332110961674,Long,11124
Twitter,Video,91,187426,5219,766,739,0.0358754921942526,Long,6724
Twitter,Video,65,19942,350,69,14,0.0217129676060575,Medium,433
Facebook,Text,112,195010,9071,657,261,0.0512230142043997,Long,9989
Instagram,Image,96,6722,215,15,11,0.0358524248735495,Long,241
Instagram,Text,65,265769,16435,1975,2144,0.0773378384988467,Medium,20554
Instagram,Image,55,71219,5193,760,175,0.0860444544292955,Medium,6128
Facebook,Image,42,110775,4205,226,475,0.0442879711126156,Medium,4906
Twitter,Text,16,151466,10858,1356,306,0.0826588145194301,Short,12520
Facebook,Image,92,192631,7875,491,191,0.0444217182073498,Long,8557
Facebook,Video,81,180777,12138,1046,1649,0.0820513671540074,Long,14833
Twitter,Video,108,159541,10685,1676,1284,0.0855266044465059,Long,13645
Instagram,Image,116,110747,3879,623,379,0.0440734286256061,Long,4881
Instagram,Video,70,10492,705,112,29,0.0806328631338162,Medium,846
Facebook,Text,58,150899,6682,399,375,0.0494105328729812,Medium,7456
Instagram,Video,43,121359,4888,821,128,0.048096968498422,Medium,5837
Facebook,Image,80,161564,5822,668,604,0.0439082964026639,Long,7094
Facebook,Text,43,202874,8339,1011,910,0.0505732622218717,Medium,10260
Twitter,Video,119,145941,11793,1332,736,0.0949767371746116,Long,13861
Twitter,Text,82,172854,5542,989,354,0.0398313027179006,Long,6885
Twitter,Image,34,154935,11059,1680,1125,0.0894826862877981,Short,13864
Facebook,Video,109,196059,17852,2231,2551,0.1154448405837018,Long,22634
Twitter,Text,118,177127,7357,1288,524,0.0517651176839217,Long,9169
Instagram,Text,111,209427,2650,452,223,0.0158766539175941,Long,3325
Instagram,Video,52,296280,3618,183,400,0.0141791548535169,Medium,4201
Facebook,Text,87,122829,2770,337,178,0.0267444984490633,Long,3285
Facebook,Text,35,17837,355,19,47,0.0236026237596008,Short,421
Twitter,Image,111,77592,6000,576,780,0.0948035879987627,Long,7356
Facebook,Image,118,134787,4924,839,530,0.0466884788592371,Long,6293
Facebook,Image,111,151347,10401,1992,934,0.0880559244649712,Long,13327
Instagram,Image,29,25191,348,30,51,0.0170298916279623,Short,429
Instagram,Image,72,247070,9046,481,1006,0.0426316428542518,Medium,10533
Twitter,Image,118,10894,338,37,35,0.0376353956306223,Long,410
Facebook,Video,55,87253,3046,305,408,0.0430816132396593,Medium,3759
Facebook,Image,17,87114,2366,358,218,0.0337718391992102,Short,2942
Instagram,Text,104,28321,1858,230,95,0.0770806115603262,Long,2183
Facebook,Video,67,111505,7765,852,294,0.0799156988475853,Medium,8911
Instagram,Text,46,29959,699,59,56,0.0271704663039487,Medium,814
Twitter,Image,58,143587,11013,1919,958,0.0967357769157375,Medium,13890
Instagram,Image,105,70196,2281,199,291,0.039475183771155,Long,2771
Facebook,Text,71,155515,5515,321,210,0.0388772787190946,Medium,6046
Twitter,Text,84,186622,15786,2126,1713,0.1051590916397852,Long,19625
Instagram,Text,94,173280,15786,1540,939,0.105407433056325,Long,18265
Instagram,Video,108,137855,11611,1821,1649,0.1093975554024155,Long,15081
Twitter,Image,60,80649,1879,116,152,0.026621532815038,Medium,2147
Twitter,Text,107,72921,7287,1420,735,0.1294825907488926,Long,9442
Instagram,Image,23,143054,10084,786,1053,0.0833461490066688,Short,11923
Facebook,Text,50,103887,5813,601,185,0.063520941022457,Medium,6599
Instagram,Image,19,244297,23436,2862,3065,0.1201938623888136,Short,29363
Twitter,Video,36,17316,1446,265,59,0.1022176022176022,Short,1770
Instagram,Image,53,125357,9057,1434,649,0.0888661981381175,Medium,11140
Twitter,Text,25,107364,9174,657,985,0.1007414030773816,Short,10816
Twitter,Image,69,4936,220,25,5,0.0506482982171799,Medium,250
Facebook,Video,74,80400,5756,756,549,0.0878233830845771,Medium,7061
Twitter,Video,31,76843,2086,323,152,0.0333276941295889,Short,2561
Twitter,Image,27,8709,861,116,24,0.1149385692961304,Short,1001
Facebook,Text,51,229462,14458,1714,1654,0.0776860656666463,Medium,17826
Twitter,Video,99,22707,1891,311,161,0.1040648258246355,Long,2363
Facebook,Video,16,42384,1977,210,117,0.0543601359003397,Short,2304
Facebook,Image,89,38187,2989,592,92,0.0961845654280252,Long,3673
Twitter,Video,70,68935,3092,594,281,0.0575469645318053,Medium,3967
Twitter,Video,9,44536,2810,438,167,0.0766795401472965,Short,3415
Instagram,Text,13,281389,22520,4107,3221,0.1060737981939592,Short,29848
Facebook,Text,24,114282,2340,255,226,0.024684552247948,Short,2821
Instagram,Text,114,224979,9474,1300,540,0.0502891380973335,Long,11314
Twitter,Image,86,114740,6774,615,600,0.0696269827435942,Long,7989
Instagram,Video,67,37286,1493,272,134,0.0509306442096229,Medium,1899
Facebook,Image,90,221301,8370,1009,958,0.0467101368724045,Long,10337
Instagram,Video,76,170375,6022,785,826,0.0448011738811445,Medium,7633
Facebook,Video,102,220745,6733,1209,977,0.0404040861627669,Long,8919
Twitter,Video,77,174121,15044,2551,1704,0.1108367169956524,Medium,19299
Twitter,Text,75,82901,7720,758,702,0.1107344905369054,Medium,9180
Facebook,Image,34,190272,13892,876,684,0.0812100571812983,Short,15452
Twitter,Image,86,80986,1028,76,74,0.014545723952288,Long,1178
Twitter,Video,95,71726,5792,584,483,0.0956278058165797,Long,6859
Twitter,Image,20,118342,6848,655,251,0.0655219617718139,Short,7754
Twitter,Text,89,175933,13763,767,734,0.0867603007963258,Long,15264
Facebook,Image,9,177711,8771,1006,1297,0.0623146569430142,Short,11074
Instagram,Video,33,291081,3992,262,472,0.0162360305207141,Short,4726
Instagram,Text,51,195586,13956,1160,1153,0.0831808002617774,Medium,16269
Twitter,Text,105,125245,6258,1052,309,0.0608327677751606,Long,7619
Instagram,Video,111,271104,24037,2986,2272,0.1080581621813031,Long,29295
Instagram,Image,26,146636,11207,1187,561,0.0883480182219918,Short,12955
Twitter,Video,82,67533,2860,222,128,0.0475323175336502,Long,3210
Twitter,Image,61,49510,3721,669,119,0.0910725106039184,Medium,4509
Instagram,Image,87,272235,14855,2756,964,0.068231491174904,Long,18575
Facebook,Text,39,249278,6967,890,629,0.0340423142034194,Short,8486
Twitter,Video,92,64335,3074,578,125,0.0587083236185591,Long,3777
Facebook,Text,110,164591,4942,591,227,0.0349958381685511,Long,5760
Instagram,Video,64,68564,716,47,50,0.0118575345662446,Medium,813
Twitter,Video,74,131257,4228,222,353,0.0365923341231324,Medium,4803
Facebook,Text,64,118517,3420,236,407,0.0342820017381472,Medium,4063
Twitter,Video,62,61977,643,92,60,0.0128273391742097,Medium,795
Instagram,Video,7,109931,8855,868,888,0.0965241833513749,Short,10611
Facebook,Image,38,199047,3369,496,372,0.0212864298381789,Short,4237
Instagram,Video,49,275132,13870,1750,1090,0.0607344838114068,Medium,16710
Instagram,Video,54,171826,8180,817,528,0.0554339855435149,Medium,9525
Twitter,Text,6,95650,2518,208,312,0.0317616309461578,Short,3038
Facebook,Text,19,26074,2529,157,322,0.1153639641021707,Short,3008
Instagram,Video,41,288342,18550,3104,742,0.0776716538000013,Medium,22396
Instagram,Image,19,161252,13418,2319,1931,0.1095676332696648,Short,17668
Facebook,Image,64,51068,2791,366,393,0.0695151562622385,Medium,3550
Instagram,Text,100,115969,8703,640,1159,0.0905586837861842,Long,10502
Instagram,Video,89,21560,2097,187,157,0.1132189239332096,Long,2441
Facebook,Video,68,242889,10045,1941,1300,0.0546998834858721,Medium,13286
Facebook,Image,85,176746,9788,821,994,0.0656478788770325,Long,11603
Facebook,Image,102,68152,3837,224,179,0.0622138748679422,Long,4240
Facebook,Image,100,126516,12560,1664,1516,0.1244111416737804,Long,15740
Twitter,Text,118,172010,5328,475,387,0.0359862798674495,Long,6190
Facebook,Video,115,38391,2717,526,157,0.0885624234846708,Long,3400
Twitter,Text,56,30731,689,93,92,0.0284403371188701,Medium,874
Twitter,Video,27,86698,8100,1578,1069,0.123959030196775,Short,10747
Twitter,Text,103,115880,7316,1227,968,0.0820762858129099,Long,9511
Instagram,Video,41,123440,10782,1708,1420,0.1126863253402462,Medium,13910
Twitter,Image,111,158308,14338,2502,1319,0.1147067741364934,Long,18159
Twitter,Image,45,170205,10236,1440,1025,0.0746217796186951,Medium,12701
Instagram,Image,105,212987,15203,785,2179,0.0852962856887979,Long,18167
Instagram,Text,61,9340,680,74,25,0.0834047109207708,Medium,779
Instagram,Image,101,75291,3873,320,483,0.0621056965639983,Long,4676
Facebook,Video,29,51731,2541,292,224,0.0590941601747501,Short,3057
Instagram,Text,114,193500,5177,624,762,0.0339173126614987,Long,6563
Instagram,Video,41,221513,9868,682,1017,0.0522181542392545,Medium,11567
Twitter,Text,44,98791,9796,524,402,0.1085321537387009,Medium,10722
Instagram,Video,89,107262,3677,260,463,0.0410210512576681,Long,4400
Facebook,Video,50,234512,18437,3293,1981,0.1011078324350139,Medium,23711
Instagram,Text,64,245164,3761,614,148,0.0184488750387495,Medium,4523
Facebook,Text,116,44813,2333,396,49,0.0619909401289804,Long,2778
Instagram,Image,106,210207,3207,293,290,0.0180298467700885,Long,3790
Instagram,Image,108,106354,5617,479,288,0.0600259510690712,Long,6384
Instagram,Video,102,281927,3518,195,466,0.0148229860921444,Long,4179
Instagram,Video,23,232870,15182,1834,798,0.0764976166960106,Short,17814
Facebook,Video,95,92012,5777,620,613,0.0761857149067512,Long,7010
Facebook,Text,13,70933,5802,1017,376,0.1014337473390382,Short,7195
Twitter,Text,73,42680,2667,406,174,0.0760777881911902,Medium,3247
Facebook,Image,9,227083,21195,1518,924,0.1040896940766151,Short,23637
Instagram,Video,93,64179,5165,1023,440,0.1032736564919989,Long,6628
Twitter,Image,30,101613,2229,369,212,0.0276539419168807,Short,2810
Twitter,Text,23,41970,1422,224,135,0.0424350726709554,Short,1781
Twitter,Text,34,6718,83,6,10,0.0147365287287883,Short,99
Instagram,Text,104,84707,3790,704,397,0.0577402103722242,Long,4891
Facebook,Image,52,144798,8088,979,940,0.0691100705810853,Medium,10007
Instagram,Text,116,266643,25367,2400,1573,0.1100347655854457,Long,29340
Twitter,Video,20,19139,1091,161,81,0.0696483619833847,Short,1333
Instagram,Image,75,267129,21448,1753,479,0.088646309460972,Medium,23680
Instagram,Text,22,201753,6884,1281,208,0.041501241617225,Short,8373
Facebook,Image,60,122804,2920,520,204,0.0296733005439562,Medium,3644
Facebook,Image,25,47782,3964,474,187,0.0967937717131974,Short,4625
Twitter,Text,35,21958,708,55,88,0.0387558065397577,Short,851
Instagram,Text,5,227811,20143,2507,2174,0.1089675213224997,Short,24824
Instagram,Image,7,157379,3979,287,581,0.030798264063185,Short,4847
Facebook,Image,99,234234,20294,1836,2746,0.1062014908168754,Long,24876
Instagram,Text,29,108026,8594,1051,1264,0.1009849480680576,Short,10909
Instagram,Video,12,280727,18250,970,1231,0.0728501355409348,Short,20451
Instagram,Image,69,249245,21564,3555,1789,0.1079580332604465,Medium,26908
Facebook,Image,66,20013,795,63,54,0.0455703792534852,Medium,912
Twitter,Video,11,49984,1246,224,181,0.0330305697823303,Short,1651
Twitter,Text,11,123246,2974,158,215,0.0271570679778654,Short,3347
Instagram,Text,12,180946,6212,806,218,0.039989831220364,Short,7236
Twitter,Video,23,173269,8691,1447,456,0.0611419238294213,Short,10594
Facebook,Text,21,132110,11736,1005,882,0.1031186132768147,Short,13623
Facebook,Text,15,12096,218,34,21,0.0225694444444444,Short,273
Twitter,Image,115,75533,6977,1103,700,0.1162405835859822,Long,8780
Twitter,Image,109,116795,10896,1587,1292,0.1179416927094481,Long,13775
Instagram,Image,53,292762,22089,2311,2302,0.0912071921902432,Medium,26702
Twitter,Video,15,11868,1080,181,90,0.1138355240984159,Short,1351
Instagram,Text,106,289026,22919,3306,548,0.0926318047511296,Long,26773
Instagram,Text,45,173035,9957,1379,1098,0.0718582945646834,Medium,12434
Facebook,Image,66,109760,7032,1215,218,0.0771228134110787,Medium,8465
Facebook,Image,118,105125,6995,606,566,0.0776884661117717,Long,8167
Facebook,Video,56,128677,2756,233,376,0.0261507495512018,Medium,3365
Facebook,Text,70,194536,5325,574,519,0.0329913229427972,Medium,6418
Twitter,Video,72,162542,9281,565,425,0.0631898217076201,Medium,10271
Facebook,Text,118,112982,2301,231,287,0.0249508771308704,Long,2819
Twitter,Video,96,72714,7042,781,415,0.1132931760046208,Long,8238
Facebook,Image,101,197742,11002,1367,1045,0.0678358669377269,Long,13414
Twitter,Video,79,73102,3231,284,331,0.0526114196602008,Medium,3846
Instagram,Video,71,156425,3782,703,435,0.0314527728943583,Medium,4920
Twitter,Image,44,171260,8132,754,231,0.0532348476001401,Medium,9117
Twitter,Text,9,35375,1316,233,172,0.0486501766784452,Short,1721
Facebook,Text,89,74210,1329,155,46,0.0206171674976418,Long,1530
Twitter,Image,26,155344,15073,2377,486,0.1154598825831702,Short,17936
Instagram,Video,41,171234,5795,386,460,0.0387831855823025,Medium,6641
Instagram,Video,15,78606,5670,746,387,0.086545556318856,Short,6803
Facebook,Video,48,163544,2979,578,80,0.0222386636012326,Medium,3637
Instagram,Text,90,194576,17937,2689,745,0.1098336896636789,Long,21371
Twitter,Video,109,121837,7696,1331,593,0.0789579520178599,Long,9620
Instagram,Text,57,191513,13237,1180,1691,0.0841091727454533,Medium,16108
Facebook,Video,81,111343,8947,1521,320,0.0968897910061701,Long,10788
Twitter,Image,65,63401,4091,420,137,0.0733111465118846,Medium,4648
Facebook,Image,71,61835,1012,124,126,0.0204091533920918,Medium,1262
Twitter,Text,17,58936,2867,224,240,0.0565189357947604,Short,3331
Instagram,Text,96,167590,5628,691,376,0.0399486842890387,Long,6695
Facebook,Image,15,219007,11783,1500,942,0.0649522617998511,Short,14225
Facebook,Image,15,188534,8745,1253,641,0.0564301399217117,Short,10639
Twitter,Video,89,129446,10923,1969,1328,0.109852757134249,Long,14220
Facebook,Image,89,161385,5202,497,110,0.0359946711280478,Long,5809
Twitter,Text,11,130344,3664,724,279,0.0358052537899711,Short,4667
Twitter,Image,21,18110,1742,308,70,0.1170623964660408,Short,2120
Twitter,Text,52,167888,16026,1769,962,0.1117232917182883,Medium,18757
Twitter,Text,18,63549,6317,530,218,0.1111740546664778,Short,7065
Instagram,Video,67,295674,18081,1097,1365,0.0694785473190067,Medium,20543
Twitter,Video,68,2893,58,4,6,0.0235050120981679,Medium,68
Facebook,Video,101,131745,11753,2147,1245,0.1149569243614558,Long,15145
Instagram,Video,79,128967,2974,278,367,0.028061442074329,Medium,3619
Facebook,Image,81,245419,5890,416,741,0.0287141582355074,Long,7047
Instagram,Video,69,294029,8058,430,787,0.0315445075145648,Medium,9275
Twitter,Image,38,46560,3203,303,211,0.0798324742268041,Short,3717
Instagram,Video,13,18613,365,30,9,0.0217052597646806,Short,404
Instagram,Video,81,142159,11379,743,280,0.0872403435589727,Long,12402
Facebook,Text,41,169773,2587,498,89,0.0186955522963015,Medium,3174
Facebook,Image,34,21665,432,38,63,0.0246018924532656,Short,533
Twitter,Text,45,108568,5331,271,651,0.0575952398496794,Medium,6253
Instagram,Video,49,235756,10402,1993,755,0.055778007770746,Medium,13150
Instagram,Image,105,296766,29401,4021,2369,0.1206034383992775,Long,35791
Instagram,Video,51,218475,21195,1323,2455,0.1143059846664378,Medium,24973
Twitter,Text,11,43989,1190,65,103,0.0308713542021869,Short,1358
Twitter,Image,18,46741,4449,294,297,0.1078282450097345,Short,5040
Twitter,Text,52,22163,1602,222,104,0.0869918332355728,Medium,1928
Twitter,Video,10,73637,3445,204,162,0.0517538737319554,Short,3811
Twitter,Video,38,61175,4683,633,632,0.0972292603187576,Short,5948
Facebook,Video,84,237330,21600,3194,1594,0.1111869548729617,Long,26388
Instagram,Image,119,260972,6840,493,805,0.0311834219763039,Long,8138
Instagram,Text,105,139547,3856,475,364,0.0336445785290977,Long,4695
Instagram,Text,104,75259,3520,684,415,0.0613747193026747,Long,4619
Instagram,Video,50,282034,7115,1248,439,0.0312090031698305,Medium,8802
Instagram,Text,63,159342,6761,1071,796,0.0541476823436382,Medium,8628
Instagram,Image,74,273857,18653,2381,2288,0.0851612337825945,Medium,23322
Instagram,Video,12,98389,8181,892,274,0.0950004573682017,Short,9347
Instagram,Video,28,201189,7479,880,238,0.0427309644165436,Short,8597
Facebook,Video,71,85979,3039,500,450,0.0463950499540585,Medium,3989
Instagram,Image,8,258154,20697,2755,731,0.09367664262417,Short,24183
Facebook,Video,100,133742,5923,975,645,0.0563996351183622,Long,7543
Twitter,Video,5,195666,16369,3199,1918,0.109809573456809,Short,21486
Instagram,Video,38,219592,21828,3188,616,0.116725563772815,Short,25632
Twitter,Video,113,189577,18610,2614,2178,0.1234432446974052,Long,23402
Twitter,Text,13,175329,12210,1354,910,0.0825533710909205,Short,14474
Twitter,Video,67,117039,5122,407,285,0.0496757491092712,Medium,5814
Facebook,Image,80,49492,786,83,83,0.0192354319890083,Long,952
Twitter,Video,14,111718,8537,1092,1095,0.0959916933708086,Short,10724
Twitter,Video,14,148467,14552,803,1374,0.1126782382617012,Short,16729
Twitter,Text,54,74005,1192,144,158,0.0201878251469495,Medium,1494
Instagram,Video,48,30040,317,56,7,0.0126498002663115,Medium,380
Instagram,Text,52,114009,9674,1900,1122,0.1113596295029339,Medium,12696
Facebook,Image,91,71702,1376,245,57,0.0234024155532621,Long,1678
Facebook,Text,10,24637,427,32,24,0.0196046596582376,Short,483
Instagram,Video,92,72745,6687,489,631,0.107320090727885,Long,7807
Facebook,Image,28,142819,2450,267,136,0.0199763336810928,Short,2853
Instagram,Video,89,156322,3167,265,132,0.022799094177403,Long,3564
Twitter,Text,110,92467,5664,857,765,0.0787956784582607,Long,7286
Twitter,Image,99,113855,8893,557,1226,0.0937683896183742,Long,10676
Facebook,Image,115,232939,10706,1247,264,0.0524472072087542,Long,12217
Instagram,Text,62,59040,2825,260,240,0.0563177506775067,Medium,3325
Instagram,Text,109,112518,7531,1049,350,0.0793650793650793,Long,8930
Facebook,Image,68,165377,9176,1555,1213,0.0722228604945064,Medium,11944
Instagram,Image,98,201390,2351,443,188,0.0148070907194994,Long,2982
Twitter,Text,60,197309,3990,776,327,0.0258123045578255,Medium,5093
Facebook,Video,102,86110,5368,551,545,0.075066775055162,Long,6464
Facebook,Image,86,99395,8093,1443,220,0.0981538306755873,Long,9756
Instagram,Text,16,188434,14825,2057,541,0.0924620822144623,Short,17423
Facebook,Video,39,144168,11044,1698,936,0.094875423117474,Short,13678
Instagram,Image,75,257138,20420,3628,2974,0.1050875405424324,Medium,27022
Instagram,Image,109,80764,1130,78,146,0.016764895250359,Long,1354
Instagram,Text,108,145290,13157,2527,1784,0.1202285085002409,Long,17468
Instagram,Video,93,220555,19857,2623,751,0.1053297363469429,Long,23231
Instagram,Image,10,155407,8993,902,1300,0.0720366521456562,Short,11195
Facebook,Video,69,180933,5857,590,672,0.0393460562749747,Medium,7119
Twitter,Video,114,31907,2019,328,125,0.077475162190115,Long,2472
Twitter,Image,84,41387,2491,378,329,0.0772706405392997,Long,3198
Facebook,Video,64,221639,6663,1062,780,0.0383732104909334,Medium,8505
Facebook,Image,116,77655,4991,438,577,0.0773420900135213,Long,6006
Twitter,Video,72,59407,4856,366,560,0.0973285976400087,Medium,5782
Twitter,Image,33,198334,16372,2591,2031,0.1058517450361511,Short,20994
Twitter,Text,42,137627,2115,200,303,0.0190224301917501,Medium,2618
Twitter,Image,115,48095,1334,111,50,0.0310843122985757,Long,1495
Twitter,Image,96,197123,13826,1136,2073,0.086418124724157,Long,17035
Instagram,Image,26,6042,527,38,70,0.1050976497848394,Short,635
Facebook,Video,12,106748,6074,692,470,0.0677858133173455,Short,7236
Instagram,Text,67,255763,18843,1679,762,0.0832176663551803,Medium,21284
Twitter,Video,100,6188,73,13,5,0.0147058823529411,Long,91
Twitter,Video,101,80596,5219,800,632,0.0825227058414809,Long,6651
Twitter,Image,17,191225,18466,2983,1815,0.1216577330369983,Short,23264
Instagram,Video,31,146305,10166,1123,572,0.0810703666997026,Short,11861
Instagram,Image,22,270232,25132,3519,1831,0.1127993723911305,Short,30482
Twitter,Text,22,3646,222,27,31,0.0767964893033461,Short,280
Instagram,Video,81,149199,12816,962,1595,0.1030368836252253,Long,15373
Instagram,Video,90,168687,3571,204,129,0.023143455038029,Long,3904
Twitter,Video,66,199095,4204,641,382,0.0262537984379316,Medium,5227
Instagram,Image,18,282597,5882,401,829,0.025166579970771,Short,7112
Facebook,Image,15,55233,2982,174,72,0.0584433219271087,Short,3228
Facebook,Video,107,168587,6696,778,170,0.0453415743799937,Long,7644
Facebook,Video,118,192164,14359,2307,1625,0.095184321725193,Long,18291
Facebook,Text,90,216519,19754,3265,1873,0.1149645065790992,Long,24892
Twitter,Text,104,198072,13021,2357,338,0.0793448846883961,Long,15716
Twitter,Text,21,85087,2483,198,371,0.035869169203286,Short,3052
Twitter,Text,55,63993,6001,1187,572,0.1212632631694091,Medium,7760
Facebook,Text,100,187834,10801,1776,906,0.071781466614138,Long,13483
Facebook,Image,18,215886,16147,1188,1262,0.0861426864178316,Short,18597
Instagram,Text,110,262493,23662,4167,2628,0.1160297607936211,Long,30457
Instagram,Text,61,91392,9055,1130,720,0.1193211659663865,Medium,10905
Facebook,Video,97,211539,11750,704,1241,0.0647398352076921,Long,13695
Facebook,Image,10,125349,10369,723,865,0.0953896720356763,Short,11957
Facebook,Text,118,156260,9534,1097,947,0.0740944579546909,Long,11578
Facebook,Text,61,69019,3711,480,462,0.0674162187223808,Medium,4653
Instagram,Text,8,5451,318,61,40,0.0768666299761511,Short,419
Facebook,Video,15,138141,7402,609,965,0.0649770886268377,Short,8976
Instagram,Video,113,149458,7157,866,331,0.0558953016901069,Long,8354
Facebook,Video,108,141279,10614,890,296,0.0835226749906214,Long,11800
Facebook,Text,78,236773,7688,1028,989,0.0409886262369442,Medium,9705
Facebook,Video,96,172511,11295,2105,288,0.0793456649141214,Long,13688
Instagram,Text,15,188357,13969,1888,667,0.0877270289928168,Short,16524
Instagram,Image,103,285301,25759,3258,2277,0.1096876632048257,Long,31294
Twitter,Text,83,76726,3058,496,401,0.0515470635768839,Long,3955
Facebook,Video,12,108716,9507,685,1298,0.1056882151661209,Short,11490
Twitter,Image,88,174429,16584,3082,1685,0.1224051046557625,Long,21351
Twitter,Text,118,148001,10120,1382,1474,0.0876750832764643,Long,12976
Instagram,Image,63,109636,8708,1331,1000,0.1006877303075632,Medium,11039
Instagram,Image,25,184819,8596,1485,761,0.0586627998203647,Short,10842
Twitter,Image,69,9913,948,137,35,0.1129829516796126,Medium,1120
Facebook,Text,97,209603,14751,2156,1117,0.0859911356230588,Long,18024
Instagram,Video,28,31727,1202,191,152,0.0486966936678538,Short,1545
Facebook,Text,34,136018,6308,364,358,0.0516843358967195,Short,7030
Facebook,Video,108,64061,4202,451,399,0.0788623343375845,Long,5052
Twitter,Text,103,194544,6044,1175,893,0.0416975080187515,Long,8112
Twitter,Text,101,115388,8983,796,383,0.0880680833362221,Long,10162
Twitter,Text,88,69957,2114,277,70,0.0351787526623497,Long,2461
Twitter,Video,61,87839,5556,424,685,0.0758774576213299,Medium,6665
Instagram,Text,84,242406,17630,1736,409,0.0815780137455343,Long,19775
Instagram,Image,77,160576,14030,2210,1453,0.1101845854922279,Medium,17693
Twitter,Text,99,3844,292,42,18,0.0915712799167533,Long,352
Instagram,Image,21,39572,3240,363,369,0.1003740018194683,Short,3972
Twitter,Video,63,156047,14381,2742,512,0.1130108236621018,Medium,17635
Facebook,Video,35,22449,1432,238,90,0.0783999287273375,Short,1760
Facebook,Text,68,113137,9748,879,216,0.0958395573508224,Medium,10843
Facebook,Text,52,22459,693,83,35,0.0361102453359455,Medium,811
Twitter,Text,27,199867,16654,3026,1379,0.1053650677700671,Short,21059
Facebook,Image,74,152676,4572,244,197,0.0328342372082056,Medium,5013
Instagram,Video,34,256201,24112,3308,2361,0.1162407640875718,Short,29781
Facebook,Image,59,128298,5093,431,180,0.0444589939048153,Medium,5704
Facebook,Image,11,213467,5436,323,635,0.0299531075060782,Short,6394
Facebook,Text,116,112334,2621,489,366,0.0309434365374686,Long,3476
Instagram,Text,108,292506,7855,1354,551,0.0333668369195845,Long,9760
Twitter,Image,110,161015,8095,629,717,0.0586342887308635,Long,9441
Instagram,Image,114,26319,1500,263,125,0.0717352482997074,Long,1888
Twitter,Text,79,102751,9477,682,1157,0.1101303150334303,Medium,11316
Twitter,Text,102,184122,8155,990,1217,0.0562779026949522,Long,10362
Facebook,Image,16,141769,4192,665,484,0.0376739625729179,Short,5341
Twitter,Text,64,186727,14367,1868,688,0.0906296357784359,Medium,16923
Instagram,Text,56,101896,2253,400,248,0.0284702049148151,Medium,2901
Instagram,Image,113,229768,20749,2957,2075,0.1122044845235193,Long,25781
Twitter,Image,115,30735,1439,165,68,0.0544005205791442,Long,1672
Facebook,Video,31,34293,2237,422,114,0.0808619834951739,Short,2773
Facebook,Image,16,203557,5446,301,571,0.0310379893592458,Short,6318
Instagram,Text,17,212267,4902,604,612,0.0288221909199263,Short,6118
Facebook,Image,76,142082,11635,1734,1385,0.1038414436733717,Medium,14754
Twitter,Image,84,94305,4590,805,453,0.0620115582418747,Long,5848
Twitter,Image,66,91359,9026,1183,1280,0.1257566304359723,Medium,11489
Instagram,Video,33,109545,6264,1145,720,0.0742069469167921,Short,8129
Twitter,Video,39,16787,1445,164,130,0.1035920652886162,Short,1739
Instagram,Text,64,116489,11438,1115,1442,0.1201400990651477,Medium,13995
Twitter,Video,33,146375,5167,1013,298,0.0442561912894961,Short,6478
Instagram,Image,35,202874,16651,2498,903,0.0988396738862545,Short,20052
Facebook,Video,81,101782,1219,138,178,0.0150812520877954,Long,1535
Twitter,Image,80,55448,3946,717,566,0.0943045736545953,Long,5229
Twitter,Video,119,71513,5511,840,741,0.099170780137877,Long,7092
Instagram,Video,65,273212,14470,2108,692,0.0632109863402778,Medium,17270
Instagram,Video,6,115040,2828,450,272,0.0308588317107093,Short,3550
Twitter,Image,37,120962,7923,1273,709,0.0818852201517832,Short,9905
Instagram,Video,76,167299,15186,1882,704,0.1062289672980711,Medium,17772
Twitter,Image,66,14740,1382,156,108,0.1116689280868385,Medium,1646
Facebook,Image,109,91333,7046,1313,566,0.0977193347420976,Long,8925
Instagram,Text,63,143863,4853,604,248,0.0396557836274789,Medium,5705
Twitter,Video,44,133557,11797,971,1700,0.108328279311455,Medium,14468
Facebook,Text,53,179120,16119,2067,1354,0.1090888789638231,Medium,19540
Facebook,Text,109,164767,7093,391,625,0.0492149520231599,Long,8109
Twitter,Image,36,170513,4513,715,441,0.0332467319207333,Short,5669
Instagram,Video,42,267481,23730,1638,3210,0.106841233582946,Medium,28578
Twitter,Image,96,132996,11924,796,1065,0.1036497338265812,Long,13785
Facebook,Image,83,149164,2846,546,257,0.0244630071599045,Long,3649
Twitter,Video,91,58052,5632,934,288,0.118066561014263,Long,6854
Instagram,Image,92,236379,13704,1536,1348,0.0701754385964912,Long,16588
Facebook,Video,17,4471,444,38,30,0.1145157682845001,Short,512
Twitter,Video,89,53194,2662,469,277,0.0640673760198518,Long,3408
Instagram,Image,58,252279,14631,2857,864,0.0727448578756059,Medium,18352
Facebook,Image,80,206097,6996,883,790,0.0420627180405343,Long,8669
Instagram,Text,17,194117,17646,2417,1772,0.1124837082790276,Short,21835
Facebook,Image,43,122076,6095,526,497,0.0583079393164913,Medium,7118
Twitter,Video,27,75392,6281,869,204,0.097543505942275,Short,7354
Instagram,Text,118,104909,1801,198,182,0.0207894460913744,Long,2181
Facebook,Video,114,8664,701,123,92,0.105724838411819,Long,916
Instagram,Text,111,93859,5079,541,214,0.062157065385312,Long,5834
Instagram,Image,96,96991,1017,149,31,0.0123413512593952,Long,1197
Twitter,Image,18,121805,3698,297,92,0.0335536308033332,Short,4087
Instagram,Image,21,36536,1002,63,24,0.0298062185241953,Short,1089
Facebook,Video,28,139063,10799,605,1398,0.0920589948440634,Short,12802
Facebook,Text,62,206402,10928,1227,1252,0.0649557659325006,Medium,13407
Facebook,Video,67,97754,2382,177,110,0.0273032305583403,Medium,2669
Facebook,Text,38,119134,3944,784,549,0.0442946597948528,Short,5277
Twitter,Image,55,98649,5461,927,205,0.0668329126499001,Medium,6593
Instagram,Video,116,98513,1159,178,79,0.0143737374762721,Long,1416
Twitter,Image,90,30359,1462,249,115,0.0601469086597055,Long,1826
Instagram,Video,14,122060,8669,775,258,0.07948549893495,Short,9702
Instagram,Image,76,23043,1304,237,84,0.0705203315540511,Medium,1625
Instagram,Video,25,93059,5939,1183,197,0.0786490291105642,Short,7319
Twitter,Video,41,11070,436,40,53,0.0477868112014453,Medium,529
Instagram,Text,11,208807,5528,1092,144,0.0323935500246639,Short,6764
Twitter,Image,94,147205,12199,1196,271,0.0928365204986243,Long,13666
Facebook,Text,17,59955,5486,283,632,0.1067634058877491,Short,6401
Facebook,Text,84,31571,1766,185,214,0.0685755915238668,Long,2165
Instagram,Image,34,252275,9448,1886,797,0.0480864136359131,Short,12131
Twitter,Video,35,79115,4431,643,271,0.0675598811856158,Short,5345
Facebook,Text,9,183813,16379,2527,831,0.107375430464657,Short,19737
Twitter,Image,36,100891,7287,624,256,0.0809487466671952,Short,8167
Twitter,Video,20,132644,11576,832,960,0.1007810379662857,Short,13368
Instagram,Text,115,26871,1062,194,89,0.0500539615198541,Long,1345
Facebook,Text,77,140295,10392,1163,823,0.088228375922164,Medium,12378
Instagram,Text,26,281341,19349,979,2344,0.0805854816752624,Short,22672
Instagram,Video,68,79923,4910,462,161,0.0692291330405515,Medium,5533
Facebook,Text,48,105657,6079,482,651,0.0682586104091541,Medium,7212
Facebook,Video,44,95438,5686,799,410,0.0722458559483643,Medium,6895
Twitter,Text,113,196268,16971,2773,871,0.1050349522082051,Long,20615
Facebook,Image,41,103909,9605,1197,1043,0.1139939754977913,Medium,11845
Twitter,Text,82,102842,2073,161,94,0.0226366659535987,Long,2328
Twitter,Image,20,81432,4982,292,249,0.0678234600648393,Short,5523
Twitter,Image,47,43525,4032,391,604,0.1154968408960367,Medium,5027
Facebook,Image,88,19198,424,72,57,0.0288050838629023,Long,553
Instagram,Video,67,170596,8044,908,889,0.0576859949822973,Medium,9841
Twitter,Image,112,96187,1733,152,105,0.020688866478838,Long,1990
Instagram,Text,19,103172,2085,110,187,0.0230876594424843,Short,2382
Instagram,Video,48,104499,9548,1187,348,0.1060584311811596,Medium,11083
Facebook,Image,94,152587,7653,1168,485,0.0609881575756781,Long,9306
Instagram,Video,13,261840,18848,1480,543,0.0797089825847846,Short,20871
Instagram,Video,69,289171,6507,849,646,0.0276722077940042,Medium,8002
Facebook,Video,103,16792,201,22,26,0.0148284897570271,Long,249
Twitter,Text,48,83313,7510,1168,940,0.115444168377084,Medium,9618
Instagram,Image,24,90330,5574,998,731,0.080848001771283,Short,7303
Facebook,Video,113,35544,419,40,17,0.0133918523520144,Long,476
Instagram,Video,74,220359,21883,4064,2287,0.128127283206041,Medium,28234
Instagram,Video,110,90263,4901,764,707,0.0705937094933693,Long,6372
Twitter,Image,78,115329,6092,338,742,0.062187307615604,Medium,7172
Instagram,Video,116,159737,10523,1775,215,0.0783350131779112,Long,12513
Facebook,Video,37,34126,365,45,49,0.0134501553068041,Short,459
Instagram,Text,84,155553,9523,1826,1064,0.0797991681291906,Long,12413
Twitter,Image,104,101637,6774,667,242,0.0755925499572006,Long,7683
Twitter,Text,10,129208,4745,658,288,0.0440452603553959,Short,5691
Facebook,Image,87,26549,2002,387,70,0.0926211910053109,Long,2459
Twitter,Image,35,185308,8147,738,935,0.0529928551384721,Short,9820
Instagram,Image,70,200055,14924,1802,305,0.0851315888130764,Medium,17031
Twitter,Text,22,38155,875,142,70,0.028489057790591,Short,1087
Facebook,Text,110,40481,3733,573,559,0.1201798374546083,Long,4865
Twitter,Text,32,69967,6237,1096,814,0.1164406077150656,Short,8147
Twitter,Text,72,101320,2386,305,229,0.0288195815238847,Medium,2920
Twitter,Video,69,84561,7987,781,880,0.1140951502465675,Medium,9648
Facebook,Video,115,23446,1411,183,138,0.0738718757997099,Long,1732
Twitter,Video,110,10507,768,78,96,0.0896545160369277,Long,942
Twitter,Image,118,127183,10890,832,1472,0.1037402797543696,Long,13194
Instagram,Video,84,38208,669,89,80,0.0219325795644891,Long,838
Facebook,Image,49,20522,517,29,22,0.0276776142676152,Medium,568
Twitter,Text,62,49402,1785,99,122,0.0406056434962147,Medium,2006
Facebook,Image,51,159562,8448,504,1030,0.062558754590692,Medium,9982
Twitter,Image,70,171083,7039,1062,894,0.0525768194385181,Medium,8995
Twitter,Video,56,168143,9336,1036,949,0.0673295944523411,Medium,11321
Twitter,Text,40,180826,4833,599,545,0.0330538749958523,Medium,5977
Instagram,Text,5,232021,16564,1681,707,0.0816822615194314,Short,18952
Instagram,Video,43,50102,752,66,51,0.017344616981358,Medium,869
Instagram,Text,91,19040,809,83,72,0.0506302521008403,Long,964
Facebook,Text,94,107254,2800,221,414,0.0320267775560818,Long,3435
Facebook,Text,79,141118,10681,1621,1323,0.0965504046259159,Medium,13625
Instagram,Video,110,116738,10451,682,470,0.0993935136802069,Long,11603
Facebook,Text,5,86998,1486,189,97,0.0203682843283753,Short,1772
Twitter,Image,79,88070,7103,863,342,0.0943340524582718,Medium,8308
Twitter,Image,92,168040,15226,1450,605,0.1028386098547964,Long,17281
Twitter,Text,78,154007,15039,982,535,0.1075016070698085,Medium,16556
Instagram,Video,18,276153,17161,2668,2497,0.0808464872733593,Short,22326
Facebook,Video,82,181061,7145,967,985,0.0502427358735453,Long,9097
Instagram,Video,75,203554,7934,1360,657,0.0488862906157579,Medium,9951
Facebook,Text,27,170796,7533,642,687,0.0518864610412421,Short,8862
Twitter,Text,47,112847,7350,1240,948,0.0845215202885322,Medium,9538
Instagram,Image,26,56377,3051,286,318,0.0648314028770598,Short,3655
Facebook,Video,64,240091,16524,1105,1904,0.0813566522693478,Medium,19533
Facebook,Image,104,71861,972,68,119,0.0161283589151278,Long,1159
Twitter,Image,31,141771,2768,230,229,0.022762059941737,Short,3227
Instagram,Video,60,115612,11317,1724,1660,0.1271580804760751,Medium,14701
Instagram,Text,6,157270,15661,1356,1592,0.1183251732689006,Short,18609
Instagram,Text,43,193875,14967,2104,1531,0.0959484203739522,Medium,18602
Twitter,Image,55,122791,4061,359,155,0.0372584309924994,Medium,4575
Instagram,Image,114,55557,5322,557,789,0.1200208794571341,Long,6668
Twitter,Image,23,194511,5686,1043,166,0.0354478667016261,Short,6895
Twitter,Image,66,24474,1855,231,274,0.0964288632834845,Medium,2360
Twitter,Video,75,58439,1190,166,164,0.0260100275500949,Medium,1520
Facebook,Image,80,218028,14913,1169,1958,0.0827416662080099,Long,18040
Instagram,Image,71,191258,14986,1044,1612,0.0922418931495676,Medium,17642
Instagram,Text,67,73213,6396,716,634,0.1058008823569584,Medium,7746
Twitter,Text,115,57296,4359,777,651,0.101001815135437,Long,5787
Twitter,Text,9,167584,15604,1344,2287,0.1147782604544586,Short,19235
Instagram,Video,76,6177,351,50,44,0.072041444066699,Medium,445
Twitter,Video,82,2761,195,35,6,0.0854762767113364,Long,236
Instagram,Text,65,239154,10345,1967,707,0.0544377263186064,Medium,13019
Facebook,Text,104,9458,103,20,13,0.0143793613871854,Long,136
Twitter,Image,75,192770,15055,2475,1676,0.0996316854282305,Medium,19206
Instagram,Image,11,189938,16769,1027,601,0.096857922058777,Short,18397
Twitter,Video,54,153182,3929,710,256,0.0319554516849238,Medium,4895
Instagram,Video,50,98789,1242,227,27,0.015143386409418,Medium,1496
Instagram,Image,100,123249,3057,408,415,0.0314809856469423,Long,3880
Twitter,Text,76,194518,17618,1059,2063,0.1066225233654469,Medium,20740
Facebook,Image,80,31433,1150,139,88,0.0438074634937804,Long,1377
Instagram,Video,78,77715,2411,196,286,0.0372257607926397,Medium,2893
Instagram,Video,18,281993,3190,371,450,0.0142237573273095,Short,4011
Instagram,Image,77,262969,9660,1532,544,0.0446288345774597,Medium,11736
Facebook,Image,106,72980,5430,815,310,0.0898191285283639,Long,6555
Facebook,Image,98,71500,6886,1149,569,0.1203356643356643,Long,8604
Twitter,Video,73,175062,6678,811,747,0.0470461893500588,Medium,8236
Facebook,Text,69,62891,1991,252,296,0.0403714362945413,Medium,2539
Twitter,Image,69,61866,5563,1058,229,0.1107231758962919,Medium,6850
Twitter,Video,61,173064,15009,2171,967,0.1048571626681458,Medium,18147
Facebook,Video,66,126469,4999,810,336,0.0485889822802425,Medium,6145
Twitter,Video,24,198169,3208,480,366,0.0204572864575185,Short,4054
Facebook,Image,117,79008,7843,1145,1060,0.1271769947347104,Long,10048
Twitter,Image,79,5101,363,67,15,0.0872377965104881,Medium,445
Facebook,Text,30,29990,2800,289,315,0.1135045015005001,Short,3404
Facebook,Video,48,236273,9632,1099,1331,0.0510511146004833,Medium,12062
Twitter,Image,71,71214,4863,520,173,0.0780183671749936,Medium,5556
Instagram,Video,74,101265,7159,1179,734,0.0895867278921641,Medium,9072
Twitter,Video,66,184162,16309,2939,755,0.1086163269295511,Medium,20003
Facebook,Text,111,228643,22721,2354,1757,0.1173532537624156,Long,26832
Instagram,Image,49,20958,414,29,15,0.0218532302700639,Medium,458
Twitter,Image,15,91786,6131,760,667,0.0823437125487547,Short,7558
Twitter,Video,76,198328,7988,1578,576,0.0511375095800895,Medium,10142
Twitter,Video,97,69002,5730,461,537,0.0975044201617344,Long,6728
Instagram,Text,78,54887,4274,503,376,0.0938837976205659,Medium,5153
Facebook,Text,38,3339,301,27,33,0.1081162024558251,Short,361
Twitter,Text,92,112083,4587,864,625,0.0542098266463246,Long,6076
Twitter,Text,50,52528,1397,185,78,0.0316021931160523,Medium,1660
Twitter,Text,116,88639,1060,145,103,0.0147564841661119,Long,1308
Twitter,Text,85,84624,2792,143,264,0.0378025146530535,Long,3199
Twitter,Video,36,71260,3067,453,186,0.0520067358967162,Short,3706
Facebook,Text,79,109493,10417,999,884,0.1123359484167937,Medium,12300
Facebook,Video,102,56570,3067,389,77,0.0624535973130634,Long,3533
Twitter,Video,92,23643,1420,184,107,0.072368142790678,Long,1711
Instagram,Image,9,65252,5821,808,321,0.1065101452829032,Short,6950
Facebook,Video,67,94580,8479,1471,1121,0.1170543455275956,Medium,11071
Instagram,Video,33,146406,8420,798,560,0.0667868803191126,Short,9778
Facebook,Text,52,101856,2060,182,92,0.0229147031102733,Medium,2334
Twitter,Video,116,103795,3564,603,316,0.0431909051495736,Long,4483
Facebook,Text,102,65977,3372,532,422,0.0655683041059763,Long,4326
Twitter,Text,20,2789,216,18,14,0.0889207601290785,Short,248
Facebook,Text,29,36941,2735,137,355,0.0873555128448065,Short,3227
Twitter,Image,105,2552,173,25,10,0.0815047021943573,Long,208
Twitter,Text,76,21806,1945,143,224,0.1060258644409795,Medium,2312
Twitter,Video,33,38979,3205,620,112,0.101003104235614,Short,3937
Twitter,Text,56,141895,13961,1963,392,0.1149864336305014,Medium,16316
Instagram,Text,50,36980,3329,590,385,0.1163872363439697,Medium,4304
Twitter,Text,29,2860,78,13,5,0.0335664335664335,Short,96
Instagram,Image,110,5290,80,10,5,0.0179584120982986,Long,95
Instagram,Video,27,84880,4015,464,379,0.0572337417530631,Short,4858
Twitter,Image,38,138942,9111,1134,1351,0.0834592851693512,Short,11596
Instagram,Video,71,38397,2606,444,110,0.0822980962054327,Medium,3160
Facebook,Image,98,108311,3690,538,217,0.0410392296257997,Long,4445
Twitter,Video,118,18186,1589,128,165,0.1034861981744198,Long,1882
Instagram,Image,38,240319,9524,1346,1058,0.0496340281043113,Short,11928
Twitter,Text,36,117162,10863,1202,1214,0.1133387958553114,Short,13279
Twitter,Image,33,154088,8081,478,787,0.0606536524583355,Short,9346
Twitter,Image,13,71616,783,83,75,0.0131395218945487,Short,941
Instagram,Text,70,83508,2052,172,80,0.0275901710015806,Medium,2304
Facebook,Text,61,70296,1350,237,173,0.0250369864572664,Medium,1760
Facebook,Video,43,145346,2029,133,42,0.0151638159976882,Medium,2204
Instagram,Video,11,28304,2101,218,156,0.087443470887507,Short,2475
Twitter,Video,114,98161,2680,413,128,0.0328134391458929,Long,3221
Instagram,Image,73,183770,15707,2899,527,0.1041138379496109,Medium,19133
Instagram,Video,12,212123,7170,719,441,0.0392696690127897,Short,8330
Instagram,Image,100,281849,3638,512,383,0.0160830799470638,Long,4533
Twitter,Image,22,169401,14206,1506,1202,0.0998459277099899,Short,16914
Instagram,Video,106,195808,10172,818,1358,0.0630617747998038,Long,12348
Twitter,Video,114,54996,3517,347,344,0.0765146556113171,Long,4208
Instagram,Image,86,277751,11182,1625,591,0.0482374500901886,Long,13398
Facebook,Text,53,187028,2645,416,230,0.017596295741814,Medium,3291
Instagram,Text,109,297150,12871,1359,637,0.0500319703853272,Long,14867
Instagram,Image,113,211424,11976,872,517,0.0632142046314514,Long,13365
Facebook,Video,20,119196,1317,93,189,0.0134148796939494,Short,1599
Twitter,Image,25,153566,9472,1628,765,0.0772631962804266,Short,11865
Twitter,Image,14,154309,13945,2063,1459,0.1131949529839478,Short,17467
Instagram,Video,110,208439,6170,982,823,0.0382605942266082,Long,7975
Facebook,Text,8,43963,4106,506,254,0.1106839842594909,Short,4866
Twitter,Image,48,163613,3073,364,376,0.0233049941019356,Medium,3813
Instagram,Text,12,8447,711,58,87,0.1013377530484195,Short,856
Facebook,Text,115,246056,21069,1585,2678,0.1029521734889618,Long,25332
Twitter,Video,59,29156,967,70,43,0.0370421182603923,Medium,1080
Twitter,Image,23,169631,16319,3243,2369,0.1292865101308133,Short,21931
Facebook,Image,115,155537,7387,1278,411,0.0583526749262233,Long,9076
Facebook,Text,68,45120,1024,147,123,0.0286790780141843,Medium,1294
Facebook,Text,44,85753,5424,445,222,0.0710295849707881,Medium,6091
Facebook,Video,108,247074,24632,2479,3452,0.1236997822514712,Long,30563
Instagram,Text,55,15190,1381,141,104,0.1070441079657669,Medium,1626
Facebook,Video,13,66394,2328,283,248,0.0430611199807211,Short,2859
Twitter,Image,34,7335,454,51,59,0.0768916155419223,Short,564
Twitter,Video,60,187711,3826,727,216,0.0254060763620672,Medium,4769
Instagram,Text,85,161850,8345,1319,588,0.0633426011739264,Long,10252
Twitter,Image,108,151631,8654,538,525,0.0640832019837632,Long,9717
Twitter,Video,48,175413,6731,699,382,0.0445348976415659,Medium,7812
Facebook,Image,63,23557,1262,88,108,0.0618924311245065,Medium,1458
Twitter,Video,19,103092,9566,879,871,0.10976603422186,Short,11316
Instagram,Text,72,258220,14205,2753,425,0.0673185655642475,Medium,17383
Facebook,Text,74,177853,15080,2349,1621,0.1071109286882987,Medium,19050
Facebook,Image,65,244745,9438,483,704,0.0434125314102433,Medium,10625
Instagram,Image,84,226525,22069,2192,2993,0.1203134311886105,Long,27254
Facebook,Image,94,225545,4152,480,561,0.0230242301979649,Long,5193
Facebook,Video,105,100074,6274,880,712,0.0786018346423646,Long,7866
Instagram,Text,27,25575,2073,259,271,0.1017790811339198,Short,2603
Facebook,Image,81,75848,6315,381,883,0.0999235312730724,Long,7579
Instagram,Image,51,258947,7210,918,685,0.0340339915117765,Medium,8813
Instagram,Image,21,9616,443,30,64,0.0558444259567387,Short,537
Twitter,Video,61,197980,13101,1675,1889,0.084175169209011,Medium,16665
Twitter,Image,58,166835,6411,557,219,0.0430784907243683,Medium,7187
Facebook,Image,95,36124,2501,179,219,0.0802513564389325,Long,2899
Facebook,Video,56,224369,9892,921,345,0.0497305777536112,Medium,11158
Instagram,Video,26,138662,5765,374,628,0.0488021231483751,Short,6767
Facebook,Image,105,164942,3253,301,388,0.0238993100605061,Long,3942
Instagram,Image,87,14534,196,35,26,0.0176826751066464,Long,257
Instagram,Video,43,275065,23428,2250,2448,0.1022521949357424,Medium,28126
Facebook,Text,103,135763,7339,884,579,0.0648335702658308,Long,8802
Instagram,Video,17,56209,3409,436,137,0.070842747602697,Short,3982
Twitter,Text,82,55603,2418,185,87,0.0483786846033487,Long,2690
Facebook,Image,116,47377,1056,122,87,0.0267007197585326,Long,1265
Twitter,Image,99,41705,2104,374,269,0.065867401990169,Long,2747
Facebook,Text,113,99492,3045,189,358,0.0361034052989185,Long,3592
Instagram,Video,70,154836,13221,2491,1778,0.1129582267689684,Medium,17490
Facebook,Image,114,207816,20534,3709,2575,0.1290468491357739,Long,26818
Twitter,Text,56,17783,1600,285,74,0.1101613900916605,Medium,1959
Instagram,Video,107,275659,15862,1265,730,0.064779310670067,Long,17857
Facebook,Text,105,136142,9057,1110,720,0.0799679746147404,Long,10887
Facebook,Video,18,85850,8184,1165,367,0.1131741409435061,Short,9716
Facebook,Video,77,245122,14335,931,636,0.0648738179355586,Medium,15902
Twitter,Video,78,146843,9907,1322,543,0.0801672534611796,Medium,11772
Twitter,Video,67,98776,6581,1158,150,0.0798675791690289,Medium,7889
Facebook,Text,75,67206,4955,943,467,0.0947088057613903,Medium,6365
Instagram,Text,32,247220,16718,1533,1196,0.0786627295526252,Short,19447
Instagram,Text,114,115532,8129,758,413,0.0804971782709552,Long,9300
Twitter,Text,93,120090,9046,819,338,0.0849612790407194,Long,10203
Instagram,Text,50,25936,2147,156,170,0.0953500925354719,Medium,2473
Twitter,Video,32,93618,4332,496,425,0.056111004294046,Short,5253
Facebook,Image,6,151977,11721,1965,1717,0.1013508623015324,Short,15403
Twitter,Image,21,136170,2589,405,137,0.022993317177058,Short,3131
Twitter,Text,63,29020,2578,477,60,0.1073397656788421,Medium,3115
Facebook,Text,56,191344,6908,714,799,0.044009741617192,Medium,8421
Instagram,Image,8,127043,5883,799,297,0.0549341561518541,Short,6979
Twitter,Video,81,184411,15181,2504,1259,0.1027270607501721,Long,18944
Twitter,Text,86,12985,874,161,109,0.0881016557566422,Long,1144
Facebook,Video,7,142355,5377,971,133,0.0455270275016683,Short,6481
Instagram,Image,119,134100,4061,486,155,0.0350633855331841,Long,4702
Twitter,Image,41,121635,11700,2176,383,0.1172277716117893,Medium,14259
Facebook,Text,101,49323,882,102,44,0.0208422034345031,Long,1028
Twitter,Video,109,39708,412,76,17,0.012717840233706,Long,505
Facebook,Text,28,73298,5172,861,316,0.0866190073399001,Short,6349
Instagram,Image,76,10054,656,54,76,0.0781778396658046,Medium,786
Instagram,Video,39,214884,16413,3109,418,0.0927942517823569,Short,19940
Instagram,Text,6,76317,5788,499,171,0.0846207267057143,Short,6458
Instagram,Text,37,283615,24871,4632,2322,0.1122119775047159,Short,31825
Twitter,Text,80,103266,9602,1366,841,0.1143551604593961,Long,11809
Twitter,Image,90,127022,10130,1520,826,0.0982192061217741,Long,12476
Instagram,Text,81,209028,6460,428,562,0.0356411581223568,Long,7450
Instagram,Video,14,175750,9088,544,1058,0.0608250355618776,Short,10690
Instagram,Text,85,190397,12900,2518,1224,0.0874068393934778,Long,16642
Twitter,Image,66,28527,1670,167,132,0.0690223297227188,Medium,1969
Instagram,Text,47,124917,3035,536,92,0.0293234707846009,Medium,3663
Instagram,Image,73,279173,17597,2739,2581,0.0820888839536774,Medium,22917
Instagram,Image,63,46583,4182,588,213,0.1069703539917995,Medium,4983
Facebook,Video,13,105061,5007,764,665,0.0612596491562044,Short,6436
Instagram,Video,81,73147,5135,325,355,0.0794974503397268,Long,5815
Facebook,Text,64,142425,9319,1042,1014,0.0798665964542741,Medium,11375
Facebook,Image,67,193408,8497,1198,671,0.0535965420251489,Medium,10366
Instagram,Image,56,48042,2924,526,193,0.0758294825361142,Medium,3643
Facebook,Video,27,96125,2779,436,277,0.0363276983094928,Short,3492
Instagram,Video,34,177068,10473,920,939,0.0696455598978923,Short,12332
Twitter,Text,47,78604,6437,1272,323,0.1021830950078876,Medium,8032
Twitter,Image,72,57918,4535,664,288,0.0947373873407231,Medium,5487
Twitter,Video,25,124225,5244,656,128,0.0485248540953914,Short,6028
Twitter,Text,47,70882,1423,237,64,0.0243221128072007,Medium,1724
Facebook,Image,77,39822,3265,458,207,0.0986891667922254,Medium,3930
Instagram,Image,11,9200,311,48,45,0.0439130434782608,Short,404
Instagram,Video,20,52259,772,110,68,0.0181786869247402,Short,950
Instagram,Text,27,13527,677,52,75,0.0594366821911732,Short,804
Twitter,Video,62,12535,959,126,103,0.0947746310331072,Medium,1188
Twitter,Text,91,151016,12498,1155,1843,0.1026116437993325,Long,15496
Instagram,Image,35,116477,11461,1553,1057,0.1208049657872369,Short,14071
Twitter,Text,73,14438,390,26,37,0.031375536777947,Medium,453
Instagram,Text,10,224712,8188,694,483,0.0416755669479155,Short,9365
Instagram,Text,119,125127,8115,1390,822,0.0825321473383042,Long,10327
Instagram,Text,69,75388,6258,693,741,0.1020321536584071,Medium,7692
Instagram,Text,63,257355,7995,1207,267,0.0367935342231547,Medium,9469
Instagram,Video,116,204791,9603,1197,791,0.0565991669555791,Long,11591
Instagram,Text,32,298498,13956,1411,1044,0.0549785928213924,Short,16411
Instagram,Text,22,129365,10292,1279,357,0.0922042283461523,Short,11928
Twitter,Image,92,151865,4811,827,309,0.0391597800678234,Long,5947
Instagram,Text,81,220526,21432,1976,1919,0.1148481358207195,Long,25327
Instagram,Image,101,76135,4259,482,444,0.0681027122873842,Long,5185
Twitter,Video,14,165843,5868,471,337,0.0402549399130502,Short,6676
Twitter,Video,11,146512,5213,535,427,0.0421467183575406,Short,6175
Twitter,Text,41,13289,154,28,17,0.0149747911806757,Medium,199
Instagram,Video,100,116568,8430,1415,631,0.0898702903026559,Long,10476
Facebook,Text,49,52178,4165,441,592,0.0996205297251715,Medium,5198
Facebook,Video,90,204769,2645,184,63,0.0141232315438372,Long,2892
Twitter,Text,20,68500,4297,485,231,0.0731824817518248,Short,5013
Facebook,Text,92,215550,17319,2870,646,0.0966597077244258,Long,20835
Twitter,Image,18,119784,5253,297,474,0.0502905229412943,Short,6024
Instagram,Image,15,150256,7354,1189,316,0.0589593759982962,Short,8859
Facebook,Image,87,71483,3041,462,354,0.0539568848537414,Long,3857
Instagram,Image,91,244883,9405,561,1310,0.0460464793391129,Long,11276
Facebook,Text,38,244465,13250,1925,621,0.0646145665023623,Short,15796
Instagram,Video,64,149228,3723,352,513,0.0307449004208325,Medium,4588
Facebook,Text,108,136483,6778,519,692,0.0585347625711627,Long,7989
Instagram,Image,17,282818,26801,2887,1219,0.1092822946205687,Short,30907
Instagram,Image,43,113707,1417,114,164,0.0149067339741616,Medium,1695
Facebook,Video,48,71460,1774,308,56,0.0299188357122865,Medium,2138
Instagram,Image,32,5576,446,71,49,0.101506456241033,Short,566
Instagram,Text,44,150713,3298,650,435,0.0290817646785612,Medium,4383
Instagram,Text,20,225899,7774,1011,1115,0.0438248951965258,Short,9900
Facebook,Text,54,240767,12263,777,332,0.0555391727271594,Medium,13372
Facebook,Text,119,101264,9608,1010,269,0.1075110601990835,Long,10887
Instagram,Text,32,89325,2368,416,333,0.0348950461796809,Short,3117
Instagram,Video,72,193387,18000,1971,2207,0.1146819589734573,Medium,22178
Facebook,Text,96,96435,7200,852,868,0.0924975372012236,Long,8920
Facebook,Image,64,149730,10541,1178,1228,0.0864689774928204,Medium,12947
Instagram,Image,16,43907,3298,281,373,0.0900084269023162,Short,3952
Instagram,Image,20,215792,2764,168,275,0.0148615333283903,Short,3207
Instagram,Image,57,68917,1302,100,163,0.0227084754124526,Medium,1565
Twitter,Video,58,164819,6615,691,161,0.0453042428360807,Medium,7467
Facebook,Image,53,212573,3540,307,411,0.0200307659015961,Medium,4258
Twitter,Video,40,185212,18314,2489,1754,0.1217901647841392,Medium,22557
Facebook,Image,66,57936,3605,512,497,0.0796396023198011,Medium,4614
Facebook,Video,88,29178,1571,212,222,0.0687161560079512,Long,2005
Facebook,Video,30,133614,10782,676,553,0.0898932746568473,Short,12011
Facebook,Video,60,102423,10029,1504,1229,0.1246009197152983,Medium,12762
Facebook,Image,94,201822,19367,2085,2796,0.1201454747252529,Long,24248
Facebook,Video,26,11000,895,162,48,0.1004545454545454,Short,1105
Facebook,Text,77,142137,6246,804,815,0.0553339383833906,Medium,7865
Twitter,Text,73,195476,3115,195,299,0.0184626245677218,Medium,3609
Instagram,Image,85,113407,2138,109,152,0.0211538970257567,Long,2399
Instagram,Text,53,137157,1385,215,175,0.0129413737541649,Medium,1775
Twitter,Text,102,51325,522,57,69,0.0126254262055528,Long,648
Twitter,Text,6,113868,10735,1000,609,0.1084062247514666,Short,12344
Twitter,Image,57,195135,18231,2134,2247,0.115878750608553,Medium,22612
Twitter,Image,11,150694,10560,642,279,0.0761875058064687,Short,11481
Facebook,Text,104,129190,9741,1059,723,0.0891942100781794,Long,11523
Instagram,Image,81,271978,15282,1485,444,0.0632808535984528,Long,17211
Facebook,Video,24,88733,2786,473,162,0.0385538638387071,Short,3421
Instagram,Text,98,17008,1569,119,225,0.1124764816556914,Long,1913
Instagram,Image,34,52229,1827,298,211,0.0447261100155086,Short,2336
Twitter,Image,79,114892,8797,1100,1040,0.0951937471712564,Medium,10937
Facebook,Text,99,142084,4559,283,170,0.0352749078010191,Long,5012
Twitter,Image,71,53125,4691,916,446,0.1139388235294117,Medium,6053
Facebook,Text,63,88702,6085,974,429,0.0844174877680322,Medium,7488
Instagram,Image,70,145921,9899,881,1142,0.0817017427238026,Medium,11922
Twitter,Video,116,174444,3273,449,132,0.0220930499185985,Long,3854
Twitter,Text,7,15767,752,139,42,0.0591742246464133,Short,933
Instagram,Video,60,50052,2865,543,391,0.0759010628945896,Medium,3799
Instagram,Text,83,252142,9193,1467,386,0.0438086475081501,Long,11046
Instagram,Image,21,249886,22311,3550,2280,0.1126153526007859,Short,28141
Twitter,Video,116,101427,8660,793,527,0.0983958906405592,Long,9980
Facebook,Image,56,179361,9761,1937,299,0.0668874504490942,Medium,11997
Twitter,Text,11,132591,5383,465,264,0.0460966430602378,Short,6112
Facebook,Text,116,155637,12783,810,1700,0.0982606963639751,Long,15293
Twitter,Text,9,186236,5162,1014,714,0.0369960695032109,Short,6890
Twitter,Text,102,102547,1685,122,125,0.0188401415936107,Long,1932
Instagram,Text,101,73125,1032,132,103,0.0173264957264957,Long,1267
Facebook,Video,58,242346,3267,392,286,0.0162783788467727,Medium,3945
Twitter,Text,65,52281,2823,500,159,0.0666016334806143,Medium,3482
Twitter,Image,113,191060,6300,689,408,0.0387155867266827,Long,7397
Instagram,Video,20,246090,17751,2224,1570,0.0875492705920598,Short,21545
Instagram,Image,105,206109,14190,802,1566,0.0803361328229237,Long,16558
Facebook,Text,71,26423,1553,126,101,0.0673655527381448,Medium,1780
Twitter,Image,63,86693,3619,633,401,0.0536721534610637,Medium,4653
Facebook,Video,51,218777,18933,2305,2743,0.1096138990844558,Medium,23981
Twitter,Video,52,90860,6712,568,155,0.0818291877613911,Medium,7435
Facebook,Video,111,4706,162,17,6,0.0393115172120697,Long,185
Instagram,Image,119,72148,3979,369,553,0.0679298109441703,Long,4901
Twitter,Video,68,104601,2517,335,73,0.0279634037915507,Medium,2925
Facebook,Image,54,230035,9107,525,1087,0.0465972569391614,Medium,10719
Instagram,Text,89,20546,2049,171,207,0.1181251825172783,Long,2427
Instagram,Text,45,184807,5571,575,145,0.0340409183634819,Medium,6291
Facebook,Image,76,77581,5651,1069,113,0.0880756886351039,Medium,6833
Twitter,Video,26,158371,4981,714,424,0.0386371242209748,Short,6119
Twitter,Image,119,199999,18886,2372,665,0.1096155480777403,Long,21923
Instagram,Image,58,48347,1832,144,244,0.0459180507580615,Medium,2220
Twitter,Image,9,43221,1780,237,146,0.0500451169570347,Short,2163
Twitter,Text,21,173848,11030,2088,556,0.0786549169389351,Short,13674
Twitter,Image,105,100203,6305,850,263,0.0740297196690717,Long,7418
Instagram,Text,82,20948,1301,97,167,0.0747088027496658,Long,1565
Facebook,Image,107,28118,1731,345,196,0.0808023330251084,Long,2272
Twitter,Text,45,105729,4027,502,456,0.0471488427962053,Medium,4985
Instagram,Image,96,131677,6464,633,200,0.0554159040682883,Long,7297
Instagram,Image,99,22021,1396,175,141,0.0777439716634122,Long,1712
Facebook,Video,85,207964,14643,1311,1947,0.0860773980111942,Long,17901
Twitter,Video,39,191036,6262,341,748,0.0384796582843024,Short,7351
Twitter,Image,44,50215,3672,673,129,0.089096883401374,Medium,4474
Facebook,Image,26,4223,393,44,56,0.1167416528534217,Short,493
Facebook,Image,113,170182,13310,2168,386,0.0932178491262295,Long,15864
Instagram,Image,52,95162,1673,327,154,0.0226350854332611,Medium,2154
Instagram,Video,57,101453,5298,767,756,0.0672331030132179,Medium,6821
Facebook,Text,97,24526,1206,185,153,0.0629536002609475,Long,1544
Twitter,Image,14,40829,1644,314,178,0.0523157559577751,Short,2136
Instagram,Video,22,56862,3082,392,404,0.0682002040026731,Short,3878
Instagram,Image,103,132048,6545,641,703,0.0597434266327396,Long,7889
Twitter,Image,112,153408,1619,304,43,0.0128154985398414,Long,1966
Instagram,Text,84,35796,1120,67,73,0.0351994636272209,Long,1260
Twitter,Image,118,160239,4685,385,353,0.0338431967248921,Long,5423
Twitter,Image,53,199488,8265,836,752,0.0493914420917548,Medium,9853
Twitter,Text,75,18818,483,80,24,0.0311935381018174,Medium,587
Facebook,Text,34,172964,2785,516,374,0.0212471959482898,Short,3675
Facebook,Text,23,27488,761,89,37,0.0322686263096624,Short,887
Facebook,Text,59,172024,14944,1388,1576,0.1041017532437334,Medium,17908
Twitter,Video,64,85904,7021,723,940,0.1010895883777239,Medium,8684
Twitter,Video,91,146295,7283,1081,839,0.0629071396835161,Long,9203
Facebook,Video,76,195529,17402,1282,655,0.0989060446276511,Medium,19339
Instagram,Image,85,101931,3153,416,453,0.0394580647693047,Long,4022
Twitter,Text,25,163333,10221,1413,326,0.0732246392339576,Short,11960
Instagram,Text,30,80520,1840,287,84,0.0274590163934426,Short,2211
Instagram,Video,32,73334,6233,876,237,0.1001718166198489,Short,7346
Twitter,Image,43,140675,3060,197,326,0.025470055091523,Medium,3583
Twitter,Image,37,113587,1461,224,182,0.016436740119908,Short,1867
Instagram,Image,44,82240,2846,151,144,0.038193093385214,Medium,3141
Instagram,Video,87,247696,22561,2448,3323,0.1143821458562108,Long,28332
Facebook,Image,33,37261,806,90,30,0.0248517216392474,Short,926
Facebook,Image,24,120367,4785,322,292,0.0448544866948582,Short,5399
Twitter,Image,24,17707,681,35,57,0.043655051674479,Short,773
Facebook,Text,78,21009,1725,104,215,0.0972916369175115,Medium,2044
Facebook,Video,16,193835,9291,1086,640,0.0568370005416978,Short,11017
Facebook,Text,101,55169,3588,308,155,0.0734289184143268,Long,4051
Facebook,Text,29,21231,985,59,79,0.0528943525976166,Short,1123
Instagram,Video,29,8246,491,43,40,0.0696095076400679,Short,574
Twitter,Text,8,191954,2998,387,66,0.0179782656261395,Short,3451
Facebook,Image,8,32825,1433,231,32,0.0516679360243716,Short,1696
Instagram,Image,13,6316,549,61,30,0.1013299556681444,Short,640
Instagram,Image,19,88870,6416,910,746,0.0908293012265106,Short,8072
Instagram,Image,30,101608,9994,1394,675,0.1187209668530037,Short,12063
Facebook,Video,83,117911,9540,1759,452,0.0996599129852176,Long,11751
Facebook,Text,94,136098,6891,529,239,0.0562756249173389,Long,7659
Twitter,Text,96,17289,1225,148,69,0.0834056336398866,Long,1442
Facebook,Image,75,105082,8388,1214,692,0.0979615918996593,Medium,10294
Facebook,Image,36,51886,1778,227,57,0.039740970589369,Short,2062
Instagram,Text,80,70020,1078,126,23,0.0175235646958012,Long,1227
Twitter,Video,103,41279,1920,376,70,0.0573172799728675,Long,2366
Facebook,Text,56,221777,5105,976,591,0.0300842738426437,Medium,6672
Facebook,Image,36,109061,3811,540,307,0.0427100430034567,Short,4658
Instagram,Image,13,90643,8630,1000,672,0.1136546672109263,Short,10302
Instagram,Video,82,198607,17127,2796,386,0.1022572215480824,Long,20309
Facebook,Text,17,245096,15519,1969,1744,0.0784672128472109,Short,19232
Twitter,Video,60,67200,3098,617,143,0.0574107142857142,Medium,3858
Twitter,Video,48,163115,5511,842,175,0.0400208441896821,Medium,6528
Instagram,Image,101,247950,15231,917,1971,0.0730752167775761,Long,18119
Instagram,Text,100,148867,8631,951,717,0.0691825589284394,Long,10299
Facebook,Image,87,85536,6865,1095,805,0.1024714739992517,Long,8765
Instagram,Text,34,222507,20809,3669,2639,0.1218703231808437,Short,27117
Facebook,Image,20,221183,8759,1506,1273,0.0521649493858027,Short,11538
Twitter,Image,16,194585,5558,1092,561,0.037058354960557,Short,7211
Twitter,Text,78,155230,7179,885,207,0.0532822263737679,Medium,8271
Facebook,Text,70,182702,9021,640,834,0.0574432682729253,Medium,10495
Instagram,Image,22,24005,326,48,28,0.0167465111435117,Short,402
Twitter,Text,17,112737,9870,598,271,0.0952571028145152,Short,10739
Instagram,Image,97,260716,25968,5090,1553,0.1250824652111876,Long,32611
Twitter,Text,28,173324,16134,2642,1187,0.1151773557037686,Short,19963
Facebook,Image,106,48176,4213,831,172,0.108269677847891,Long,5216
Facebook,Image,16,219562,21809,2324,461,0.1120139186197975,Short,24594
Facebook,Image,64,118754,10890,570,1289,0.1073563837849672,Medium,12749
Twitter,Video,64,133777,9625,1233,1258,0.0905686328741113,Medium,12116
Instagram,Text,97,102391,2560,174,127,0.0279419089568419,Long,2861
Instagram,Image,90,64278,1547,235,31,0.0282056068950496,Long,1813
Instagram,Video,104,65216,938,116,127,0.0181090529931305,Long,1181
Twitter,Image,5,75699,3562,580,133,0.0564736654381167,Short,4275
Twitter,Video,47,2209,182,17,13,0.0959710276143051,Medium,212
Twitter,Image,59,137906,7464,1301,504,0.0672124490595043,Medium,9269
Twitter,Image,44,164584,7072,1043,292,0.0510802994215719,Medium,8407
Twitter,Video,68,64485,1278,253,125,0.0256803907885554,Medium,1656
Instagram,Video,38,260905,3824,293,533,0.0178225790996722,Short,4650
Twitter,Text,38,53542,2458,141,213,0.0525195173882186,Short,2812
Twitter,Text,52,154975,2943,522,431,0.0251395386352637,Medium,3896
Instagram,Video,37,35545,686,69,30,0.0220846813897875,Short,785
Twitter,Text,72,37212,1696,194,220,0.0567021390949156,Medium,2110
Instagram,Video,106,266056,14701,2776,785,0.0686396848783714,Long,18262
Instagram,Text,34,132215,3543,411,186,0.0313126347237454,Short,4140
Facebook,Image,114,191707,13729,1300,484,0.0809203628453838,Long,15513
Facebook,Text,88,55016,2623,154,346,0.0567653046386505,Long,3123
Facebook,Image,94,169447,3096,360,353,0.0224790052346751,Long,3809
Facebook,Image,83,154392,10395,1540,669,0.0816363542152443,Long,12604
Twitter,Text,75,21301,897,81,58,0.0486362142622412,Medium,1036
Facebook,Video,75,185442,2727,429,354,0.0189277509949202,Medium,3510
Instagram,Image,118,276312,26337,3206,3702,0.1203168881554185,Long,33245
Twitter,Image,33,70109,4305,769,423,0.078406481336205,Short,5497
Facebook,Text,27,21973,1164,86,84,0.0607108724343512,Short,1334
Instagram,Video,38,265205,23158,3787,623,0.1039497747025885,Short,27568
Twitter,Video,88,169123,15949,3028,581,0.115643643975095,Long,19558
Twitter,Text,19,175831,5244,845,201,0.0357729865609591,Short,6290
Facebook,Video,101,220409,18274,2026,1023,0.0967428734761284,Long,21323
Twitter,Text,57,95059,8060,681,430,0.0964769248571939,Medium,9171
Instagram,Text,21,104017,1549,100,140,0.017199111683667,Short,1789
Twitter,Text,68,153023,11335,1658,1617,0.0954758435006502,Medium,14610
Instagram,Image,88,167377,2622,187,346,0.0188496627374131,Long,3155
Twitter,Image,65,83115,5279,927,455,0.0801419719665523,Medium,6661
Facebook,Image,61,78406,5506,1068,122,0.0854016274264724,Medium,6696
Instagram,Text,81,220139,9473,666,273,0.0472973893767119,Long,10412
Twitter,Image,112,11109,991,105,130,0.1103609685840309,Long,1226
Twitter,Image,92,28842,2366,450,134,0.1022813951875736,Long,2950
Twitter,Image,115,143788,13420,1618,823,0.1103082315631346,Long,15861
Instagram,Text,41,219798,8427,1098,321,0.0447956760298091,Medium,9846
Instagram,Text,11,265117,3164,512,155,0.0144502238634263,Short,3831
Instagram,Text,12,102969,8549,697,445,0.0941157047266653,Short,9691
Facebook,Image,91,110055,3309,651,243,0.0381899959111353,Long,4203
Facebook,Video,82,224812,11700,1955,1181,0.0659929185274807,Long,14836
Instagram,Image,72,51408,4295,318,283,0.0952380952380952,Medium,4896
Twitter,Image,25,110407,3251,216,255,0.033711630603132,Short,3722
Facebook,Text,65,39530,1504,286,65,0.0469263850240323,Medium,1855
Instagram,Text,114,115047,5696,870,155,0.0584196024233574,Long,6721
Twitter,Image,78,198457,6839,381,446,0.0386280151367802,Medium,7666
Facebook,Image,90,62730,3231,230,90,0.056607683723896,Long,3551
Twitter,Video,98,77623,843,48,49,0.0121098128132125,Long,940
Twitter,Video,98,79658,2317,454,298,0.0385272037962288,Long,3069
Twitter,Text,84,32898,2794,348,189,0.1012523557663079,Long,3331
Twitter,Video,79,65908,3111,371,140,0.054955392365115,Medium,3622
Facebook,Video,90,84377,5676,1097,779,0.0895030636310843,Long,7552
Facebook,Text,33,94118,2908,365,299,0.0379523576786587,Short,3572
Facebook,Video,29,60392,4136,528,614,0.0873956815472248,Short,5278
Instagram,Image,62,31505,3150,622,185,0.1255991112521822,Medium,3957
Facebook,Video,18,91830,5838,389,268,0.0707285200914733,Short,6495
Twitter,Text,82,139245,9267,1833,544,0.0836223921864339,Long,11644
Facebook,Image,70,87052,1744,130,219,0.0240431006754583,Medium,2093
Twitter,Video,58,8932,413,49,16,0.0535154500671742,Medium,478
Instagram,Image,81,166313,14546,1463,746,0.1007437782975474,Long,16755
Twitter,Image,71,149784,12744,2463,1417,0.1109864872082465,Medium,16624
Twitter,Video,34,31105,1773,217,205,0.0705674328886031,Short,2195
Twitter,Video,22,109083,9960,532,1440,0.1093845970499527,Short,11932
Instagram,Text,58,35382,808,67,119,0.0280933808151037,Medium,994
Facebook,Text,104,90892,6293,721,668,0.0845178893632002,Long,7682
Facebook,Image,25,188592,6110,925,410,0.0394767540510732,Short,7445
Instagram,Text,57,24589,1674,224,132,0.0825572410427426,Medium,2030
Twitter,Image,87,172673,3084,547,237,0.0224007227534125,Long,3868
Facebook,Image,20,123829,11754,2048,827,0.1181387235623319,Short,14629
Instagram,Text,32,94452,7628,1057,487,0.0971075255156058,Short,9172
Facebook,Text,8,174747,4908,666,205,0.0330706678798491,Short,5779
Instagram,Text,119,170438,11479,1052,775,0.0780694446074232,Long,13306
Twitter,Video,59,136923,10724,2077,1565,0.1049202836630807,Medium,14366
Facebook,Image,19,226656,6539,402,880,0.0345060355781448,Short,7821
Instagram,Image,68,143654,2643,289,264,0.0222479012070669,Medium,3196
Facebook,Image,69,243385,10139,1511,456,0.0497401236723709,Medium,12106
Facebook,Text,116,174663,3880,744,520,0.0294509999255709,Long,5144
Facebook,Text,115,204215,12439,1557,753,0.0722229023333251,Long,14749
Facebook,Text,20,139579,6723,1239,611,0.0614204142456959,Short,8573
Instagram,Text,24,142006,7330,481,1015,0.0621523034237989,Short,8826
Twitter,Text,68,43971,2588,335,164,0.0702053626253667,Medium,3087
Instagram,Video,37,271803,26741,2604,3709,0.1216101367534574,Short,33054
Instagram,Text,85,271542,22086,3740,1116,0.0992185370955505,Long,26942
Instagram,Image,73,11242,749,87,105,0.0837039672656111,Medium,941
Twitter,Text,73,161692,6909,837,460,0.0507508101823219,Medium,8206
Facebook,Image,62,225513,2804,167,192,0.0140257989561577,Medium,3163
Facebook,Text,43,144868,2967,343,272,0.0247259574233094,Medium,3582
Facebook,Text,81,181217,13732,853,894,0.0854169310826247,Long,15479
Twitter,Image,112,132014,5706,541,447,0.0507067432242034,Long,6694
Facebook,Image,40,238987,9583,661,816,0.0462786678773322,Medium,11060
Twitter,Image,98,180615,16256,1628,1362,0.1065581485480165,Long,19246
Facebook,Image,72,197886,10607,892,1537,0.0658763126244403,Medium,13036
Facebook,Video,91,239088,21747,2017,1231,0.1045430971023221,Long,24995
Instagram,Image,25,56175,5044,364,287,0.1013796172674677,Short,5695
Twitter,Text,67,170347,2932,339,378,0.0214209818781663,Medium,3649
Instagram,Text,89,18937,1800,224,127,0.1135871574166974,Long,2151
Instagram,Video,10,155641,2634,462,77,0.0203866590422832,Short,3173
Instagram,Image,28,198019,19151,2505,1581,0.1173473252566672,Short,23237
Twitter,Text,115,14343,727,61,66,0.0595412396290873,Long,854
Twitter,Video,57,58875,4620,740,463,0.0989044585987261,Medium,5823
Facebook,Text,99,49803,3663,346,185,0.0842117944702126,Long,4194
Instagram,Video,87,82069,4650,760,681,0.074218036042842,Long,6091
Facebook,Video,106,183419,12059,1303,1396,0.0804605847812931,Long,14758
Instagram,Image,80,20438,1951,247,221,0.1183579606615128,Long,2419
Twitter,Video,82,159438,14901,1871,1988,0.1176632923142538,Long,18760
Twitter,Text,54,81504,5614,1085,131,0.0837995681193561,Medium,6830
Twitter,Text,16,19490,1348,98,134,0.0810672139558748,Short,1580
Instagram,Image,60,155245,5002,954,631,0.0424297078810911,Medium,6587
Twitter,Image,19,143448,12132,1629,296,0.0979936980648039,Short,14057
Instagram,Video,87,222776,14911,2968,1763,0.0881692821488849,Long,19642
Facebook,Image,96,69254,5842,794,868,0.1083547520720824,Long,7504
Instagram,Text,44,41763,2890,429,280,0.0861767593324234,Medium,3599
Facebook,Text,45,68841,2542,412,191,0.0456849842390435,Medium,3145
Instagram,Image,73,46684,1262,218,99,0.0338231514009082,Medium,1579
Facebook,Image,73,33711,570,69,61,0.0207647355462608,Medium,700
Twitter,Image,10,16177,1014,153,95,0.0780119923347963,Short,1262
Facebook,Video,91,180042,6403,910,783,0.0449672854111818,Long,8096
Twitter,Video,71,157642,10521,1168,787,0.0791413455804925,Medium,12476
Twitter,Text,105,168436,2573,445,191,0.0190517466574841,Long,3209
Facebook,Video,37,181681,7959,627,931,0.0523830229908465,Short,9517
Instagram,Video,47,36391,1217,91,126,0.0394053474760242,Medium,1434
Instagram,Video,25,20788,900,144,109,0.0554646911679815,Short,1153
Instagram,Video,88,56055,834,121,112,0.019034876460619,Long,1067
Instagram,Text,69,119187,8960,874,486,0.0865866243801756,Medium,10320
Instagram,Image,107,135101,2769,402,168,0.024714842969334,Long,3339
Twitter,Text,115,88462,999,165,88,0.0141529696366801,Long,1252
Instagram,Video,21,198277,18869,1557,2659,0.116428027456538,Short,23085
Twitter,Image,97,15376,420,57,53,0.0344693028095733,Long,530
Twitter,Image,12,154947,13096,2274,1059,0.1060298037393431,Short,16429
Twitter,Image,68,49606,4801,536,453,0.1167197516429464,Medium,5790
Facebook,Text,94,81393,4726,641,532,0.072475520007863,Long,5899
Facebook,Image,32,65996,3784,233,332,0.0658979332080732,Short,4349
Twitter,Text,102,3283,141,24,4,0.0514773073408467,Long,169
Facebook,Text,94,83456,4031,682,265,0.0596481978527607,Long,4978
Instagram,Video,17,70783,3778,447,98,0.0610739866917197,Short,4323
Instagram,Video,112,284509,6739,457,721,0.0278268877258715,Long,7917
Twitter,Image,105,114255,4893,729,312,0.0519364579230668,Long,5934
Instagram,Image,17,154021,12853,1747,1490,0.1044662740795086,Short,16090
Twitter,Video,42,118829,3138,589,238,0.0333672756650312,Medium,3965
Twitter,Text,29,166575,12607,1159,326,0.084598529191055,Short,14092
Instagram,Text,115,84942,5830,319,404,0.0771467589649407,Long,6553
Facebook,Video,66,149000,2258,199,109,0.0172214765100671,Medium,2566
Instagram,Text,27,152904,1837,209,87,0.0139499293674462,Short,2133
Instagram,Video,90,169453,7070,518,488,0.047659232943648,Long,8076
Twitter,Video,25,56780,4104,808,604,0.0971468827051778,Short,5516
Twitter,Image,58,68412,2718,226,393,0.0487779921651172,Medium,3337
Twitter,Image,67,142397,9981,1513,1242,0.0894400865186766,Medium,12736
Twitter,Video,34,162518,11358,1341,589,0.0817632508399069,Short,13288
Facebook,Image,79,101975,8422,1122,1004,0.1034371169404265,Medium,10548
Facebook,Video,72,132788,2516,477,55,0.022953881374823,Medium,3048
Facebook,Text,101,201238,12465,1617,340,0.0716663850763772,Long,14422
Twitter,Text,115,62662,979,93,125,0.0191024863553668,Long,1197
Twitter,Text,80,100664,2600,216,242,0.0303782881665739,Long,3058
Twitter,Text,77,82249,3231,593,221,0.0491799292392612,Medium,4045
Facebook,Video,36,59525,4384,868,509,0.0967828643427131,Short,5761
Twitter,Text,79,143656,14027,1231,489,0.1096160271760316,Medium,15747
Instagram,Text,105,252543,10310,1631,590,0.0496192727575106,Long,12531
Instagram,Text,28,118094,6719,845,769,0.0705624333158331,Short,8333
Twitter,Text,11,58203,1939,300,91,0.0400323007405116,Short,2330
Instagram,Video,76,218058,15437,3004,1514,0.0915123499252492,Medium,19955
Instagram,Text,101,92597,3980,363,311,0.0502608075855589,Long,4654
Facebook,Image,93,214922,11464,1845,530,0.0643908022445352,Long,13839
Twitter,Image,5,4090,249,28,33,0.0757946210268948,Short,310
Twitter,Image,7,159924,11476,1697,879,0.0878667366999324,Short,14052
Facebook,Image,108,25454,392,43,38,0.0185825410544511,Long,473
Instagram,Image,32,60084,3601,562,190,0.0724485719992011,Short,4353
Instagram,Image,47,259185,12649,1272,823,0.0568860080637382,Medium,14744
Twitter,Video,101,191638,4223,520,111,0.0253290057295525,Long,4854
Instagram,Image,50,102103,2932,458,242,0.0355719224704465,Medium,3632
Facebook,Text,5,167895,15035,848,974,0.1004020369874028,Short,16857
Facebook,Image,42,166079,14691,1457,922,0.1027824107804117,Medium,17070
Twitter,Video,95,106560,1385,182,187,0.0164602102102102,Long,1754
Facebook,Image,106,148213,10678,652,1190,0.0844730219346481,Long,12520
Facebook,Text,39,15746,942,146,74,0.0737965197510478,Short,1162
Twitter,Text,78,5347,505,86,22,0.1146437254535253,Medium,613
Facebook,Video,80,143433,13155,980,1927,0.1119825981468699,Long,16062
Facebook,Video,78,114972,7146,1143,212,0.0739397418501896,Medium,8501
Facebook,Video,58,7101,159,23,5,0.0263343191099845,Medium,187
Instagram,Video,102,53095,2728,304,150,0.0599303135888501,Long,3182
Twitter,Image,28,174525,13135,981,1892,0.0917232488182208,Short,16008
Twitter,Image,32,103483,9898,1912,556,0.1194978885420793,Short,12366
Twitter,Text,26,165740,7084,847,594,0.0514359840714371,Short,8525
Instagram,Video,113,246411,19865,1540,2362,0.0964526745965074,Long,23767
Instagram,Video,20,125902,9002,1419,1267,0.0928341090689583,Short,11688
Twitter,Image,17,19747,336,47,33,0.021066491112574,Short,416
Instagram,Video,104,151081,9097,1568,636,0.0748009345979971,Long,11301
Twitter,Text,104,91187,2417,481,357,0.0356958777018654,Long,3255
Instagram,Text,66,213115,15241,864,356,0.077239987800014,Medium,16461
Facebook,Video,47,155287,10079,1621,1291,0.0836580009917121,Medium,12991
Facebook,Text,91,226957,22145,4392,1241,0.1223932286732729,Long,27778
Twitter,Text,82,190023,17897,2339,2259,0.118380406582361,Long,22495
Instagram,Image,36,35375,383,60,15,0.012946996466431,Short,458
Instagram,Text,71,253024,4352,505,283,0.0203142784874162,Medium,5140
Facebook,Video,95,119612,9475,980,258,0.0895645921813864,Long,10713
Facebook,Video,87,113541,8141,1257,374,0.0860658264415497,Long,9772
Instagram,Text,90,171321,14062,2787,1383,0.1064201119535842,Long,18232
Instagram,Video,61,211690,7200,458,856,0.0402191884359204,Medium,8514
Instagram,Image,69,45664,3947,447,546,0.1081814996496145,Medium,4940
Instagram,Text,73,43779,2180,416,77,0.061056671006647,Medium,2673
Instagram,Text,53,184170,6182,413,236,0.0370907313894771,Medium,6831
Instagram,Text,37,16414,179,26,25,0.0140124284147678,Short,230
Twitter,Video,119,169990,15030,1721,1797,0.1091123007235719,Long,18548
Instagram,Video,23,260423,15151,1614,1366,0.0696213468088456,Short,18131
Facebook,Text,40,126938,12412,1010,1017,0.1137484441223274,Medium,14439
Twitter,Video,119,11198,832,63,33,0.0828719414181103,Long,928
Instagram,Video,74,98302,1694,215,117,0.0206099570710667,Medium,2026
Facebook,Text,19,102524,6452,687,441,0.0739339081580898,Short,7580
Twitter,Text,104,170501,1967,243,205,0.0141641397997665,Long,2415
Facebook,Video,101,106170,6391,507,625,0.0708580578317792,Long,7523
Instagram,Text,28,203405,8444,865,234,0.0469162508296256,Short,9543
Instagram,Text,31,214773,14582,2908,1900,0.0902813668384759,Short,19390
Instagram,Text,53,220863,12973,1364,1840,0.073244499984153,Medium,16177
Instagram,Text,79,241381,8091,905,982,0.041337139211454,Medium,9978
Twitter,Video,117,122759,3021,160,130,0.0269715458744369,Long,3311
Twitter,Text,27,72148,3349,358,141,0.0533348117757942,Short,3848
Facebook,Image,37,186981,18476,3039,2113,0.1263657804803696,Short,23628
Instagram,Text,45,113169,5569,709,430,0.0592741828592635,Medium,6708
Facebook,Image,114,34528,2672,396,323,0.0982101482854495,Long,3391
Twitter,Text,115,143355,2168,289,64,0.0175857137874507,Long,2521
Instagram,Image,60,130728,5764,379,652,0.0519781531118046,Medium,6795
Instagram,Image,33,91234,5677,566,426,0.0730977486463379,Short,6669
Twitter,Text,35,186887,14503,2235,348,0.0914242296146869,Short,17086
Twitter,Text,69,61121,3517,464,319,0.0703522520901163,Medium,4300
Twitter,Text,102,172891,9747,1474,1080,0.0711488741461383,Long,12301
Twitter,Image,22,24016,1891,196,167,0.0938540972684876,Short,2254
Twitter,Video,86,146320,5588,441,201,0.0425779114270092,Long,6230
Instagram,Video,10,125184,2272,396,286,0.0235972648261758,Short,2954
Twitter,Text,56,150348,6200,659,379,0.0481416447175885,Medium,7238
Instagram,Video,44,101544,2468,365,345,0.0312967777515165,Medium,3178
Instagram,Video,69,233821,22665,2429,3125,0.1206863369842742,Medium,28219
Twitter,Text,115,150427,9322,1762,429,0.0765354623837476,Long,11513
Twitter,Image,46,181348,9102,1809,745,0.0642742131151156,Medium,11656
Instagram,Text,98,26529,2442,359,92,0.1090504730672094,Long,2893
Twitter,Video,72,169086,15392,2159,1663,0.1136344818613013,Medium,19214
Twitter,Image,36,122542,5810,1023,759,0.0619542687405134,Short,7592
Twitter,Video,14,22096,1960,249,204,0.1092052860246198,Short,2413
Facebook,Image,111,98653,1555,280,83,0.0194418821525954,Long,1918
Instagram,Video,73,8417,755,84,22,0.1022929784959011,Medium,861
Facebook,Text,13,74981,2845,155,82,0.0411037462823915,Short,3082
Twitter,Video,73,72953,4439,838,441,0.078379230463449,Medium,5718
Facebook,Video,65,18494,633,100,91,0.0445549908078295,Medium,824
Twitter,Image,15,113670,11211,1419,1237,0.1219934899269816,Short,13867
Facebook,Video,103,121839,2005,384,230,0.0214955802329303,Long,2619
Twitter,Text,95,146374,7351,1345,461,0.0625589243991419,Long,9157
Facebook,Text,72,58669,3865,256,371,0.0765651366138846,Medium,4492
Facebook,Text,78,170499,11151,1601,681,0.0787863858439052,Medium,13433
Facebook,Image,107,196342,15017,1962,2060,0.0969685548685457,Long,19039
Instagram,Image,101,165236,12425,2068,462,0.0905069113268295,Long,14955
Facebook,Video,106,41441,3372,320,344,0.0973914722135083,Long,4036
Instagram,Video,12,68327,2124,108,244,0.0362375049394822,Short,2476
Twitter,Video,53,102461,4441,345,492,0.0515122827222064,Medium,5278
Facebook,Image,28,249341,11066,903,591,0.0503727826550787,Short,12560
Twitter,Image,107,101099,9708,909,807,0.1129981503278964,Long,11424
Twitter,Video,37,78925,3696,390,392,0.0567374089325308,Short,4478
Facebook,Image,109,54035,1619,252,228,0.038845192930508,Long,2099
Instagram,Image,111,280634,18777,1147,1595,0.0766799461219951,Long,21519
Facebook,Text,23,9044,438,53,25,0.0570544007076514,Short,516
Twitter,Text,6,174841,5683,709,399,0.0388410041123077,Short,6791
Twitter,Video,59,29509,2194,312,198,0.0916330611000033,Medium,2704
Facebook,Video,15,30844,841,81,123,0.0338801711840228,Short,1045
Instagram,Text,103,137278,9197,818,935,0.0797651480936493,Long,10950
Instagram,Image,21,165622,8073,989,323,0.0566651773315139,Short,9385
Twitter,Video,46,54232,2100,312,272,0.0494910753798495,Medium,2684
Twitter,Video,65,37228,3541,200,154,0.1046255506607929,Medium,3895
Instagram,Video,7,260693,10218,960,255,0.0438561833267483,Short,11433
Facebook,Image,90,88925,3670,616,121,0.0495586168119201,Long,4407
Twitter,Text,39,39693,3507,430,428,0.1099690121683924,Short,4365
Instagram,Video,89,89533,1935,373,265,0.0287380072152167,Long,2573
Twitter,Text,93,102019,2012,362,110,0.0243484056891363,Long,2484
Facebook,Text,107,246815,8748,888,741,0.0420436359216417,Long,10377
Instagram,Image,70,92165,5829,926,569,0.0794661747952042,Medium,7324
Twitter,Image,5,36337,1620,147,120,0.0519305391199053,Short,1887
Facebook,Image,11,20060,1299,99,37,0.0715353938185443,Short,1435
Twitter,Image,24,175865,4287,780,117,0.0294771557728939,Short,5184
Facebook,Image,47,214213,7182,736,554,0.0395494204366681,Medium,8472
Facebook,Image,10,169353,10307,829,1275,0.0732847956634957,Short,12411
Instagram,Video,59,177832,5253,1023,162,0.0362027081740069,Medium,6438
Facebook,Text,104,208941,10040,548,469,0.0529192451457588,Long,11057
Twitter,Image,119,50993,3138,329,172,0.0713627360618124,Long,3639
Facebook,Video,25,229395,22395,1248,2075,0.1121122953856884,Short,25718
Facebook,Text,55,82459,1417,177,36,0.019767399556143,Medium,1630
Instagram,Image,50,272466,14014,1544,1847,0.0638795299229995,Medium,17405
Facebook,Image,39,233431,10659,1685,865,0.0565863145854663,Short,13209
Facebook,Video,104,230684,19419,3749,1613,0.1074240086005097,Long,24781
Twitter,Text,12,172947,15742,2014,983,0.1083511133468635,Short,18739
Instagram,Image,118,43438,3980,369,189,0.1044707399051521,Long,4538
Instagram,Text,72,181221,7930,1433,533,0.0546073578669138,Medium,9896
Instagram,Video,111,84369,3157,444,438,0.0478730339342649,Long,4039
Facebook,Image,20,21134,1065,141,34,0.0586732279738809,Short,1240
Instagram,Text,71,274719,11252,880,313,0.0453008346710638,Medium,12445
Facebook,Video,75,79899,5968,334,208,0.0814778658055795,Medium,6510
Facebook,Video,68,91307,2668,318,322,0.0362294238119749,Medium,3308
Twitter,Image,6,96265,6669,861,175,0.080039474367631,Short,7705
Twitter,Text,5,168852,15775,1089,998,0.1057849477649065,Short,17862
Twitter,Image,62,21812,767,45,57,0.0398404547955254,Medium,869
Twitter,Image,5,46522,3299,271,283,0.082821030910107,Short,3853
Twitter,Text,106,90383,2071,123,42,0.0247391655510438,Long,2236
Facebook,Text,119,204746,4284,250,356,0.0238832504664315,Long,4890
Facebook,Text,11,27932,570,66,25,0.0236646140627237,Short,661
Instagram,Video,92,257020,5774,990,188,0.0270484787176095,Long,6952
Facebook,Video,73,221247,6516,974,582,0.0364841105190126,Medium,8072
Facebook,Text,89,51966,3151,478,367,0.0768964322826463,Long,3996
Twitter,Video,96,47580,3760,336,532,0.0972677595628415,Long,4628
Facebook,Image,22,245788,5264,271,729,0.0254853776425211,Short,6264
Twitter,Text,92,189771,16757,1970,1204,0.105026584673106,Long,19931
Instagram,Image,36,176162,15122,1611,1686,0.1045571689694712,Short,18419
Instagram,Text,49,293343,22137,4252,2444,0.098291079043986,Medium,28833
Facebook,Image,37,106528,5149,313,378,0.0548212676479423,Short,5840
Instagram,Text,78,149909,1520,253,49,0.0121540401176713,Medium,1822
Facebook,Image,77,178231,13568,1462,945,0.089630872294943,Medium,15975
Instagram,Text,53,17688,1576,274,234,0.1178199909543193,Medium,2084
Twitter,Text,37,142859,5739,712,528,0.048852364919256,Short,6979
Twitter,Video,101,167829,12523,2167,806,0.0923320761012697,Long,15496
Twitter,Image,75,92640,1443,173,168,0.0192573402417962,Medium,1784
Twitter,Video,72,62539,4618,509,504,0.090039815155343,Medium,5631
Facebook,Image,32,134135,2165,421,206,0.0208148507101054,Short,2792
Instagram,Video,91,89732,5639,593,580,0.0759149467302634,Long,6812
Facebook,Text,57,177853,11343,1937,1089,0.0807914401218984,Medium,14369
Twitter,Video,100,148031,5505,330,794,0.0447811607028257,Long,6629
Facebook,Video,48,232477,3980,236,343,0.019610542118145,Medium,4559
Instagram,Text,84,167352,15972,1848,1544,0.1157082078493235,Long,19364
Facebook,Video,114,227532,13242,1825,1076,0.0709482622224566,Long,16143
Instagram,Text,59,262046,16293,2301,1597,0.0770513573952664,Medium,20191
Facebook,Image,14,161539,10556,585,1433,0.0778387881564204,Short,12574
Instagram,Video,18,8135,733,113,47,0.1097725875845113,Short,893
Instagram,Text,107,284708,4391,305,370,0.0177936693032861,Long,5066
Twitter,Text,40,65258,5899,1140,462,0.1149437616843911,Medium,7501
Instagram,Video,38,108813,3435,343,246,0.0369808754468675,Short,4024
Twitter,Image,92,197732,3364,300,426,0.0206845629437824,Long,4090
Twitter,Video,22,29462,2037,190,102,0.0790509809245808,Short,2329
Twitter,Text,20,58682,5746,1095,488,0.1248934937459527,Short,7329
Facebook,Image,109,5728,86,10,12,0.0188547486033519,Long,108
Facebook,Video,41,141703,6851,789,280,0.0558915478147957,Medium,7920
Facebook,Text,45,144956,8361,1127,172,0.0666409117249372,Medium,9660
Facebook,Video,29,27974,914,173,49,0.0406091370558375,Short,1136
Instagram,Image,12,89614,8823,849,1234,0.1216997344164974,Short,10906
Instagram,Image,92,146346,9905,763,310,0.0750140078990884,Long,10978
Facebook,Image,88,152923,13150,1832,497,0.1012208758656317,Long,15479
Instagram,Image,116,53526,2538,314,156,0.0561969883794791,Long,3008
Instagram,Image,98,58467,2447,145,293,0.0493440744351514,Long,2885
Twitter,Video,88,118609,7090,909,834,0.0744715831007765,Long,8833
Twitter,Image,22,126420,6216,835,194,0.0573089700996677,Short,7245
Twitter,Image,72,81430,6053,932,855,0.0962790126489009,Medium,7840
Twitter,Text,52,28965,982,195,50,0.0423614707405489,Medium,1227
Instagram,Image,104,166630,8408,952,474,0.059016983736422,Long,9834
Facebook,Text,74,62807,5687,719,399,0.1083477956278758,Medium,6805
Instagram,Text,71,258383,20166,1235,2066,0.0908225386345076,Medium,23467
Instagram,Text,22,193096,4851,847,425,0.0317096159423292,Short,6123
Instagram,Video,115,135030,12128,784,1706,0.1082574242760868,Long,14618
Twitter,Video,108,100983,6363,1209,594,0.080865096105285,Long,8166
Twitter,Text,22,124194,8834,903,1160,0.0877417588611366,Short,10897
Twitter,Video,60,84667,3088,310,93,0.0412321211333813,Medium,3491
Facebook,Image,27,227037,11292,1121,1482,0.0612014781731612,Short,13895
Instagram,Video,39,193151,15956,3072,729,0.1022878473318802,Short,19757
Facebook,Image,10,186972,7434,1464,499,0.0502588622895406,Short,9397
Twitter,Image,30,131335,3264,639,201,0.0312483344119998,Short,4104
Facebook,Video,89,182782,8051,1253,514,0.053714260704008,Long,9818
Instagram,Video,65,50110,813,54,113,0.0195569746557573,Medium,980
Instagram,Text,92,271933,20288,2190,1570,0.0884335479695366,Long,24048
Twitter,Video,19,2533,59,5,3,0.0264508487958941,Short,67
Twitter,Video,95,52970,1888,295,110,0.0432886539550689,Long,2293
Facebook,Video,36,31776,2837,351,353,0.1114363041289023,Short,3541
Twitter,Image,16,181374,10636,1515,958,0.0722760704400851,Short,13109
Twitter,Image,9,20725,806,41,63,0.0439083232810615,Short,910
Instagram,Image,68,69367,4112,688,577,0.0775152450012253,Medium,5377
Twitter,Text,75,74230,2200,424,309,0.0395123265526067,Medium,2933
Twitter,Text,90,72542,889,133,105,0.0155358275206087,Long,1127
Instagram,Text,31,97534,6274,1115,547,0.0813664978366518,Short,7936
Instagram,Image,83,257987,19161,2332,673,0.0859190579370278,Long,22166
Facebook,Video,107,98623,8795,466,985,0.1038905731928657,Long,10246
Twitter,Text,49,105211,8361,1660,1053,0.1052551539287717,Medium,11074
Instagram,Text,39,225970,21105,1241,2759,0.1110988184272248,Short,25105
Facebook,Image,30,7485,739,58,70,0.1158316633266533,Short,867
Facebook,Text,27,69771,5375,311,538,0.0892061171546917,Short,6224
Twitter,Video,17,176746,15573,2238,1747,0.11065596958347,Short,19558
Twitter,Image,94,99519,7029,966,939,0.0897718023693968,Long,8934
Facebook,Image,7,223647,5677,462,147,0.0281067932947904,Short,6286
Instagram,Video,33,232024,6114,1183,569,0.0339016653449643,Short,7866
Facebook,Video,70,69681,1388,259,94,0.0249852901077768,Medium,1741
Twitter,Video,68,156876,14882,1368,1909,0.1157538438001988,Medium,18159
Instagram,Text,32,183316,12932,1924,483,0.0836751838355626,Short,15339
Instagram,Video,91,268619,21782,3883,3011,0.1067534314400694,Long,28676
Facebook,Image,40,129803,5166,537,186,0.0453687511074474,Medium,5889
Twitter,Video,117,54073,2781,244,87,0.0575518280842564,Long,3112
Facebook,Image,10,13047,177,15,11,0.015559132367594,Short,203
Facebook,Image,15,129104,11620,2011,1735,0.119020324699467,Short,15366
Facebook,Text,42,211764,18374,2194,1881,0.1060095200317334,Medium,22449
Instagram,Video,38,92599,7466,1174,174,0.0951846132247648,Short,8814
Instagram,Text,85,53444,814,120,42,0.0182621061297807,Long,976
Twitter,Video,71,189920,4877,467,192,0.0291491154170176,Medium,5536
Twitter,Video,112,154871,6206,503,124,0.0441205906851508,Long,6833
Facebook,Video,50,89858,3026,208,263,0.0389169578668565,Medium,3497
Facebook,Video,102,198928,17000,910,1182,0.0959744229067803,Long,19092
Facebook,Video,90,233980,6442,400,642,0.0319856397982733,Long,7484
Twitter,Image,33,113897,6593,583,317,0.065787509767597,Short,7493
Instagram,Image,64,62895,3863,606,494,0.0789092932665553,Medium,4963
Instagram,Video,58,67559,3259,238,227,0.0551221894936277,Medium,3724
Facebook,Image,97,158075,5004,643,414,0.0383425589119089,Long,6061
Facebook,Text,73,156573,15097,1309,1739,0.1158884354262867,Medium,18145
Facebook,Text,78,34092,1609,203,66,0.0550862372404083,Medium,1878
Facebook,Text,78,214591,16192,2631,876,0.0917978852794385,Medium,19699
Twitter,Video,13,31768,843,75,33,0.0299357844371694,Short,951
Instagram,Video,89,11476,964,98,115,0.1025618682467758,Long,1177
Facebook,Image,81,132416,3897,617,127,0.0350486346060898,Long,4641
Twitter,Image,14,100138,7087,935,592,0.0860212906189458,Short,8614
Facebook,Image,106,110620,6148,394,722,0.0656662448020249,Long,7264
Facebook,Text,79,119070,2761,452,237,0.0289745527840765,Medium,3450
Instagram,Text,72,80498,985,90,84,0.0143978732390866,Medium,1159
Facebook,Text,62,31439,2947,317,83,0.1064601291389675,Medium,3347
Instagram,Text,114,8400,179,15,21,0.025595238095238,Long,215
Instagram,Image,99,94976,6975,917,687,0.090328082884097,Long,8579
Instagram,Video,117,248305,17068,2665,1822,0.0868085620507037,Long,21555
Twitter,Video,56,131418,5355,912,640,0.0525574883197126,Medium,6907
Twitter,Text,38,26610,710,133,65,0.0341225103344607,Short,908
Instagram,Video,110,56356,1468,152,126,0.0309816168642203,Long,1746
Facebook,Video,39,163647,10257,1947,1089,0.0812297200681955,Short,13293
Instagram,Video,107,286872,16989,2421,2327,0.0757724699517554,Long,21737
Facebook,Text,107,120702,10722,1162,1104,0.1076038508061175,Long,12988
Instagram,Image,37,296211,20023,3666,2452,0.0882512803373271,Short,26141
Facebook,Image,76,223911,18749,2567,1545,0.1020986016765589,Medium,22861
Twitter,Video,36,47262,610,72,58,0.0156573991790444,Short,740
Facebook,Image,59,242348,17058,882,740,0.077079241421427,Medium,18680
Instagram,Image,101,268772,8341,1314,696,0.0385121962109148,Long,10351
Twitter,Text,12,107068,3507,216,138,0.0360611947547353,Short,3861
Facebook,Text,50,78057,5842,545,471,0.0878588723625043,Medium,6858
Facebook,Video,18,107049,8714,1692,247,0.0995151752935571,Short,10653
Facebook,Video,102,242127,10521,770,998,0.0507543561849773,Long,12289
Facebook,Video,12,159452,12932,1251,740,0.093589293329654,Short,14923
Facebook,Text,119,62853,3138,595,406,0.0658520675226321,Long,4139
Twitter,Image,110,161995,14124,1421,973,0.1019661100651254,Long,16518
Twitter,Text,75,36058,441,43,61,0.0151145376892783,Medium,545
Twitter,Text,81,58162,1018,149,82,0.0214745022523297,Long,1249
Twitter,Image,58,96416,7700,536,1003,0.0958243445071357,Medium,9239
Instagram,Image,25,201150,13309,2607,780,0.083002734277902,Short,16696
Twitter,Video,115,152042,9169,836,721,0.070546296418095,Long,10726
Facebook,Image,100,41891,2733,458,279,0.0828340216275572,Long,3470
Facebook,Image,79,139002,13026,1213,698,0.1074588854836621,Medium,14937
Twitter,Image,18,168390,11618,1060,1225,0.0825642852901003,Short,13903
Facebook,Image,79,53107,3625,212,208,0.0761669836368087,Medium,4045
Twitter,Video,6,63953,5010,340,415,0.0901443247384798,Short,5765
Facebook,Video,102,241147,21219,2722,488,0.1013033543854993,Long,24429
Instagram,Image,65,54108,1816,247,54,0.0391254527981074,Medium,2117
Instagram,Image,112,37574,2461,424,121,0.0800021291318464,Long,3006
Twitter,Video,115,107287,6711,396,837,0.0740443856198793,Long,7944
Twitter,Video,21,142929,3163,327,334,0.02675454246514,Short,3824
Twitter,Image,82,156585,8898,712,1211,0.0691062362295239,Long,10821
Facebook,Text,93,103434,1681,174,231,0.0201674497747355,Long,2086
Twitter,Video,52,25593,681,70,46,0.0311413277067948,Medium,797
Instagram,Video,95,258211,23798,2454,1613,0.10791561939654,Long,27865
Facebook,Video,12,139379,2889,278,371,0.0253840248530983,Short,3538
Twitter,Image,60,14904,925,152,69,0.0768921095008051,Medium,1146
Facebook,Image,21,108071,4227,648,555,0.0502447465092392,Short,5430
Facebook,Video,73,217489,13044,1320,1118,0.0711852093669105,Medium,15482
Twitter,Image,16,96714,3012,216,226,0.0357135471596666,Short,3454
Facebook,Image,42,194620,9729,1242,547,0.0591819956838968,Medium,11518
Instagram,Video,22,244519,21532,4044,784,0.1078034835738736,Short,26360
Instagram,Image,30,244027,10702,733,945,0.0507320911210644,Short,12380
Facebook,Text,99,142097,5935,967,369,0.0511692716946874,Long,7271
Twitter,Image,41,182516,9153,1280,479,0.0597865392623112,Medium,10912
Facebook,Image,74,175686,3345,462,140,0.0224662181391801,Medium,3947
Instagram,Video,45,197259,8849,1683,624,0.0565550874738288,Medium,11156
Facebook,Video,83,87724,931,180,85,0.0136336692353289,Long,1196
Facebook,Text,46,10604,586,50,75,0.0670501697472651,Medium,711
Instagram,Image,117,241515,20846,3570,2639,0.1120220276173322,Long,27055
Facebook,Text,94,248587,14837,2123,1945,0.0760498336598454,Long,18905
Facebook,Text,119,161362,10439,1162,990,0.0780295236796767,Long,12591
Twitter,Video,80,183845,2344,351,217,0.0158394299545813,Long,2912
Twitter,Image,45,9871,862,166,118,0.1160976598115692,Medium,1146
Instagram,Video,51,216270,9656,1231,555,0.0529060896102094,Medium,11442
Instagram,Text,18,107318,10488,2003,408,0.120194189232002,Short,12899
Instagram,Text,5,81981,1708,250,52,0.0245178760932411,Short,2010
Twitter,Video,21,78574,7466,914,1004,0.1194288186932064,Short,9384
Instagram,Video,101,116376,7807,1144,533,0.0814944662129648,Long,9484
Instagram,Video,59,139577,2053,288,174,0.0180187280139277,Medium,2515
Instagram,Video,97,89605,8732,988,1086,0.1205959488867808,Long,10806
Twitter,Video,57,147490,1659,222,113,0.0135195606481795,Medium,1994
Facebook,Text,113,19411,1470,228,195,0.0975220235948688,Long,1893
Instagram,Video,35,276642,24913,4380,1540,0.111454515221839,Short,30833
Facebook,Image,66,247108,6381,610,735,0.0312656814024637,Medium,7726
Instagram,Text,12,192130,7858,410,838,0.0473949929735075,Short,9106
Facebook,Text,34,89995,5445,722,251,0.0713150730596144,Short,6418
Twitter,Image,81,155275,11052,1363,399,0.0825245532120431,Long,12814
Twitter,Image,84,95566,8454,491,291,0.0966452504028629,Long,9236
Instagram,Text,70,120498,9458,1370,989,0.0980680177264353,Medium,11817
Facebook,Video,49,89596,3825,731,82,0.0517657038260636,Medium,4638
Twitter,Text,22,48917,4106,453,434,0.1020708547130854,Short,4993
Instagram,Text,103,246856,23931,4406,2911,0.126583919369997,Long,31248
Instagram,Image,49,130154,3960,680,234,0.0374479462790233,Medium,4874
Twitter,Text,23,22930,382,28,44,0.0197993894461404,Short,454
Twitter,Video,81,81029,3921,659,162,0.0585222574633773,Long,4742
Instagram,Image,119,280782,25081,3197,3633,0.1136504476782699,Long,31911
Facebook,Text,72,8724,205,38,10,0.0290004585052728,Medium,253
Facebook,Text,87,68738,6167,483,514,0.104221827809945,Long,7164
Facebook,Video,54,101705,10099,694,1489,0.1207610245317339,Medium,12282
Instagram,Text,29,138099,2052,176,283,0.0181826081289509,Short,2511
Twitter,Text,42,147879,8070,475,853,0.0635519580197323,Medium,9398
Instagram,Text,119,98962,3918,384,266,0.046159131787959,Long,4568
Twitter,Text,99,65109,2957,273,328,0.054646823019859,Long,3558
Facebook,Video,40,44849,2271,255,181,0.0603580904813931,Medium,2707
Facebook,Text,72,3178,243,29,8,0.0881057268722467,Medium,280
Twitter,Text,60,7817,494,35,60,0.0753485992068568,Medium,589
Twitter,Text,43,74721,7211,1030,961,0.1231514567524524,Medium,9202
Instagram,Image,67,261462,10445,872,762,0.046197917861869,Medium,12079
Facebook,Video,11,128762,7562,516,805,0.0689877448315496,Short,8883
Instagram,Image,62,8984,747,116,17,0.0979519145146927,Medium,880
Instagram,Image,84,237359,10342,552,472,0.0478852708344743,Long,11366
Instagram,Video,63,210150,10901,1147,1026,0.0622127052105638,Medium,13074
Facebook,Image,52,236658,16956,1215,943,0.0807663379222337,Medium,19114
Instagram,Image,9,114914,10051,1833,1434,0.11589536522965,Short,13318
Instagram,Image,115,115326,5467,949,704,0.0617380295856962,Long,7120
Instagram,Video,91,12988,751,44,78,0.067215891592239,Long,873
Instagram,Text,40,37070,3624,480,543,0.1253574318856218,Medium,4647
Instagram,Video,100,102491,1416,133,73,0.0158257798245699,Long,1622
Instagram,Video,92,28659,1442,113,201,0.0612722007048396,Long,1756
Facebook,Video,29,78952,5308,513,316,0.0777307731279765,Short,6137
Instagram,Image,49,263474,2834,488,276,0.0136559964171037,Medium,3598
Twitter,Text,96,152243,9699,569,741,0.0723120274823801,Long,11009
Instagram,Video,23,103113,1552,228,120,0.0184263865855905,Short,1900
Instagram,Video,11,246911,21525,4025,2564,0.1138628898671991,Short,28114
Facebook,Text,112,25736,2126,249,138,0.0976453217283183,Long,2513
Facebook,Text,62,244879,3159,585,271,0.0163958526455923,Medium,4015
Twitter,Text,109,59781,860,159,40,0.0177146585035379,Long,1059
Twitter,Image,85,106192,8264,1168,985,0.0980959017628446,Long,10417
Facebook,Text,70,205345,8883,1051,815,0.0523460517665392,Medium,10749
Facebook,Image,84,199571,12323,1979,655,0.0749457586523092,Long,14957
Instagram,Video,43,131734,4522,847,246,0.042623772146902,Medium,5615
Facebook,Image,22,32652,834,126,48,0.0308710033076074,Short,1008
Twitter,Text,107,7390,270,21,29,0.0433017591339648,Long,320
Instagram,Image,5,70942,2284,395,222,0.0408925601195342,Short,2901
Twitter,Text,67,55492,2793,538,354,0.0664059684278814,Medium,3685
Instagram,Image,7,196405,15162,1691,1429,0.0930831699803976,Short,18282
Facebook,Video,25,101531,6078,939,363,0.0726871595867272,Short,7380
Twitter,Image,34,113473,7356,939,1067,0.0825042080494919,Short,9362
Instagram,Video,15,89104,4660,311,630,0.0628591309032142,Short,5601
Instagram,Text,26,80969,3176,325,178,0.0454371426101347,Short,3679
Facebook,Video,115,228985,5247,391,727,0.0277965805620455,Long,6365
Facebook,Text,61,130633,5474,826,621,0.0529804873194368,Medium,6921
Facebook,Text,93,222792,15566,2137,1150,0.0846215303960644,Long,18853
Twitter,Video,7,191928,14594,803,1177,0.0863552999041307,Short,16574
Instagram,Video,34,53481,2793,165,217,0.0593668779566575,Short,3175
Facebook,Image,92,208729,14203,1265,1755,0.0825136899999521,Long,17223
Twitter,Image,49,30612,886,143,37,0.0348229452502286,Medium,1066
Twitter,Video,40,89743,7844,541,216,0.0958403440936897,Medium,8601
Twitter,Video,91,143867,12650,1021,1072,0.1024765929643351,Long,14743
Facebook,Video,76,20564,798,148,46,0.048239642092978,Medium,992
Facebook,Video,68,51603,3059,403,285,0.072612057438521,Medium,3747
Instagram,Text,58,136585,8823,1262,1298,0.0833400446608339,Medium,11383
Instagram,Video,72,201087,10560,1249,1132,0.064355229328599,Medium,12941
Facebook,Video,54,14324,1317,125,190,0.1139346551242669,Medium,1632
Twitter,Video,107,17491,1339,116,154,0.0919901663712766,Long,1609
Twitter,Video,111,81229,5728,792,171,0.0823720592399266,Long,6691
Twitter,Text,35,36600,2079,250,281,0.071311475409836,Short,2610
Instagram,Image,33,69179,1220,134,55,0.0203674525506295,Short,1409
Twitter,Image,63,143944,2836,437,375,0.0253431890179514,Medium,3648
Instagram,Image,40,179130,6611,731,776,0.0453190420365098,Medium,8118
Instagram,Image,81,135047,3921,217,505,0.0343806230423482,Long,4643
Twitter,Image,109,13358,1278,224,67,0.1174577032489893,Long,1569
Twitter,Text,77,73343,3438,336,429,0.0573060823800499,Medium,4203
Facebook,Image,89,248258,22068,4236,2192,0.1147838136132571,Long,28496
Facebook,Text,119,29503,2467,448,75,0.1013456258685557,Long,2990
Twitter,Text,71,194866,16199,1378,2196,0.1014697279155932,Medium,19773
Instagram,Image,93,57268,1684,328,225,0.0390619543200391,Long,2237
Instagram,Image,93,158306,7956,1416,750,0.0639394590223996,Long,10122
Instagram,Image,80,212687,8213,1624,647,0.0492930926666886,Long,10484
Instagram,Video,97,93104,9062,1374,653,0.1191033682763361,Long,11089
Instagram,Text,15,295250,26249,4977,2581,0.1145029635901778,Short,33807
Facebook,Image,15,208589,6777,1040,877,0.0416800502423426,Short,8694
Twitter,Video,117,60438,2309,411,216,0.0485787087593897,Long,2936
Facebook,Text,30,51397,2960,419,109,0.0678638831060178,Short,3488
Instagram,Video,57,186582,6544,1239,391,0.0438091562958913,Medium,8174
Instagram,Video,18,59034,4971,634,531,0.1039401023139207,Short,6136
Instagram,Image,68,204450,17118,2747,1781,0.1058742968941061,Medium,21646
Instagram,Text,84,152089,11435,2144,1000,0.0958583460999809,Long,14579
Twitter,Video,14,81372,5861,664,300,0.083874059873175,Short,6825
Instagram,Text,35,84722,5020,270,276,0.0656972215009088,Short,5566
Twitter,Image,99,36432,1502,100,124,0.0473759332454984,Long,1726
Instagram,Text,40,36116,3081,603,219,0.108068446118064,Medium,3903
Twitter,Video,14,169788,14821,2682,905,0.1084175560110255,Short,18408
Facebook,Video,30,61738,892,109,114,0.0180601898344617,Short,1115
Instagram,Text,24,287600,13193,2561,1128,0.0586995827538247,Short,16882
Twitter,Video,48,136706,1694,131,144,0.0144031717700759,Medium,1969
Facebook,Video,66,52366,4480,298,338,0.097696978955811,Medium,5116
Instagram,Video,77,25856,670,93,72,0.0322942450495049,Medium,835
Instagram,Image,83,204067,14416,1547,617,0.0812478254690861,Long,16580
Instagram,Image,13,238082,10038,1013,1432,0.0524315151922446,Short,12483
Twitter,Video,75,62615,5224,836,175,0.099576778727142,Medium,6235
Twitter,Text,94,85126,4756,344,534,0.0661842445316354,Long,5634
Facebook,Image,28,77137,3023,504,337,0.050092692222928,Short,3864
Twitter,Text,16,71005,2779,288,96,0.0445461587212168,Short,3163
Twitter,Video,64,157863,6223,1232,927,0.0530966724311586,Medium,8382
Instagram,Video,88,5348,433,74,10,0.0966716529543754,Long,517
Instagram,Text,82,41419,3065,450,206,0.0898379970544919,Long,3721
Instagram,Image,90,279001,10805,912,812,0.0449066490801108,Long,12529
Instagram,Text,20,108053,5847,1131,727,0.071307599048615,Short,7705
Instagram,Text,33,180101,3035,166,72,0.0181731361846963,Short,3273
Instagram,Video,36,199286,16834,1405,1555,0.0993245887819515,Short,19794
Instagram,Image,87,201610,6841,379,318,0.0373890184018649,Long,7538
Facebook,Text,39,249877,22496,4386,2124,0.1160811119070582,Short,29006
Facebook,Image,47,28658,1825,329,189,0.0817572754553702,Medium,2343
Facebook,Video,100,26267,1605,309,39,0.0743518483267978,Long,1953
Facebook,Image,57,113998,2809,441,80,0.0292110387901542,Medium,3330
Instagram,Video,24,203125,3302,178,102,0.0176344615384615,Short,3582
Facebook,Image,119,188070,11234,2131,1469,0.0788748870101558,Long,14834
Instagram,Text,108,244463,12741,1441,1789,0.0653309498778956,Long,15971
Facebook,Video,88,219571,4560,479,350,0.0245433140077696,Long,5389
Twitter,Text,12,127513,10864,1006,1452,0.1044756220934336,Short,13322
Facebook,Video,103,212783,10118,941,828,0.0558644252595367,Long,11887
Facebook,Image,46,185603,6206,1055,447,0.0415295011395289,Medium,7708
Instagram,Image,81,128892,10433,922,929,0.0953045960959563,Long,12284
Facebook,Video,109,56416,5200,433,638,0.1111564095292115,Long,6271
Twitter,Video,74,163439,6134,948,301,0.0451728167695592,Medium,7383
Instagram,Video,115,153304,12239,1139,724,0.0919871627615717,Long,14102
Instagram,Image,20,64048,4401,228,573,0.0812203347489382,Short,5202
Facebook,Video,73,237412,23521,4463,3271,0.131648779337186,Medium,31255
Instagram,Video,57,197509,5601,543,201,0.0321251183490372,Medium,6345
Instagram,Text,49,54357,5243,863,585,0.1230936217966407,Medium,6691
Instagram,Video,55,162540,6237,750,132,0.0437984496124031,Medium,7119
Instagram,Text,102,202128,9515,667,494,0.0528180163064988,Long,10676
Instagram,Text,10,254336,10756,1605,311,0.0498238550578762,Short,12672
Instagram,Text,37,26497,905,76,78,0.0399667886930595,Short,1059
Twitter,Image,83,116009,8397,782,542,0.0837952227844391,Long,9721
Facebook,Text,19,226535,14276,783,540,0.0688591166927847,Short,15599
Twitter,Video,18,8258,309,16,6,0.0400823443933155,Short,331
Instagram,Image,43,39902,873,110,61,0.0261641020500225,Medium,1044
Instagram,Image,67,20454,788,46,45,0.0429744793194485,Medium,879
Facebook,Image,9,40606,1799,146,46,0.0490321627345712,Short,1991
Twitter,Image,94,184699,8174,1541,1068,0.0583814747237397,Long,10783
Facebook,Image,116,57969,2443,152,179,0.0478531628974106,Long,2774
Twitter,Image,85,88465,1272,119,153,0.0174532300909964,Long,1544
Instagram,Image,111,94628,4898,778,366,0.0638500232489326,Long,6042
Facebook,Text,115,181890,15507,2832,446,0.103276705701248,Long,18785
Facebook,Video,56,121785,3194,181,227,0.0295767130599006,Medium,3602
Instagram,Video,20,255957,5914,460,799,0.0280242384463015,Short,7173
Facebook,Text,103,16635,872,94,18,0.0591523895401262,Long,984
Twitter,Text,42,78518,3404,354,464,0.0537711098092157,Medium,4222
Twitter,Image,57,15409,932,86,98,0.0724252060484132,Medium,1116
Twitter,Image,91,181828,17316,1495,2587,0.1176826451371625,Long,21398
Twitter,Text,81,20541,1612,145,224,0.0964412638138357,Long,1981
Instagram,Image,101,63022,4527,316,601,0.086382533083685,Long,5444
Facebook,Video,97,72064,3418,254,85,0.0521342140319715,Long,3757
Twitter,Video,57,169399,6075,856,342,0.0429341377457954,Medium,7273
Instagram,Image,50,226126,13256,1243,910,0.0681434244624678,Medium,15409
Facebook,Image,102,27946,2506,275,278,0.1094611035568596,Long,3059
Facebook,Image,102,100616,8945,1000,933,0.1081140176512681,Long,10878
Instagram,Video,95,134622,6744,448,285,0.0555406991427849,Long,7477
Instagram,Image,19,132280,4254,735,492,0.0414348351980647,Short,5481
Twitter,Text,63,117611,3561,688,143,0.0373434457661273,Medium,4392
Facebook,Image,54,24775,323,28,25,0.0151765893037336,Medium,376
Facebook,Text,13,223649,19197,1807,1828,0.1020885405255556,Short,22832
Instagram,Image,30,179357,6068,934,808,0.0435444393026199,Short,7810
Facebook,Image,7,178956,7571,470,772,0.0492467422159637,Short,8813
Twitter,Video,104,149176,12356,2299,1780,0.1101718775138091,Long,16435
Facebook,Text,51,17927,372,25,55,0.0252133653148881,Medium,452
Instagram,Text,9,140593,7242,1157,623,0.0641710469226775,Short,9022
Instagram,Text,66,150352,3159,296,84,0.0235380972650846,Medium,3539
Twitter,Video,88,65266,3248,319,76,0.0558177305181871,Long,3643
Twitter,Text,88,163825,2333,165,306,0.0171158248130627,Long,2804
Facebook,Video,9,185600,10502,1543,892,0.0697036637931034,Short,12937
Facebook,Image,14,247556,20204,3419,1367,0.1009468564688393,Short,24990
Instagram,Image,84,99971,7084,1363,403,0.088525672445009,Long,8850
Twitter,Text,67,161149,8996,897,509,0.0645489577968215,Medium,10402
Twitter,Image,29,199756,16897,2419,497,0.0991860069284527,Short,19813
Twitter,Image,48,117210,3575,401,212,0.0357307396979779,Medium,4188
Facebook,Text,29,171417,14531,1942,1508,0.1048962471633501,Short,17981
Twitter,Image,34,164108,5722,425,400,0.0398944597460209,Short,6547
Instagram,Text,18,185345,7900,1084,1131,0.0545739027219509,Short,10115
Instagram,Text,90,238098,5133,910,548,0.0276818788902048,Long,6591
Facebook,Image,47,120771,2313,415,306,0.0251219249654304,Medium,3034
Facebook,Image,32,193588,18175,2226,633,0.1086534289315453,Short,21034
Twitter,Image,98,73466,1990,169,156,0.0315111752375248,Long,2315
Facebook,Image,23,81924,3276,574,83,0.0480079097700307,Short,3933
Instagram,Image,106,126411,7284,1456,993,0.0769948817745291,Long,9733
Twitter,Video,46,55965,2311,246,90,0.0472974180291253,Medium,2647
Instagram,Image,24,24691,2180,411,271,0.1159126807338706,Short,2862
Twitter,Video,103,71178,6481,1280,907,0.1217792014386467,Long,8668
Facebook,Text,90,22201,873,95,67,0.0466195216431692,Long,1035
Twitter,Image,83,9421,172,27,12,0.0223967731663305,Long,211
Twitter,Image,15,107351,3103,425,304,0.0356959879274529,Short,3832
Instagram,Image,58,94307,4969,786,577,0.0671424178480918,Medium,6332
Instagram,Text,102,249636,8977,656,932,0.0423216202791264,Long,10565
Twitter,Video,28,76852,3905,410,78,0.0571618175193879,Short,4393
Facebook,Video,74,63245,4951,294,604,0.0924816191003241,Medium,5849
Facebook,Image,21,111153,5319,755,208,0.056516693206661,Short,6282
Instagram,Image,32,244321,6774,1280,531,0.0351381993361192,Short,8585
Facebook,Image,54,48562,2050,274,116,0.0502450475680573,Medium,2440
Instagram,Image,99,164306,12629,764,1775,0.0923155575572407,Long,15168
Facebook,Text,104,88322,4254,806,362,0.0613890084010778,Long,5422
Twitter,Image,59,148401,4816,336,423,0.0375671322969521,Medium,5575
Instagram,Text,77,226935,10998,2006,328,0.0587480996761187,Medium,13332
Instagram,Image,14,183681,9355,1469,1278,0.0658859653420876,Short,12102
Twitter,Video,25,18548,680,98,34,0.0437783049385378,Short,812
Instagram,Video,62,260644,25963,3583,1916,0.1207087061278986,Medium,31462
Facebook,Image,38,68234,5396,375,799,0.0962863088782718,Short,6570
Facebook,Image,99,21340,1543,193,53,0.0838331771321462,Long,1789
Instagram,Text,97,74396,6467,514,733,0.1036883703424915,Long,7714
Facebook,Image,111,87695,6136,833,330,0.0832316551684816,Long,7299
Instagram,Image,47,163937,13309,1558,992,0.096738381207415,Medium,15859
Twitter,Image,15,192839,9087,1380,675,0.0577787688175109,Short,11142
Instagram,Video,37,149815,8244,1627,1163,0.073650836031105,Short,11034
Twitter,Text,62,80254,1141,118,24,0.015986742093852,Medium,1283
Facebook,Video,50,113192,3990,568,270,0.0426531910382359,Medium,4828
Twitter,Text,65,183006,7891,1417,1032,0.0565008797525764,Medium,10340
Facebook,Video,66,129658,8595,549,1189,0.0796942726249055,Medium,10333
Instagram,Image,5,265464,13745,2337,831,0.0637110870023807,Short,16913
Facebook,Video,25,191044,12361,1061,636,0.0735851426896421,Short,14058
Instagram,Video,66,292674,21716,2845,1736,0.0898508237834587,Medium,26297
Instagram,Text,68,195408,2705,537,316,0.0182080569884549,Medium,3558
Twitter,Text,91,61003,2028,400,81,0.0411291247971411,Long,2509
Twitter,Video,77,34908,886,86,108,0.0309384668270883,Medium,1080
Twitter,Text,60,117407,3154,220,273,0.0310628838144233,Medium,3647
Twitter,Text,5,69186,3824,729,146,0.0679183649871361,Short,4699
Facebook,Text,25,43653,3343,615,358,0.0988706389022518,Short,4316
Facebook,Text,26,133503,4612,656,468,0.0429653266218736,Short,5736
Facebook,Text,58,181104,15249,836,1538,0.0973087286862797,Medium,17623
Instagram,Video,8,58535,5286,859,624,0.1156402152558298,Short,6769
Facebook,Text,69,247066,10265,760,447,0.0464329369480219,Medium,11472
Facebook,Image,55,109838,7833,1499,866,0.0928458274913964,Medium,10198
Facebook,Video,78,205900,4228,487,572,0.025677513355998,Medium,5287
Twitter,Video,67,90273,6947,988,617,0.0947348598141193,Medium,8552
Facebook,Video,19,194599,4836,445,402,0.0292036444174944,Short,5683
Instagram,Text,40,261653,18804,2280,2326,0.0894696410895346,Medium,23410
Twitter,Image,33,27551,1321,215,51,0.0576022648905665,Short,1587
Instagram,Text,56,55975,5237,648,336,0.111138901295221,Medium,6221
Facebook,Video,50,220418,11417,2021,1495,0.0677485504813581,Medium,14933
Twitter,Video,73,31036,396,62,33,0.0158203376723804,Medium,491
Instagram,Video,33,58756,3129,192,404,0.0633977806521887,Short,3725
Facebook,Video,115,95739,7811,1101,411,0.0973793333960037,Long,9323
Instagram,Text,51,276449,18864,2676,1332,0.0827349710073105,Medium,22872
Instagram,Image,95,270891,26267,2814,3337,0.1196717498920229,Long,32418
Instagram,Image,29,181096,15555,1530,641,0.0978817864558024,Short,17726
Facebook,Video,84,184695,10599,629,1444,0.0686104117599285,Long,12672
Facebook,Image,20,26245,750,87,45,0.0336064012192798,Short,882
Instagram,Video,104,119938,1240,124,181,0.0128816555220197,Long,1545
Twitter,Video,93,162649,15979,3078,2038,0.1296964629355237,Long,21095
Twitter,Image,45,192818,18211,2752,1442,0.1161976578950098,Medium,22405
Facebook,Video,69,220620,7649,910,891,0.0428338319282023,Medium,9450
Facebook,Image,73,142559,9614,1568,886,0.0846526701225457,Medium,12068
Facebook,Video,109,183521,13879,2315,1817,0.0981413571198936,Long,18011
Facebook,Image,24,98559,6112,746,533,0.0749906147586724,Short,7391
Facebook,Video,73,224485,19275,1182,2861,0.103873310020714,Medium,23318
Twitter,Image,40,47567,808,135,30,0.0204553577059726,Medium,973
Facebook,Video,97,198921,18039,1146,1947,0.1062331277240713,Long,21132
Instagram,Video,116,259536,11752,2081,610,0.0556493126194439,Long,14443
Instagram,Video,102,208125,11085,1109,497,0.0609777777777777,Long,12691
Twitter,Image,62,113709,5688,828,415,0.0609538383065544,Medium,6931
Instagram,Text,52,265227,15334,2469,1039,0.0710410327756978,Medium,18842
Twitter,Video,86,118322,7553,417,196,0.0690150605973529,Long,8166
Twitter,Video,6,122717,9072,976,685,0.0874613949167597,Short,10733
Instagram,Image,84,141687,8110,1140,1165,0.0735070966284839,Long,10415
Facebook,Video,33,79004,5659,1002,456,0.0900840463773986,Short,7117
Instagram,Video,101,278023,11245,1772,666,0.0492153526866482,Long,13683
Instagram,Video,20,188068,17735,3270,2542,0.1252047131888466,Short,23547
Twitter,Video,39,146150,2310,144,198,0.0181457406773862,Short,2652
Instagram,Text,115,190847,11278,685,646,0.0660686308928094,Long,12609
Twitter,Text,66,6590,117,18,14,0.0226100151745068,Medium,149
Facebook,Video,111,188172,9380,1029,460,0.0577609846310822,Long,10869
Facebook,Video,110,13910,461,56,24,0.0388928828181164,Long,541
Facebook,Video,85,244503,23061,3243,1433,0.1134423708502554,Long,27737
Instagram,Text,8,168048,1878,371,133,0.014174521565267,Short,2382
Twitter,Text,117,23574,1065,63,101,0.0521337066259438,Long,1229
Facebook,Image,72,174724,14044,931,1221,0.0926947643140038,Medium,16196
Twitter,Image,55,35430,955,166,111,0.0347727914197008,Medium,1232
Twitter,Video,93,57627,4806,255,544,0.0972634355423673,Long,5605
Facebook,Video,37,55239,4826,567,125,0.0998931914046235,Short,5518
Facebook,Text,82,56913,4195,696,156,0.0886792121307961,Long,5047
Twitter,Video,28,100972,2909,230,139,0.0324644455888761,Short,3278
Facebook,Video,79,96276,3319,259,324,0.0405293115625908,Medium,3902
Twitter,Text,29,142549,3567,344,486,0.030845533816442,Short,4397
Twitter,Text,32,54772,1455,105,90,0.030124881326225,Short,1650
Facebook,Text,11,68696,912,138,132,0.0172062419937114,Short,1182
Instagram,Text,117,179430,15638,1251,664,0.0978264504263501,Long,17553
Facebook,Image,40,178277,10262,862,1438,0.0704633800209785,Medium,12562
Instagram,Text,14,218009,8610,1173,1068,0.0497731745019701,Short,10851
Twitter,Text,117,102837,3708,723,261,0.045625601680329,Long,4692
Twitter,Video,40,155966,9205,1722,430,0.0728171524563045,Medium,11357
Instagram,Video,99,195991,7722,1387,547,0.0492675684087534,Long,9656
Twitter,Video,87,115572,10139,1314,484,0.1032862631087114,Long,11937
Instagram,Image,22,244885,7098,671,659,0.03441615452151,Short,8428
Instagram,Text,117,270062,24145,3763,2287,0.1118076589820115,Long,30195
Twitter,Text,10,113683,7931,860,950,0.0856856346155537,Short,9741
Instagram,Image,96,292773,28134,4689,2493,0.1206258773862343,Long,35316
Facebook,Text,11,19699,223,11,14,0.012589471546779,Short,248
Facebook,Video,106,115436,1768,228,244,0.0194046917772618,Long,2240
Twitter,Image,16,55984,3083,310,92,0.0622499285510145,Short,3485
Twitter,Text,45,53363,4915,429,615,0.1116691340441879,Medium,5959
Instagram,Image,118,274213,20777,3101,1521,0.0926250761269524,Long,25399
Instagram,Image,67,111815,7378,1097,321,0.0786656530876894,Medium,8796
Instagram,Text,102,109726,1409,78,50,0.014007618978182,Long,1537
Instagram,Video,29,286243,11986,2303,583,0.0519558556890474,Short,14872
Facebook,Text,85,192049,7898,823,283,0.046883868179475,Long,9004
Facebook,Text,57,18622,1094,205,87,0.0744280958006658,Medium,1386
Twitter,Video,37,159353,5291,727,346,0.0399364931943546,Short,6364
Instagram,Text,91,44875,1527,225,101,0.0412924791086351,Long,1853
Instagram,Text,77,217139,14304,2776,577,0.0813165760181266,Medium,17657
Twitter,Text,10,131381,12482,2163,1320,0.1215168098887967,Short,15965
Instagram,Image,66,141204,9801,695,970,0.0812016656751933,Medium,11466
Instagram,Image,70,99932,7008,355,1035,0.0840371452587759,Medium,8398
Instagram,Image,106,179311,17708,1705,740,0.112391320108638,Long,20153
Instagram,Text,13,65891,1569,193,201,0.0297916255634305,Short,1963
Instagram,Video,71,44550,581,92,14,0.0154208754208754,Medium,687
Twitter,Image,20,119295,9197,1371,271,0.0908587954231107,Short,10839
Instagram,Video,93,254092,12575,1218,1310,0.0594391007981361,Long,15103
Twitter,Text,92,29196,1418,186,103,0.0584669132757912,Long,1707
Instagram,Image,115,217601,6588,972,329,0.036254428977808,Long,7889
Facebook,Text,97,56849,3161,401,64,0.0637830040985769,Long,3626
Facebook,Video,112,225566,11232,1722,1192,0.062713352189603,Long,14146
Facebook,Image,59,50358,2069,254,159,0.0492871043329758,Medium,2482
Facebook,Image,44,42513,2119,274,89,0.0583821419330557,Medium,2482
Twitter,Image,30,172100,7666,1465,1122,0.0595758280069726,Short,10253
Twitter,Image,42,82481,7801,845,511,0.1110195075229446,Medium,9157
Instagram,Video,39,93915,9224,1506,547,0.1200766650694777,Short,11277
Facebook,Image,91,127790,10937,1095,944,0.1015415916738398,Long,12976
Twitter,Text,72,40877,4052,404,227,0.1145632018005235,Medium,4683
Instagram,Image,63,158897,5388,1018,298,0.0421908531942075,Medium,6704
Instagram,Video,110,71451,6135,949,893,0.1116429441155477,Long,7977
Twitter,Image,18,25848,1204,227,64,0.0578381306097183,Short,1495
Facebook,Video,51,147741,11398,2270,1125,0.1001279265742075,Medium,14793
Instagram,Video,107,277019,7791,389,193,0.0302253636032185,Long,8373
Facebook,Text,75,83389,6927,1367,277,0.1027833407283934,Medium,8571
Facebook,Image,76,70961,1242,80,28,0.0190245346035146,Medium,1350
Facebook,Image,46,100976,3468,210,310,0.0394945333544604,Medium,3988
Instagram,Image,55,105091,8825,1457,740,0.1048805321102663,Medium,11022
Facebook,Text,23,234960,18149,1860,1143,0.0900238338440585,Short,21152
Instagram,Text,70,239024,13173,2472,1462,0.0715702188901532,Medium,17107
Facebook,Video,51,19552,1379,181,139,0.086896481178396,Medium,1699
Instagram,Video,69,169354,4522,487,443,0.0321929213363723,Medium,5452
Facebook,Video,46,170275,11936,728,760,0.0788371751578329,Medium,13424
Twitter,Text,42,130682,1400,167,87,0.0126566780428827,Medium,1654
Facebook,Text,17,236901,20134,1845,2688,0.104123663471239,Short,24667
Facebook,Text,110,218608,12343,758,1119,0.0650479396911366,Long,14220
Instagram,Video,48,101338,9621,1448,532,0.1144782806054984,Medium,11601
Instagram,Text,28,81105,4301,845,389,0.0682448677640096,Short,5535
Facebook,Video,100,93802,4594,490,251,0.0568751199334768,Long,5335
Twitter,Video,34,70740,3572,337,157,0.0574780887757987,Short,4066
Twitter,Image,74,75301,3190,202,180,0.0474362890267061,Medium,3572
Instagram,Image,42,19679,491,40,49,0.0294730423293866,Medium,580
Twitter,Image,101,101421,8700,806,757,0.1011920608158073,Long,10263
Facebook,Video,112,37173,1673,170,69,0.051435181448901,Long,1912
Instagram,Image,27,43182,2488,360,343,0.0738965309619748,Short,3191
Facebook,Image,78,42109,496,33,42,0.013560046545869,Medium,571
Instagram,Image,61,140246,2162,127,266,0.0182179883918257,Medium,2555
Instagram,Text,114,112046,7142,1354,449,0.0798332827588668,Long,8945
Instagram,Video,83,227003,20232,3436,2923,0.1171394210649198,Long,26591
Instagram,Image,27,236042,12842,1178,1512,0.0658018488235144,Short,15532
Twitter,Text,40,67524,1677,244,132,0.0304040045021029,Medium,2053
Facebook,Text,61,196180,4012,557,550,0.026093383627281,Medium,5119
Facebook,Text,5,81812,7443,1201,843,0.1159609837187698,Short,9487
Facebook,Image,76,208693,15265,2730,1159,0.0917807497136942,Medium,19154
Instagram,Text,7,56938,5520,572,809,0.1212020092029927,Short,6901
Twitter,Video,18,164348,2861,426,168,0.0210224645264925,Short,3455
Facebook,Text,85,224205,20455,3483,1091,0.1116344416939854,Long,25029
Twitter,Text,38,66850,5756,891,784,0.1111593118922961,Short,7431
Instagram,Text,115,55324,5000,941,559,0.1174896970573349,Long,6500
Facebook,Text,74,155336,1633,202,106,0.0124954936395941,Medium,1941
Twitter,Video,73,81426,6251,1065,313,0.0936924323926018,Medium,7629
Instagram,Image,114,47852,2842,529,122,0.0729959040374488,Long,3493
Twitter,Video,55,180979,11145,1488,677,0.0735444443830499,Medium,13310
Facebook,Video,109,120503,6293,330,228,0.0568533563479747,Long,6851
Facebook,Image,108,155130,11920,2058,463,0.0930896667311287,Long,14441
Instagram,Text,33,272165,27212,4813,3291,0.1297595208788786,Short,35316
Instagram,Image,103,289758,21427,2356,606,0.0841702386129114,Long,24389
Instagram,Image,86,179022,12714,1072,980,0.0824814827227938,Long,14766
Twitter,Video,108,112813,7772,1528,564,0.0874367315823531,Long,9864
Twitter,Image,52,176492,12807,1700,1854,0.0927010856016136,Medium,16361
Twitter,Text,98,4631,188,23,15,0.048801554739797,Long,226
Instagram,Video,83,142417,5528,1060,226,0.0478454117134892,Long,6814
Facebook,Text,83,109400,8816,980,277,0.0920749542961608,Long,10073
Facebook,Video,20,50674,748,132,86,0.0190630303508702,Short,966
Twitter,Text,61,132323,10365,1607,406,0.0935438283593933,Medium,12378
Twitter,Image,101,28844,2401,468,340,0.1112536402718069,Long,3209
Facebook,Image,14,74836,4261,487,394,0.0687102464054733,Short,5142
Facebook,Image,23,107148,9848,1833,711,0.1156531153171314,Short,12392
Twitter,Text,105,7362,387,52,42,0.0653355066558,Long,481
Twitter,Video,118,10097,262,31,12,0.0302069921758938,Long,305
Facebook,Video,71,139671,5939,569,413,0.0495521618660996,Medium,6921
Instagram,Video,40,227060,20782,2762,505,0.1059147361930767,Medium,24049
Twitter,Image,8,180445,17942,2438,2405,0.1262711629582421,Short,22785
Facebook,Text,79,7258,348,64,26,0.0603472030862496,Medium,438
Facebook,Video,109,94066,2353,366,279,0.0318712393425892,Long,2998
Facebook,Text,37,187343,6701,1165,932,0.0469619895058795,Short,8798
Facebook,Video,32,75176,4495,743,471,0.0759417899329573,Short,5709
Instagram,Image,100,42056,2585,236,177,0.0712859045082746,Long,2998
Facebook,Text,84,20261,1351,109,135,0.0787226691673658,Long,1595
Twitter,Video,13,121173,10321,916,689,0.0984212654634283,Short,11926
Instagram,Video,79,56696,4196,302,393,0.0862671087907436,Medium,4891
Facebook,Video,10,171899,5754,620,438,0.0396279210466611,Short,6812
Instagram,Video,53,282285,12859,1904,507,0.0540942664328604,Medium,15270
Twitter,Image,95,159824,13678,1785,1660,0.1071366002602863,Long,17123
Facebook,Video,80,92084,6170,937,521,0.0828374093219234,Long,7628
Twitter,Video,26,102904,2570,265,114,0.0286577781232993,Short,2949
Facebook,Image,108,215510,8469,684,1151,0.047812166488794,Long,10304
Facebook,Video,52,96219,7812,628,1022,0.0983381660586786,Medium,9462
Facebook,Text,105,55680,1419,198,131,0.0313936781609195,Long,1748
Facebook,Text,25,21792,1573,117,229,0.088059838472834,Short,1919
Facebook,Video,37,171700,10425,1142,1465,0.0758998252766453,Short,13032
Instagram,Image,85,129118,3004,246,410,0.0283461639740392,Long,3660
Facebook,Image,60,201942,14539,2172,542,0.0854354220518762,Medium,17253
Facebook,Image,33,134839,3075,437,179,0.027373386038164,Short,3691
Instagram,Video,57,294136,13488,1445,989,0.0541314221992547,Medium,15922
Instagram,Video,44,34570,1305,90,167,0.045183685276251,Medium,1562
Instagram,Text,78,200769,14475,1183,1928,0.0875932041301196,Medium,17586
Instagram,Image,22,213345,17155,2072,2019,0.0995851789355269,Short,21246
Instagram,Video,51,124571,3132,613,254,0.0321021746634449,Medium,3999
Instagram,Video,17,91126,7570,685,310,0.093990738098896,Short,8565
Facebook,Video,31,108389,1154,90,28,0.0117355082157783,Short,1272
Facebook,Image,66,64580,3726,309,413,0.0688758129451842,Medium,4448
Twitter,Image,78,2744,155,24,23,0.0736151603498542,Medium,202
Facebook,Text,100,226766,14999,2807,973,0.0828122381662154,Long,18779
Facebook,Image,109,154630,4882,299,458,0.0364676970833602,Long,5639
Instagram,Video,49,194933,2122,344,266,0.014015071845198,Medium,2732
Instagram,Text,7,299403,15248,1893,674,0.0595017417995143,Short,17815
Facebook,Image,26,155522,2554,443,326,0.0213667519707822,Short,3323
Twitter,Image,31,58949,5322,602,539,0.1096371439719079,Short,6463
Instagram,Image,59,173001,4434,225,417,0.0293408708620181,Medium,5076
Facebook,Image,71,49589,2393,364,284,0.0613240839702353,Medium,3041
Facebook,Video,37,78122,3832,656,196,0.0599575023680909,Short,4684
Twitter,Image,6,133358,7969,1476,796,0.0767932932407504,Short,10241
Twitter,Video,79,176634,14206,1922,728,0.0954289661107148,Medium,16856
Instagram,Video,50,206707,10850,741,470,0.0583482900917724,Medium,12061
Twitter,Video,78,18387,226,23,22,0.0147386740631968,Medium,271
Facebook,Text,107,117365,9318,1562,512,0.0970647126485749,Long,11392
Facebook,Video,37,25319,440,54,49,0.0214463446423634,Short,543
Twitter,Image,62,133483,9042,1400,785,0.0841080886704674,Medium,11227
Twitter,Text,11,22729,1870,94,206,0.0954727440714505,Short,2170
Twitter,Image,19,87647,3106,189,422,0.0424087532944653,Short,3717
Twitter,Video,30,114102,5752,875,218,0.0599901842211354,Short,6845
Instagram,Image,15,282848,3193,298,91,0.0126640457065278,Short,3582
Twitter,Text,42,143181,11790,1276,848,0.0971776981582751,Medium,13914
Instagram,Text,31,209957,15388,2251,1741,0.0923046147544497,Short,19380
Facebook,Image,107,152056,4687,313,633,0.0370455621613089,Long,5633
Twitter,Image,11,160532,7243,1266,177,0.0541075922557496,Short,8686
Instagram,Image,5,126845,9206,659,1133,0.0867042453387993,Short,10998
Twitter,Text,78,132317,5588,894,166,0.0502429770928905,Medium,6648
Facebook,Video,25,172546,4247,398,405,0.0292675576368041,Short,5050
Facebook,Image,83,47449,2688,239,174,0.0653543804927395,Long,3101
Facebook,Video,34,123247,9258,1603,206,0.0897952891348268,Short,11067
Twitter,Text,98,140268,5452,724,177,0.0452918698491459,Long,6353
Twitter,Image,12,53534,1122,90,74,0.0240221167855942,Short,1286
Instagram,Image,92,18549,1570,79,226,0.1010836163674591,Long,1875
Facebook,Text,87,248912,8152,1597,327,0.0404801696985279,Long,10076
Twitter,Image,7,11821,663,76,36,0.0655612892310295,Short,775
Facebook,Video,59,38564,2785,305,415,0.0908878747017944,Medium,3505
Facebook,Text,19,14073,542,31,44,0.0438428195835998,Short,617
Instagram,Text,40,12282,839,154,45,0.0845139228138739,Medium,1038
Instagram,Image,10,241327,12397,881,1240,0.0601590373228026,Short,14518
Instagram,Text,46,197218,12097,1213,927,0.0721891510916853,Medium,14237
Instagram,Image,54,210855,13315,1506,1751,0.078594294657466,Medium,16572
Facebook,Image,116,13771,1159,198,24,0.1002832038341442,Long,1381
Instagram,Text,22,158306,10934,1136,1635,0.0865728399428954,Short,13705
Instagram,Image,106,225354,7614,987,217,0.0391295472900414,Long,8818
Instagram,Video,87,39096,600,68,53,0.0184417843257622,Long,721
Instagram,Video,117,17236,175,16,19,0.0121838013460199,Long,210
Facebook,Image,54,54544,4985,956,456,0.1172814608389557,Medium,6397
Instagram,Video,34,291720,27652,4687,1634,0.1164575620457973,Short,33973
Facebook,Image,81,134238,2479,188,325,0.0222887706908625,Long,2992
Twitter,Video,43,147724,7952,1059,603,0.0650808264060003,Medium,9614
Facebook,Text,16,153710,3634,615,214,0.0290351961485915,Short,4463
Facebook,Image,102,221052,21085,2887,2527,0.1198767710764888,Long,26499
Instagram,Image,63,20233,651,80,25,0.0373647012306627,Medium,756
Twitter,Image,80,3885,214,13,9,0.0607464607464607,Long,236
Twitter,Image,48,55520,1382,91,73,0.0278458213256484,Medium,1546
Twitter,Image,92,101203,4042,350,309,0.0464511921583352,Long,4701
Twitter,Image,8,168088,5717,726,129,0.0390985674170672,Short,6572
Facebook,Text,40,112759,5952,1179,886,0.0710985375890172,Medium,8017
Twitter,Text,118,197882,9454,1610,926,0.0605916657401885,Long,11990
Facebook,Video,52,145841,5800,385,847,0.0482168937404433,Medium,7032
Facebook,Image,18,215555,4209,663,525,0.025037693396117,Short,5397
Facebook,Video,85,177219,9499,1629,355,0.064795535467416,Long,11483
Twitter,Video,53,139521,12071,1353,569,0.1002931458346772,Medium,13993
Instagram,Text,71,237508,17984,1789,440,0.0851045017430991,Medium,20213
Instagram,Video,106,111459,8342,1148,1071,0.0947523304533505,Long,10561
Twitter,Text,91,10136,435,55,42,0.0524861878453038,Long,532
Instagram,Video,81,234735,17313,1554,830,0.0839116450465418,Long,19697
Instagram,Image,13,94567,4907,537,716,0.0651390019774339,Short,6160
Facebook,Video,25,34052,801,105,92,0.0293081169975331,Short,998
Facebook,Text,109,195353,9321,1276,1041,0.0595742066925002,Long,11638
Twitter,Text,76,144418,3169,411,173,0.025987065324267,Medium,3753
Twitter,Text,85,190749,3872,685,235,0.025122018988304,Long,4792
Instagram,Video,20,281996,3405,186,363,0.0140214754819217,Short,3954
Facebook,Video,20,118418,4198,419,407,0.0424259825364387,Short,5024
Twitter,Text,32,74603,2967,482,309,0.0503733093843411,Short,3758
Twitter,Image,55,164557,12004,1773,1611,0.0935116707280759,Medium,15388
Twitter,Image,60,108071,6313,1185,257,0.0717583810643003,Medium,7755
Twitter,Video,84,26272,2292,316,80,0.1023142509135201,Long,2688
Twitter,Video,61,136835,3541,516,330,0.0320605108342163,Medium,4387
Twitter,Text,114,61087,2073,322,176,0.0420875145284594,Long,2571
Instagram,Video,56,35075,3321,258,240,0.1088809693513898,Medium,3819
Facebook,Video,50,31692,1583,258,217,0.0649375236652783,Medium,2058
Facebook,Text,82,95085,7703,731,713,0.096198138507651,Long,9147
Twitter,Text,114,68414,3714,422,348,0.0655421404975589,Long,4484
Facebook,Video,112,162920,8536,444,577,0.0586606923643506,Long,9557
Facebook,Image,42,123170,2873,507,185,0.0289437362994235,Medium,3565
Facebook,Video,88,230349,19950,3850,2960,0.1161715483896174,Long,26760
Twitter,Image,113,21268,362,21,36,0.0197009591875117,Long,419
Twitter,Image,52,127887,4849,704,617,0.0482457169219701,Medium,6170
Facebook,Image,45,79323,5601,1087,437,0.089822623955221,Medium,7125
Facebook,Text,102,119985,6677,941,300,0.0659915822811184,Long,7918
Twitter,Text,63,174692,15604,2647,971,0.1100336592402628,Medium,19222
Instagram,Text,97,81872,1108,75,72,0.015328805940981,Long,1255
Facebook,Video,71,96274,6589,571,615,0.0807590834493217,Medium,7775
Instagram,Text,78,83434,4419,450,177,0.060478941438742,Medium,5046
Facebook,Text,88,151750,3625,714,254,0.0302668863261943,Long,4593
Instagram,Video,70,23141,1779,297,58,0.0922172766950434,Medium,2134
Instagram,Video,31,291304,13696,2504,1157,0.0595838024881223,Short,17357
Instagram,Image,36,14383,831,102,118,0.0730723771118681,Short,1051
Twitter,Video,60,106882,10373,1633,664,0.1185419434516569,Medium,12670
Instagram,Video,14,160636,8635,1379,228,0.0637590577454617,Short,10242
Instagram,Text,44,220833,18572,2513,1841,0.1038160057600087,Medium,22926
Instagram,Image,21,56556,4482,814,459,0.1017575500388995,Short,5755
Facebook,Image,62,219554,15291,1127,1259,0.0805132222596718,Medium,17677
Instagram,Video,101,178854,16224,951,1161,0.102519373343621,Long,18336
Facebook,Text,10,184495,6022,575,819,0.0401962112794384,Short,7416
Instagram,Text,43,162367,13617,861,1933,0.1010734939981646,Medium,16411
Instagram,Text,115,103236,4542,268,488,0.0513193072184121,Long,5298
Twitter,Text,22,115424,9594,1082,817,0.0995720127529803,Short,11493
Facebook,Video,77,235144,12801,1025,368,0.0603630116014016,Medium,14194
Instagram,Text,76,250117,21808,3675,1289,0.1070379062598703,Medium,26772
Facebook,Image,93,78287,7087,970,404,0.1080766921711139,Long,8461
Facebook,Image,99,191025,12185,1268,335,0.0721790341578327,Long,13788
Twitter,Video,46,73678,4102,381,531,0.0680528787426368,Medium,5014
Twitter,Text,8,47955,3860,519,512,0.1019914503180064,Short,4891
Twitter,Text,24,53080,1806,207,250,0.0426337603617181,Short,2263
Twitter,Text,32,83793,953,55,110,0.0133424033033785,Short,1118
Twitter,Text,44,198002,9234,1383,1037,0.0588579913334208,Medium,11654
Twitter,Video,69,155722,8673,1083,712,0.0672223577914488,Medium,10468
Twitter,Text,108,105717,3885,355,510,0.0449312787914904,Long,4750
Twitter,Video,48,156284,6955,650,600,0.0525005758746896,Medium,8205
Instagram,Text,27,202610,4452,524,106,0.025082671141602,Short,5082
Facebook,Text,61,243553,8513,1482,817,0.0443928015668047,Medium,10812
Twitter,Image,51,44882,1418,160,100,0.0373869257163228,Medium,1678
Twitter,Video,17,25038,928,163,81,0.0468088505471683,Short,1172
Facebook,Image,20,76630,2828,321,218,0.0439384053242855,Short,3367
Instagram,Video,94,289595,17464,3047,1477,0.0759267252542343,Long,21988
Facebook,Text,59,203360,6620,1256,225,0.0398357592446892,Medium,8101
Facebook,Text,99,58352,5525,293,120,0.1017617219632574,Long,5938
Twitter,Video,118,22521,1261,74,80,0.0628302473247191,Long,1415
Facebook,Image,69,67308,1454,101,77,0.0242467463005883,Medium,1632
Facebook,Video,85,186926,6573,449,345,0.0394113178477044,Long,7367
Twitter,Video,20,122631,9280,1096,1316,0.0953429393872675,Short,11692
Twitter,Text,41,39206,440,72,55,0.0144620721318165,Medium,567
Twitter,Image,56,71963,6793,1319,147,0.1147673109792532,Medium,8259
Twitter,Video,14,128407,6428,724,135,0.056749242642535,Short,7287
Facebook,Image,42,139628,7944,1217,961,0.0724926232560804,Medium,10122
Facebook,Image,48,109836,10869,1579,1608,0.1279726137149932,Medium,14056
Instagram,Video,99,285916,15812,1723,1272,0.0657780606891534,Long,18807
Instagram,Image,78,164135,15641,2473,1193,0.1176287811862186,Medium,19307
Facebook,Text,58,108296,10003,1388,558,0.1103364851887419,Medium,11949
Instagram,Text,117,27709,2624,430,279,0.1202858277094085,Long,3333
Facebook,Text,102,184924,15369,1214,1249,0.0964288031840107,Long,17832
Instagram,Text,55,268377,9842,1023,411,0.0420155229397452,Medium,11276
Twitter,Image,56,29146,1200,180,99,0.0507445275509503,Medium,1479
Instagram,Text,74,134205,5750,395,396,0.0487388696397302,Medium,6541
Twitter,Video,96,130443,12799,2118,1736,0.1276649571077022,Long,16653
Twitter,Text,96,53450,2269,158,272,0.0504957904583723,Long,2699
Twitter,Video,63,157785,3121,307,346,0.023918623443293,Medium,3774
Twitter,Video,17,176830,14155,1212,885,0.0919074817621444,Short,16252
Instagram,Text,45,204538,8784,519,335,0.047120828403524,Medium,9638
Facebook,Text,16,211720,13949,1263,1846,0.0805686756092953,Short,17058
Twitter,Image,54,14374,1339,250,86,0.1165298455544733,Medium,1675
Instagram,Video,108,55985,3459,186,335,0.0710904706617844,Long,3980
Twitter,Text,61,33012,2224,116,215,0.0773960983884648,Medium,2555
Instagram,Image,54,89059,6043,940,849,0.087941701568623,Medium,7832
Instagram,Text,61,291927,19009,1996,804,0.0747070329226142,Medium,21809
Instagram,Text,58,266204,6489,548,780,0.0293646977505972,Medium,7817
Facebook,Text,70,13042,666,84,53,0.0615703113019475,Medium,803
Instagram,Video,12,64031,684,61,29,0.0120878949258952,Short,774
Instagram,Text,110,48163,3196,347,411,0.0820962149367772,Long,3954
Facebook,Image,67,91356,5644,887,714,0.0793051359516616,Medium,7245
Facebook,Text,13,99788,3855,260,97,0.0422094841063053,Short,4212
Instagram,Text,64,241929,13826,2681,1551,0.0746417337317973,Medium,18058
Facebook,Image,118,16796,913,51,36,0.0595379852345796,Long,1000
Twitter,Image,67,92962,3028,517,300,0.0413609862094189,Medium,3845
Twitter,Video,76,155742,5668,899,587,0.0459349436889214,Medium,7154
Facebook,Video,119,27320,2148,198,228,0.094216691068814,Long,2574
Facebook,Video,7,23074,1800,121,64,0.0860275634913755,Short,1985
Instagram,Video,77,32931,1721,306,168,0.066654520057089,Medium,2195
Facebook,Image,17,21993,1640,249,54,0.0883462920020006,Short,1943
Instagram,Text,13,60330,3051,285,356,0.0611967512017238,Short,3692
Twitter,Text,99,166063,14384,755,406,0.0936090519862943,Long,15545
Facebook,Text,93,18003,719,137,85,0.0522690662667333,Long,941
Instagram,Video,56,183568,17155,1897,2313,0.1163873877800052,Medium,21365
Instagram,Image,112,19743,1160,88,68,0.0666565364939472,Long,1316
Twitter,Image,66,185998,10827,2022,1311,0.0761298508586113,Medium,14160
Facebook,Image,113,127291,8957,930,665,0.0828966698352593,Long,10552
Twitter,Text,12,81543,3316,396,410,0.0505500165556822,Short,4122
Instagram,Video,115,29300,2203,341,240,0.0950170648464163,Long,2784
Instagram,Image,99,115888,4500,778,259,0.0477788899627226,Long,5537
Facebook,Video,49,109818,5027,326,227,0.0508113424028847,Medium,5580
Instagram,Image,57,217783,15402,2846,2139,0.0936115307439056,Medium,20387
Facebook,Video,113,74509,3282,623,423,0.0580869425170113,Long,4328
Twitter,Image,67,11703,327,29,34,0.0333247885157651,Medium,390
Facebook,Video,99,231921,20518,2556,1342,0.1052772280216108,Long,24416
Facebook,Image,85,218078,20279,3623,1751,0.1176322233329359,Long,25653
Instagram,Image,115,201086,13353,1643,1235,0.0807167082740717,Long,16231
Instagram,Video,61,224888,18666,2282,582,0.095736544413219,Medium,21530
Facebook,Video,58,92403,9129,1303,1336,0.1273551724511109,Medium,11768
Instagram,Text,23,61436,4013,662,128,0.0781789178983006,Short,4803
Instagram,Video,71,288989,26526,3974,3019,0.115987113696369,Medium,33519
Instagram,Image,50,86777,3673,528,308,0.0519607730158913,Medium,4509
Facebook,Image,98,38055,2779,293,330,0.089396925502562,Long,3402
Instagram,Video,14,15209,228,32,12,0.0178841475442172,Short,272
Facebook,Text,117,61812,5007,327,357,0.0920695010677538,Long,5691
Instagram,Video,97,99035,8386,934,740,0.1015802494067753,Long,10060
Twitter,Image,108,105139,4847,379,173,0.0513510685853964,Long,5399
Instagram,Image,22,259948,17548,2292,2294,0.0851477987905273,Short,22134
Instagram,Text,16,147076,12832,1145,1910,0.1080189833827409,Short,15887
Facebook,Video,53,99123,8873,1117,659,0.107432180220534,Medium,10649
Facebook,Image,27,167462,3280,546,226,0.0241965341390882,Short,4052
Instagram,Image,66,33400,2821,324,274,0.1023652694610778,Medium,3419
Twitter,Image,15,78511,2722,225,298,0.0413317879023321,Short,3245
Instagram,Video,77,83121,6272,523,833,0.0917698295256313,Medium,7628
Instagram,Video,60,120763,4741,881,324,0.0492369351539792,Medium,5946
Twitter,Text,92,139948,2108,352,251,0.0193714808357389,Long,2711
Facebook,Image,93,182176,5262,291,269,0.0319581064465132,Long,5822
Instagram,Image,59,124925,5844,1118,633,0.060796477886732,Medium,7595
Facebook,Text,29,23378,1793,119,144,0.087945932072889,Short,2056
Facebook,Image,115,29568,563,83,59,0.0238433441558441,Long,705
Twitter,Text,13,99046,8237,1093,571,0.0999636532520243,Short,9901
Twitter,Text,16,89332,8908,507,519,0.111203152285855,Short,9934
Facebook,Image,15,110014,8904,839,740,0.0952878724525969,Short,10483
Instagram,Video,117,35796,1884,313,256,0.0685272097441054,Long,2453
Facebook,Video,42,220425,13475,1294,1451,0.0735851196552115,Medium,16220
Instagram,Video,32,200422,2115,258,210,0.0128878067278043,Short,2583
Instagram,Video,12,60061,1731,267,196,0.0365295283128819,Short,2194
Twitter,Image,78,77597,7054,428,809,0.1068469141848267,Medium,8291
Instagram,Text,93,29401,351,61,20,0.0146933777762661,Long,432
Instagram,Text,51,139882,12789,719,642,0.1011566892094765,Medium,14150
Facebook,Image,40,102216,2064,184,177,0.023724270172967,Medium,2425
Twitter,Video,54,91362,2007,330,78,0.0264333092533,Medium,2415
Instagram,Text,111,9902,255,47,20,0.0325186830943243,Long,322
Instagram,Image,13,260267,21327,3498,2348,0.1044043232526597,Short,27173
Twitter,Image,109,195806,10384,872,217,0.058593710100814,Long,11473
Facebook,Video,64,88148,2033,402,70,0.0284181149884285,Medium,2505
Twitter,Image,76,51723,3714,415,538,0.0902306517410049,Medium,4667
Twitter,Text,71,62599,5925,630,833,0.1180210546494353,Medium,7388
Instagram,Text,57,212271,13059,2347,970,0.0771466662897899,Medium,16376
Instagram,Image,86,281111,5308,318,513,0.0218383485527069,Long,6139
Facebook,Text,114,116312,1736,231,69,0.0175046426851915,Long,2036
Instagram,Image,103,176608,14416,2808,908,0.1026680558072114,Long,18132
Instagram,Text,21,141207,9368,609,1153,0.0788204550765896,Short,11130
Twitter,Video,104,64365,5988,785,786,0.1174396022683135,Long,7559
Instagram,Text,57,84608,5013,350,364,0.067688634644478,Medium,5727
Facebook,Video,32,240665,3758,689,227,0.0194211871273346,Short,4674
Twitter,Video,118,87953,4075,563,442,0.0577581208145259,Long,5080
Facebook,Image,67,119327,8259,703,935,0.0829401560418011,Medium,9897
Twitter,Video,19,73979,3302,317,488,0.0555157544708633,Short,4107
Instagram,Text,23,108146,10810,1378,1196,0.1237586226027777,Short,13384
Twitter,Text,90,154997,7204,1144,368,0.0562333464518668,Long,8716
Twitter,Video,74,104331,6172,759,171,0.0680718099126817,Medium,7102
Instagram,Image,51,35993,1090,85,58,0.03425666101742,Medium,1233
Instagram,Video,75,201868,4782,747,236,0.0285582657974518,Medium,5765
Facebook,Text,112,131238,8934,605,286,0.0748639875645773,Long,9825
Facebook,Text,52,77663,4890,838,380,0.0786474897956555,Medium,6108
Instagram,Video,77,252557,2624,286,150,0.0121160767668288,Medium,3060
Instagram,Video,24,54483,1941,287,272,0.0458858726575262,Short,2500
Instagram,Video,41,238586,16205,1648,1174,0.0797490213172608,Medium,19027
Twitter,Text,79,157915,13123,1973,1757,0.1067219706804293,Medium,16853
Twitter,Text,6,118747,4525,829,270,0.0473611964933851,Short,5624
Twitter,Text,68,39879,2722,422,348,0.0875648837734145,Medium,3492
Instagram,Image,90,245021,8299,1250,656,0.0416494912680953,Long,10205
Facebook,Text,116,6888,496,81,12,0.0855110336817654,Long,589
Instagram,Text,40,274570,19992,2499,1665,0.0879775649196926,Medium,24156
Twitter,Image,9,72031,1564,129,77,0.0245727533978425,Short,1770
Twitter,Image,68,12047,841,144,50,0.0859135054370382,Medium,1035
Instagram,Image,11,154111,6167,908,671,0.050262473152468,Short,7746
Instagram,Image,74,197168,5034,488,447,0.0302736752414184,Medium,5969
Twitter,Image,26,168373,9265,846,1255,0.067504884987498,Short,11366
Twitter,Image,78,181779,9217,1152,1305,0.0642208395909318,Medium,11674
Twitter,Video,50,178186,14192,1150,1558,0.0948447128281683,Medium,16900
Instagram,Video,44,288510,5079,923,671,0.0231291809642646,Medium,6673
Twitter,Video,65,153817,12471,2098,565,0.0983896448376967,Medium,15134
Twitter,Video,114,176154,3443,331,104,0.022014827934648,Long,3878
Facebook,Text,50,189342,5428,311,343,0.0321217690739508,Medium,6082
Instagram,Image,88,147425,8319,480,518,0.0631982363913854,Long,9317
Facebook,Text,32,28080,1451,137,154,0.062037037037037,Short,1742
Facebook,Image,91,21788,2156,155,278,0.1188268771800991,Long,2589
Twitter,Image,39,168041,10595,1917,620,0.0781475949321891,Short,13132
Instagram,Text,5,141731,5594,632,420,0.0468916468521353,Short,6646
Twitter,Video,33,35921,3269,334,109,0.1033378803485426,Short,3712
Instagram,Text,13,140233,5342,441,393,0.0440409889255738,Short,6176
Facebook,Text,13,149575,5181,912,248,0.0423934481029583,Short,6341
Instagram,Image,26,228611,12457,2103,868,0.0674858165180153,Short,15428
Twitter,Image,67,26982,2487,267,135,0.1070713809206137,Medium,2889
Twitter,Image,70,71014,5238,394,655,0.0885318387923508,Medium,6287
Twitter,Video,84,188982,13412,2585,275,0.0861034384227069,Long,16272
Instagram,Text,108,57632,4342,422,278,0.0874861188228761,Long,5042
Facebook,Text,62,234737,16283,2697,2377,0.0909826742269007,Medium,21357
Facebook,Video,74,161244,12638,1509,1368,0.0962206345662474,Medium,15515
Instagram,Text,59,125056,3420,571,411,0.035200230296827,Medium,4402
Twitter,Text,17,77696,2016,246,265,0.0325241968698517,Short,2527
Facebook,Image,101,191876,8172,1543,547,0.0534824574204173,Long,10262
Twitter,Video,23,102750,8896,1512,254,0.1037664233576642,Short,10662
Instagram,Image,83,232778,17295,1540,1269,0.0863655500090214,Long,20104
Twitter,Video,37,196179,11963,1370,1254,0.074355563031721,Short,14587
Facebook,Image,78,61926,727,47,49,0.0132900558731389,Medium,823
Facebook,Text,69,76137,2377,440,186,0.0394420583947358,Medium,3003
Twitter,Video,64,71053,5848,353,744,0.0977439376240271,Medium,6945
Instagram,Video,16,142816,4544,239,112,0.0342748711628949,Short,4895
Twitter,Image,47,90309,6838,851,434,0.0899467384203124,Medium,8123
Instagram,Video,97,55123,1467,206,122,0.0325635397202619,Long,1795
Twitter,Text,21,115732,7473,623,440,0.0737566100991947,Short,8536
Facebook,Text,72,75672,5035,682,392,0.0807299925996405,Medium,6109
Instagram,Text,33,193568,15035,2771,1085,0.0975936105141345,Short,18891
Instagram,Image,59,213408,10553,1518,1478,0.0634887164492427,Medium,13549
Instagram,Video,11,254720,17051,2018,1434,0.0804923052763819,Short,20503
Facebook,Image,48,196468,10575,757,866,0.0620864466478001,Medium,12198
Twitter,Text,81,54238,5166,389,274,0.1074707769460525,Long,5829
Facebook,Video,9,16417,935,114,24,0.065359079003472,Short,1073
Instagram,Text,64,9002,259,30,15,0.033770273272606,Medium,304
Twitter,Video,10,135404,9493,1218,223,0.0807509379338867,Short,10934
Facebook,Video,102,29149,1730,218,220,0.0743764794675632,Long,2168
Instagram,Image,11,245836,20243,2048,942,0.0945060934932231,Short,23233
Instagram,Video,50,205983,5339,824,739,0.0335076195608375,Medium,6902
Facebook,Text,61,97994,3281,268,443,0.0407371879911014,Medium,3992
Facebook,Video,58,101989,9479,1685,1008,0.1193462040023924,Medium,12172
Facebook,Text,96,88808,8321,658,1099,0.1134807674984235,Long,10078
Instagram,Image,50,22352,1113,125,149,0.0620526127415891,Medium,1387
Facebook,Text,14,64081,916,74,110,0.0171657745665641,Short,1100
Instagram,Video,8,258080,9701,1384,834,0.04618335399876,Short,11919
Facebook,Text,71,197850,6378,775,915,0.0407783674500884,Medium,8068
Instagram,Text,29,203641,9636,1022,1217,0.0583134044715946,Short,11875
Instagram,Video,91,26645,1028,124,37,0.0446237568024019,Long,1189
Twitter,Text,95,27343,2313,261,172,0.1004278974509015,Long,2746
Facebook,Video,82,247023,2537,452,228,0.0130230788226197,Long,3217
Facebook,Image,65,3645,247,16,21,0.077914951989026,Medium,284
Instagram,Text,42,298919,20859,3524,1446,0.0864080235782937,Medium,25829
Instagram,Image,36,9121,633,93,56,0.0857362131345247,Short,782
Instagram,Text,27,264982,15065,1540,483,0.0644873991440928,Short,17088
Twitter,Text,115,65742,4273,802,449,0.084025432752274,Long,5524
Twitter,Image,108,11271,934,71,79,0.0961760269718747,Long,1084
Instagram,Text,41,161284,12995,1254,1590,0.0982056496614667,Medium,15839
Facebook,Text,7,113821,1492,158,164,0.0159373050667275,Short,1814
Facebook,Image,103,78828,1004,147,34,0.0150327294869843,Long,1185
Twitter,Text,17,156553,13386,2569,878,0.1075226919956819,Short,16833
Twitter,Video,38,97011,5988,832,692,0.0774345177351022,Short,7512
Instagram,Text,92,43682,4200,749,267,0.1194084519939563,Long,5216
Facebook,Text,69,195513,9549,1773,894,0.0624817787052523,Medium,12216
Instagram,Text,80,78749,2040,244,295,0.0327496222174249,Long,2579
Twitter,Image,12,193041,10152,1227,308,0.0605415429882771,Short,11687
Facebook,Video,87,222347,10959,958,490,0.0558001682055525,Long,12407
Facebook,Video,13,67747,3830,537,315,0.0691100712946698,Short,4682
Twitter,Text,32,3903,322,21,37,0.0973610043556238,Short,380
Instagram,Image,82,171416,11828,1716,744,0.0833527792038082,Long,14288
Instagram,Image,95,107413,2865,526,101,0.0325100313742284,Long,3492
Facebook,Video,22,89534,6813,1118,415,0.0932159849889427,Short,8346
Twitter,Image,46,124702,7889,1162,818,0.0791406713605234,Medium,9869
Facebook,Text,45,21319,1322,232,162,0.0804915802805009,Medium,1716
Twitter,Text,74,100919,7169,1143,1053,0.0927971937890783,Medium,9365
Instagram,Image,37,157513,9570,1238,1138,0.0758413591259134,Short,11946
Twitter,Text,105,78178,4000,512,335,0.0619995395123947,Long,4847
Instagram,Video,110,160934,10884,718,631,0.0760125268743708,Long,12233
Twitter,Text,93,164175,12335,1420,1734,0.0943444495203289,Long,15489
Facebook,Image,81,145582,4413,566,394,0.0369070352103968,Long,5373
Instagram,Video,58,170763,9346,1126,1023,0.0673155191698435,Medium,11495
Facebook,Text,91,213010,10913,1815,888,0.0639218816018027,Long,13616
Facebook,Video,40,74991,1019,75,52,0.0152818338200584,Medium,1146
Instagram,Image,101,176444,15015,2541,1367,0.1072464918047652,Long,18923
Instagram,Text,89,242528,10662,1719,1377,0.0567274706425649,Long,13758
Facebook,Text,102,71309,1179,218,82,0.0207407199652217,Long,1479
Facebook,Video,60,177122,9070,961,969,0.0621040864488883,Medium,11000
Facebook,Text,104,30377,745,56,19,0.0269941073838759,Long,820
Facebook,Text,21,61336,4501,737,638,0.0958001826007564,Short,5876
Instagram,Text,14,252663,15528,2146,2268,0.0789272667545307,Short,19942
Instagram,Text,91,70679,2425,380,170,0.0420917104090323,Long,2975
Facebook,Image,48,190720,18221,3635,1544,0.1226929530201342,Medium,23400
Twitter,Text,6,27698,1004,79,41,0.0405805473319373,Short,1124
Twitter,Video,103,150155,9001,1005,409,0.0693616596183943,Long,10415
Instagram,Image,18,50169,4120,325,404,0.0966533118060954,Short,4849
Facebook,Video,115,156774,8818,1579,895,0.0720272494163573,Long,11292
Facebook,Video,113,101574,9799,514,631,0.1077441077441077,Long,10944
Instagram,Video,45,71543,6148,432,421,0.0978572327131934,Medium,7001
Twitter,Image,6,94955,8820,768,756,0.108935811700279,Short,10344
Twitter,Image,23,110768,4823,799,685,0.0569388270980788,Short,6307
Twitter,Image,84,98416,5841,842,230,0.070242643472606,Long,6913
Instagram,Text,111,195844,16767,1815,1537,0.102729723657605,Long,20119
Twitter,Video,112,38492,3514,259,96,0.1005143926010599,Long,3869
Instagram,Image,93,228939,21747,2136,1730,0.1118769628591022,Long,25613
Instagram,Video,5,115230,10269,1658,735,0.1098845786687494,Short,12662
Facebook,Image,6,91519,6934,743,286,0.0870092549088167,Short,7963
Twitter,Image,116,60636,738,88,30,0.0141170261890626,Long,856
Instagram,Image,31,60639,2325,328,182,0.0467520902389551,Short,2835
Twitter,Video,6,42685,922,172,33,0.0264027175822888,Short,1127
Twitter,Text,98,17739,424,37,24,0.0273408873104459,Long,485
Facebook,Image,55,163989,5933,695,173,0.0414722938733695,Medium,6801
Twitter,Image,14,22704,379,36,22,0.0192477096546864,Short,437
Facebook,Image,23,98688,3145,377,281,0.0385355869001297,Short,3803
Instagram,Text,110,208814,20072,3100,2342,0.1221852940894767,Long,25514
Twitter,Video,84,26307,1001,122,128,0.0475538829969209,Long,1251
Instagram,Video,17,271860,6626,1160,423,0.0301956889575516,Short,8209
Twitter,Video,52,189342,14133,1879,2007,0.0951664184385926,Medium,18019
Instagram,Video,118,105924,8957,966,459,0.0980136701786186,Long,10382
Twitter,Image,60,151992,5815,973,177,0.0458247802515921,Medium,6965
Twitter,Text,76,170943,5994,687,840,0.0439971218476334,Medium,7521
Twitter,Image,60,44928,1426,181,128,0.0386173433048433,Medium,1735
Twitter,Text,54,15587,707,140,46,0.0572913325206903,Medium,893
Twitter,Video,99,3195,57,9,7,0.022848200312989,Long,73
Twitter,Text,49,127711,8968,1598,1083,0.091213756058601,Medium,11649
Twitter,Image,93,158155,13285,1845,1703,0.1064335620119503,Long,16833
Twitter,Image,63,117982,8227,841,477,0.0809021715176891,Medium,9545
Twitter,Video,43,155510,7450,1480,994,0.0638158317793068,Medium,9924
Instagram,Image,25,25009,900,77,94,0.0428245831500659,Short,1071
Facebook,Image,59,109172,5114,925,592,0.060739017330451,Medium,6631
Twitter,Text,61,103123,4964,926,300,0.0600254065533392,Medium,6190
Facebook,Image,118,220751,15439,2665,800,0.0856349461610593,Long,18904
Twitter,Video,106,15696,1467,98,107,0.1065239551478083,Long,1672
Twitter,Video,45,130733,2137,380,202,0.0207981152425171,Medium,2719
Instagram,Image,97,12564,1203,179,128,0.1201846545686087,Long,1510
Instagram,Video,74,8637,793,120,67,0.1134653236077341,Medium,980
Facebook,Text,86,234249,4824,810,534,0.0263309555216884,Long,6168
Instagram,Text,53,153862,4080,504,457,0.032763125398084,Medium,5041
Instagram,Image,48,98695,3754,338,400,0.0455139571406859,Medium,4492
Facebook,Image,39,205122,12383,1687,651,0.07176704595314,Short,14721
Instagram,Text,95,235953,5215,345,406,0.0252846965285459,Long,5966
Twitter,Video,9,189996,5325,805,636,0.0356112760268637,Short,6766
Facebook,Image,75,221371,20198,2473,2732,0.1147530616024682,Medium,25403
Facebook,Image,78,15568,308,38,26,0.0238951695786228,Medium,372
Twitter,Video,78,95539,4385,341,650,0.0562702142580516,Medium,5376
Instagram,Image,55,265515,20888,1173,892,0.0864470933845545,Medium,22953
Facebook,Video,61,73847,6644,941,326,0.1071268975042994,Medium,7911
Facebook,Video,62,44596,1794,266,143,0.0493990492420844,Medium,2203
Twitter,Video,96,40315,999,124,86,0.0299888379015254,Long,1209
Twitter,Video,40,19191,1464,241,110,0.0945755823042051,Medium,1815
Instagram,Video,14,122083,9709,1306,737,0.0962623788733894,Short,11752
Facebook,Text,54,23908,2347,415,195,0.1236824493893257,Medium,2957
Instagram,Video,103,137487,3101,289,191,0.0260460989038963,Long,3581
Instagram,Text,103,45276,3343,289,123,0.0829357717112819,Long,3755
Twitter,Video,41,49650,2361,210,340,0.0586304128902316,Medium,2911
Facebook,Image,116,67427,6224,339,767,0.10871016061815,Long,7330
Facebook,Text,24,87369,4080,755,513,0.0612116425734528,Short,5348
Facebook,Image,17,149478,7494,1497,505,0.063527743213048,Short,9496
Twitter,Video,79,162408,3477,599,252,0.0266489335500714,Medium,4328
Twitter,Video,113,96957,3770,421,534,0.0487329434697855,Long,4725
Twitter,Image,23,79316,3654,376,535,0.0575545917595441,Short,4565
Twitter,Video,96,41871,484,80,68,0.0150939791263643,Long,632
Twitter,Image,106,14221,702,88,72,0.0606145840658181,Long,862
Facebook,Video,60,24116,971,185,50,0.050008293249295,Medium,1206
Instagram,Video,49,241871,19917,1831,1964,0.0980357297898466,Medium,23712
Facebook,Text,64,214030,4203,414,405,0.0234640003737793,Medium,5022
Instagram,Image,72,46474,3644,728,503,0.1048973619658303,Medium,4875
Twitter,Video,61,42100,3126,614,189,0.0933254156769596,Medium,3929
Instagram,Image,58,122982,3905,713,179,0.0390057081524125,Medium,4797
Facebook,Text,41,8416,147,16,8,0.0203184410646387,Medium,171
Facebook,Image,87,18251,1565,274,80,0.105144923565832,Long,1919
Instagram,Text,41,248148,8052,744,839,0.0388276351209761,Medium,9635
Twitter,Image,18,56822,1312,115,164,0.0279997184189222,Short,1591
Twitter,Image,99,184652,7813,1031,530,0.0507657647899833,Long,9374
Facebook,Text,96,189372,8726,1562,374,0.056301882010012,Long,10662
Instagram,Video,104,48655,1914,123,123,0.0443942040900215,Long,2160
Twitter,Video,48,135099,13223,1782,1203,0.1199712803203576,Medium,16208
Twitter,Video,106,91091,8132,1150,865,0.1113941004050894,Long,10147
Facebook,Image,87,146016,12932,1771,1182,0.1087894477317554,Long,15885
Twitter,Image,46,2315,106,8,5,0.0514038876889848,Medium,119
Instagram,Video,5,215741,20853,1243,2905,0.1158843242591811,Short,25001
Facebook,Image,27,170829,12224,2252,940,0.0902422890726984,Short,15416
Facebook,Image,68,101834,8643,1176,688,0.1031777206041204,Medium,10507
Instagram,Video,32,113898,6273,1036,914,0.0721961755254701,Short,8223
Facebook,Text,116,54011,1320,138,175,0.030234581844439,Long,1633
Twitter,Image,8,197616,17749,1000,2215,0.1060845275686179,Short,20964
Twitter,Image,45,42640,2293,203,100,0.0608818011257035,Medium,2596
Instagram,Image,64,166039,16133,984,2080,0.1156174151855889,Medium,19197
Twitter,Image,22,93331,3074,189,243,0.0375652248449068,Short,3506
Instagram,Text,67,33798,3356,275,158,0.1121072252796023,Medium,3789
Instagram,Video,65,113262,3399,492,505,0.0388126644417368,Medium,4396
Twitter,Image,53,101371,4372,754,185,0.0523917096605538,Medium,5311
Instagram,Video,51,298605,18949,3282,2650,0.0833241238425344,Medium,24881
Twitter,Image,119,101031,7314,1394,146,0.0876364680147677,Long,8854
Facebook,Text,43,85163,6372,945,490,0.0916712656904994,Medium,7807
Facebook,Video,93,66496,3515,186,83,0.0569056785370548,Long,3784
Instagram,Text,86,96897,1638,174,227,0.0210429631464338,Long,2039
Twitter,Image,10,68247,3729,248,135,0.0602517326768942,Short,4112
Twitter,Text,87,144157,5783,963,621,0.0511040046615842,Long,7367
Facebook,Text,57,96262,6660,452,679,0.0809353639026822,Medium,7791
Facebook,Image,80,207532,5479,361,664,0.0313397451959215,Long,6504
Twitter,Image,29,83085,3776,204,442,0.0532226033580068,Short,4422
Instagram,Video,103,132061,12803,2475,310,0.1180363619842345,Long,15588
Facebook,Image,69,61852,1113,186,78,0.022262820927375,Medium,1377
Instagram,Video,9,210070,13488,1348,835,0.0745989432094063,Short,15671
Instagram,Text,69,113293,2057,219,301,0.0227463303116697,Medium,2577
Facebook,Text,12,5560,134,7,16,0.0282374100719424,Short,157
Instagram,Video,43,223131,14379,1059,1610,0.0764035476917147,Medium,17048
Instagram,Image,115,24944,1246,120,96,0.0586112892880051,Long,1462
Twitter,Image,47,69713,4138,447,562,0.0738312796752399,Medium,5147
Instagram,Text,86,251597,22439,3208,497,0.1039122088101209,Long,26144
Twitter,Video,114,193233,16144,1655,802,0.0962620256374428,Long,18601
Facebook,Text,77,23098,2076,401,229,0.1171530002597627,Medium,2706
Facebook,Text,9,235454,15413,1563,1326,0.0777306820015799,Short,18302
Twitter,Image,8,29475,1593,304,142,0.0691772688719253,Short,2039
Facebook,Video,112,176808,9075,1447,672,0.0633116148590561,Long,11194
Instagram,Text,97,157488,12060,2230,502,0.0939246164787158,Long,14792
Instagram,Image,5,264381,15047,2339,626,0.0681289502649585,Short,18012
Instagram,Text,98,215728,4210,569,245,0.0232885856263442,Long,5024
Facebook,Text,60,119338,2717,343,219,0.0274765791281905,Medium,3279
Instagram,Image,49,7948,334,31,42,0.051207851031706,Medium,407
Facebook,Image,69,136592,2199,208,171,0.018873726133302,Medium,2578
Instagram,Video,7,208877,6586,549,900,0.0384676149121253,Short,8035
Twitter,Text,26,129294,8931,963,318,0.0789827834238247,Short,10212
Facebook,Video,76,65976,733,50,40,0.012474233054444,Medium,823
Facebook,Image,60,147408,9488,1026,276,0.0731981981981982,Medium,10790
Instagram,Image,22,196184,15599,2730,1346,0.1002885046690861,Short,19675
Facebook,Text,29,244806,6196,1118,196,0.0306773526792643,Short,7510
Facebook,Video,52,17020,447,65,55,0.0333137485311398,Medium,567
Twitter,Video,88,94816,1194,105,30,0.0140166216672291,Long,1329
Twitter,Text,35,66566,3735,321,305,0.0655139260283027,Short,4361
Instagram,Text,34,152818,10531,965,786,0.0803701134683087,Short,12282
Twitter,Video,84,69792,3567,445,165,0.0598492663915635,Long,4177
Instagram,Image,70,83372,3755,737,361,0.0582089910281629,Medium,4853
Instagram,Image,85,161783,8234,546,577,0.0578367319186811,Long,9357
Instagram,Text,14,271502,21811,2728,997,0.0940545557675449,Short,25536
Facebook,Video,75,145411,1892,288,241,0.0166493594019709,Medium,2421
Twitter,Video,63,34039,2741,238,290,0.0960368988513176,Medium,3269
Instagram,Video,110,288389,20178,3942,435,0.0851454112327446,Long,24555
Twitter,Image,55,131024,4157,425,354,0.0376724874832091,Medium,4936
Instagram,Image,13,248859,14241,2703,787,0.0712491812632856,Short,17731
Twitter,Video,58,19259,278,38,38,0.018381016667532,Medium,354
Twitter,Video,66,63086,2786,141,318,0.0514377199378626,Medium,3245
Instagram,Text,85,191179,4906,474,488,0.0306937477442606,Long,5868
Facebook,Text,13,206737,2482,132,78,0.0130213749836749,Short,2692
Twitter,Video,13,186075,7840,840,1105,0.0525863227193336,Short,9785
Facebook,Video,105,182861,13778,2616,533,0.0925675786526378,Long,16927
Facebook,Image,28,241720,22453,3746,1764,0.1156834353797782,Short,27963
Instagram,Video,43,177660,12365,1768,1342,0.0871045817854328,Medium,15475
Instagram,Text,79,231805,10704,1399,902,0.0561031901814024,Medium,13005
Instagram,Image,12,135196,13513,1430,1820,0.1239903547442232,Short,16763
Twitter,Text,29,83164,2949,241,379,0.042915203693906,Short,3569
Instagram,Text,114,183164,4916,291,184,0.0294326396016684,Long,5391
Instagram,Image,70,235395,12177,956,1221,0.0609783555300664,Medium,14354
Twitter,Text,14,181480,10061,1033,269,0.0626129601057967,Short,11363
Twitter,Video,28,124262,5210,666,592,0.0520513109397885,Short,6468
Instagram,Text,116,221919,16110,1299,1863,0.0868424965865924,Long,19272
Instagram,Image,84,70124,1861,365,120,0.0334550225315156,Long,2346
Instagram,Image,87,174317,9749,599,1191,0.0661954944153467,Long,11539
Instagram,Image,63,243242,13381,859,1403,0.0643104398089145,Medium,15643
Facebook,Text,35,184232,15501,2362,1325,0.1041512875070563,Short,19188
Facebook,Video,15,217218,20294,3313,1606,0.116072332863759,Short,25213
Instagram,Image,10,186859,13022,2550,445,0.0857170379805093,Short,16017
Facebook,Video,74,163024,6110,791,544,0.0456681224850328,Medium,7445
Twitter,Image,36,66403,4785,358,192,0.0803427555983916,Short,5335
Facebook,Video,43,213176,6954,1326,732,0.0422749277592224,Medium,9012
Facebook,Video,52,224507,21774,4290,2118,0.1255283799614266,Medium,28182
Instagram,Video,17,82538,6934,1307,400,0.104691172550825,Short,8641
Facebook,Image,63,141601,6911,1249,360,0.0601690666026369,Medium,8520
Facebook,Text,71,217677,17542,1081,1436,0.0921502960808905,Medium,20059
Facebook,Text,60,51478,2408,429,208,0.0591514821865651,Medium,3045
Facebook,Text,45,65525,1095,211,135,0.0219916062571537,Medium,1441
Twitter,Video,60,71248,5244,696,312,0.0877498315742196,Medium,6252
Instagram,Image,39,134210,6229,1033,451,0.0574696371358319,Short,7713
Instagram,Video,42,286472,26850,4004,1735,0.1137598089865676,Medium,32589
Twitter,Image,85,85247,3204,298,228,0.0437552054617757,Long,3730
Facebook,Video,71,8906,765,105,71,0.1056591062205254,Medium,941
Twitter,Image,38,31107,2216,406,204,0.0908477191628893,Short,2826
Facebook,Image,80,54412,4722,587,316,0.1033779313386752,Long,5625
Twitter,Image,92,85349,3095,428,304,0.0448394240119977,Long,3827
Instagram,Video,74,261817,13489,1749,1350,0.0633572304319429,Medium,16588
Instagram,Text,110,167751,14104,1302,1248,0.0992780967028512,Long,16654
Instagram,Video,15,89388,6073,889,478,0.0832326486776748,Short,7440
Facebook,Video,116,115958,4915,621,148,0.0490177478052398,Long,5684
Facebook,Image,31,153684,8618,731,778,0.0658949532807579,Short,10127
Twitter,Image,52,32907,3279,604,369,0.1292126295317106,Medium,4252
Twitter,Text,28,97707,7500,1443,359,0.0952030049024123,Short,9302
Instagram,Text,22,140038,9145,533,1107,0.077014810265785,Short,10785
Facebook,Image,31,110412,9331,1337,897,0.1047440495598304,Short,11565
Twitter,Text,58,187505,9334,1047,474,0.0578917895522786,Medium,10855
Facebook,Text,59,155473,14848,1913,611,0.1117364429836691,Medium,17372
Facebook,Image,109,155611,9287,985,482,0.0691082249969475,Long,10754
Instagram,Video,25,68534,2701,327,320,0.0488516648670732,Short,3348
Instagram,Text,63,222065,3939,388,207,0.0204174453425798,Medium,4534
Facebook,Image,119,39555,1733,117,188,0.0515231955504993,Long,2038
Facebook,Text,38,241507,14774,1408,1343,0.0725651844459994,Short,17525
Facebook,Text,101,99915,7323,1102,667,0.0909973477455837,Long,9092
Facebook,Image,62,13470,1195,68,156,0.1053452115812917,Medium,1419
Instagram,Text,52,210801,20016,2149,2676,0.1178409969592174,Medium,24841
Twitter,Text,58,54924,1055,59,94,0.0219940281115723,Medium,1208
Instagram,Text,22,236588,15160,1568,431,0.0725269244424907,Short,17159
Twitter,Video,7,107267,7507,474,307,0.0772651421219946,Short,8288
Facebook,Video,28,61954,1578,159,226,0.031684798398812,Short,1963
Twitter,Text,5,126507,7477,1313,280,0.0716956373955591,Short,9070
Instagram,Image,10,172831,6936,984,891,0.0509804375372473,Short,8811
Instagram,Text,23,281879,4782,728,431,0.0210764193146704,Short,5941
Facebook,Text,90,50011,796,99,27,0.0184359440922996,Long,922
Instagram,Video,119,245381,19220,3620,2681,0.1040056076061308,Long,25521
Facebook,Video,47,128373,8394,1101,1180,0.0831561153825181,Medium,10675
Instagram,Video,12,231505,17214,1129,1721,0.0866676745642642,Short,20064
Instagram,Text,73,256487,18383,3492,1296,0.090339861279519,Medium,23171
Facebook,Text,56,89814,1983,138,196,0.0257977598147282,Medium,2317
Twitter,Image,77,130338,3081,615,313,0.0307584894658503,Medium,4009
Instagram,Text,51,223510,7314,843,737,0.0397924030244731,Medium,8894
Twitter,Text,89,62854,2886,176,332,0.0539981544531772,Long,3394
Instagram,Video,32,41091,3884,697,111,0.1141855880849821,Short,4692
Instagram,Video,50,143192,10116,646,337,0.0775113134812,Medium,11099
Instagram,Video,8,12859,423,32,24,0.0372501749747258,Short,479
Instagram,Video,92,234475,3526,397,230,0.0177119095852436,Long,4153
Twitter,Video,12,163683,11716,1774,1206,0.0897833006482041,Short,14696
Twitter,Image,65,178549,11833,806,501,0.0735932433113599,Medium,13140
Instagram,Image,21,142858,10117,1450,913,0.0873594758431449,Short,12480
Instagram,Image,38,288329,9660,1613,425,0.0405717080141088,Short,11698
Twitter,Video,24,98726,5580,382,369,0.064126977695845,Short,6331
Facebook,Video,84,72245,3074,452,435,0.0548273236902207,Long,3961
Facebook,Video,78,218762,18286,3544,2494,0.1111893290425211,Medium,24324
Twitter,Image,38,117718,1912,373,275,0.0217468866273637,Short,2560
Instagram,Video,47,68906,2397,177,232,0.0407221432095898,Medium,2806
Instagram,Image,14,74745,4803,787,409,0.0802595491337213,Short,5999
Facebook,Video,98,91915,2616,463,341,0.0372082902681825,Long,3420
Facebook,Text,34,214454,15128,2773,459,0.0856127654415399,Short,18360
Twitter,Image,119,151075,3370,332,496,0.0277875227535992,Long,4198
Facebook,Text,29,225034,2712,245,217,0.0141045353146635,Short,3174
Twitter,Image,61,93087,8165,466,880,0.1021732357901747,Medium,9511
Facebook,Video,114,87436,3498,384,401,0.048984400018299,Long,4283
Facebook,Video,67,80916,1951,133,198,0.0282020861139947,Medium,2282
Facebook,Text,111,12707,324,54,44,0.033210041709294,Long,422
Instagram,Video,109,160451,14397,1028,827,0.1012894902493596,Long,16252
Instagram,Image,75,55277,3808,658,339,0.0869258461928107,Medium,4805
Instagram,Video,51,208514,20032,1324,1521,0.1097144556240828,Medium,22877
Facebook,Video,88,84431,6923,845,772,0.1011476827231704,Long,8540
Twitter,Image,85,56756,4488,483,320,0.0932236239340334,Long,5291
Twitter,Text,7,82748,4549,637,618,0.0701406680524,Short,5804
Twitter,Text,115,81859,6865,877,574,0.1015893182179112,Long,8316
Twitter,Video,50,100470,4736,662,424,0.0579476460635015,Medium,5822
Instagram,Image,108,77884,6575,329,553,0.0957449540342047,Long,7457
Instagram,Text,40,202183,15810,1092,1595,0.0914864256638787,Medium,18497
Facebook,Text,30,174011,12365,1577,1067,0.0862531679031785,Short,15009
Facebook,Video,14,149820,5944,501,843,0.0486450407155253,Short,7288
Twitter,Image,38,70879,4732,290,175,0.0733221405493869,Short,5197
Instagram,Text,82,121506,6757,558,146,0.061404375092588,Long,7461
Twitter,Video,12,44115,2273,379,199,0.0646265442593222,Short,2851
Facebook,Video,59,65023,6445,845,769,0.1239407594235885,Medium,8059
Facebook,Video,95,224999,12464,978,1299,0.0655158467370966,Long,14741
Twitter,Video,14,89943,1158,60,168,0.015409759514359,Short,1386
Facebook,Text,61,194056,12881,1334,562,0.0761481221915323,Medium,14777
Twitter,Image,118,44495,3360,348,370,0.0916507472749747,Long,4078
Instagram,Video,83,157627,14133,2265,1781,0.1153292265918909,Long,18179
Twitter,Video,105,159695,10690,2008,1481,0.0887880021290585,Long,14179
Instagram,Text,90,173381,2037,215,180,0.0140269118300159,Long,2432
Instagram,Video,49,257140,5342,818,359,0.0253519483549817,Medium,6519
Facebook,Video,54,219852,5388,782,776,0.0315939814056729,Medium,6946
Facebook,Image,68,184738,5359,607,658,0.0358561855167859,Medium,6624
Facebook,Video,99,227535,18653,1117,1514,0.0935416529325158,Long,21284
Twitter,Text,6,134139,5080,614,531,0.046407085187753,Short,6225
Twitter,Image,49,19265,734,75,41,0.0441214637944458,Medium,850
Facebook,Text,99,75445,5884,779,587,0.0960964941348001,Long,7250
Twitter,Image,66,154488,7279,500,656,0.0545997100098389,Medium,8435
Facebook,Image,18,82772,1309,207,32,0.0187019765137969,Short,1548
Twitter,Video,78,98901,6197,1042,821,0.0814956370511926,Medium,8060
Instagram,Video,98,188863,4099,443,343,0.0258653097748103,Long,4885
Instagram,Video,104,162197,9966,760,820,0.0711850404138177,Long,11546
Facebook,Text,115,210537,16878,2422,959,0.0962253665626469,Long,20259
Twitter,Video,108,55709,5217,1008,237,0.1159956200972912,Long,6462
Twitter,Video,19,43060,690,107,39,0.0194147700882489,Short,836
Instagram,Image,18,36411,1360,93,142,0.0438054434099585,Short,1595
Instagram,Video,35,57684,3964,434,129,0.0784793010193467,Short,4527
Facebook,Video,33,169656,6513,1219,412,0.0480030178714575,Short,8144
Instagram,Video,31,167674,8483,1231,1249,0.0653828261984565,Short,10963
Facebook,Video,89,117025,1381,99,76,0.0132963042085024,Long,1556
Instagram,Image,13,77740,5629,893,819,0.0944301517880113,Short,7341
Instagram,Video,24,23899,2138,220,71,0.101636051717645,Short,2429
Twitter,Image,103,182482,17868,2205,2201,0.1220613539965585,Long,22274
Instagram,Text,62,62852,5326,597,410,0.1007605167695538,Medium,6333
Instagram,Video,83,148085,1904,302,86,0.0154775973258601,Long,2292
Facebook,Video,92,179436,12321,1018,1507,0.0827370204418288,Long,14846
Instagram,Video,53,135320,7389,799,154,0.061646467632279,Medium,8342
Facebook,Image,61,106024,10009,1618,651,0.115803968912699,Medium,12278
Instagram,Video,20,5678,517,80,50,0.1139485734413525,Short,647
Instagram,Video,104,166424,16463,1321,823,0.1118047877709945,Long,18607
Facebook,Text,79,48797,4273,438,270,0.1020759472918417,Medium,4981
Twitter,Image,12,142170,8419,439,268,0.0641907575437856,Short,9126
Facebook,Image,71,142531,10595,1372,1387,0.0936918986045141,Medium,13354
Facebook,Text,23,41894,4056,373,303,0.1129517353320284,Short,4732
Facebook,Image,114,227287,14098,729,548,0.067645751846784,Long,15375
Twitter,Video,109,100202,8577,975,393,0.099249515977725,Long,9945
Instagram,Video,71,75442,7151,1351,398,0.1179714217544603,Medium,8900
Facebook,Text,40,10898,668,125,33,0.0757937236190126,Medium,826
Facebook,Image,93,53352,1297,137,110,0.0289398710451342,Long,1544
Twitter,Image,64,49207,1181,138,162,0.030097343873839,Medium,1481
Facebook,Image,40,167956,3422,295,150,0.0230238872085546,Medium,3867
Instagram,Text,15,163438,8640,520,682,0.0602185538246919,Short,9842
Twitter,Video,55,114382,6086,937,647,0.0670560053155216,Medium,7670
Instagram,Text,84,146908,9631,1637,422,0.0795736106951289,Long,11690
Instagram,Video,59,22442,1199,218,47,0.0652348275554763,Medium,1464
Twitter,Text,58,58436,5701,1084,229,0.1200287494010541,Medium,7014
Facebook,Video,21,249447,9034,1692,1216,0.0478738970602973,Short,11942
Instagram,Image,66,133934,11872,642,1335,0.1034016754520883,Medium,13849
Instagram,Image,46,126751,2412,474,153,0.0239761422000615,Medium,3039
Instagram,Image,28,17686,1134,121,155,0.0797240755399751,Short,1410
Instagram,Text,21,48604,3322,607,478,0.090671549666694,Short,4407
Twitter,Text,52,143428,11402,1323,818,0.0944236829628803,Medium,13543
Twitter,Text,88,43163,2385,270,205,0.0662604545559854,Long,2860
Instagram,Image,90,7491,207,10,13,0.0307035108797223,Long,230
Facebook,Video,74,89742,3877,224,192,0.0478371331149294,Medium,4293
Instagram,Image,11,64382,2220,334,269,0.0438476592836507,Short,2823
Facebook,Image,18,82464,3935,750,410,0.061784536282499,Short,5095
Instagram,Video,15,82096,4736,396,320,0.066410056519197,Short,5452
Facebook,Video,16,10011,663,42,14,0.0718209969034062,Short,719
Instagram,Video,114,140934,12128,995,1446,0.1033746292590858,Long,14569
Facebook,Video,9,41118,3778,309,310,0.1069361350260226,Short,4397
Instagram,Image,9,260178,13433,1262,396,0.0580025982212177,Short,15091
Instagram,Text,24,181375,3261,209,118,0.0197822191592005,Short,3588
Facebook,Image,58,145775,11915,1016,1211,0.0970125192934316,Medium,14142
Twitter,Video,59,125793,6660,1253,606,0.0677223692892291,Medium,8519
Facebook,Text,62,110915,6563,1204,336,0.0730559437407023,Medium,8103
Twitter,Text,83,17096,1087,105,41,0.0721221338324754,Long,1233
Instagram,Image,94,215714,15123,3017,2041,0.0935544285489119,Long,20181
Facebook,Image,101,68891,6207,588,232,0.1020017128507352,Long,7027
Facebook,Image,34,121160,11594,1835,361,0.1138164410696599,Short,13790
Facebook,Text,28,11432,1081,158,108,0.1178271518544436,Short,1347
Twitter,Text,91,148772,12326,735,651,0.0921678810528863,Long,13712
Twitter,Text,77,126790,11415,1156,1202,0.1086284407287641,Medium,13773
Instagram,Video,7,102186,1478,284,123,0.0184467539584678,Short,1885
Twitter,Video,104,48618,4201,242,199,0.0954790406845201,Long,4642
Twitter,Image,52,84774,1399,106,40,0.0182249274541722,Medium,1545
Instagram,Text,75,265624,20494,4009,598,0.094498238111014,Medium,25101
Facebook,Image,26,62658,1581,88,152,0.0290625299243512,Short,1821
Facebook,Text,18,96312,4084,477,484,0.0523818423457097,Short,5045
Instagram,Image,52,133081,3536,663,387,0.0344602159587018,Medium,4586
Facebook,Video,33,140776,7026,1345,682,0.0643078365630505,Short,9053
Twitter,Text,54,87544,4119,811,195,0.0585419903134423,Medium,5125
Instagram,Video,84,151451,2169,265,286,0.0179596040963744,Long,2720
Instagram,Text,116,59598,5050,318,513,0.0986778079801335,Long,5881
Instagram,Image,102,13573,1179,195,129,0.1107345465261917,Long,1503
Facebook,Text,14,156487,12655,1978,621,0.0974777457552384,Short,15254
Instagram,Video,75,57287,4942,676,266,0.1027109117251732,Medium,5884
Instagram,Text,93,268088,20798,3810,2869,0.1024924651606935,Long,27477
Instagram,Image,31,263153,24834,4637,2033,0.1197174267441374,Short,31504
Facebook,Text,83,177561,10986,1675,1010,0.0769932586547721,Long,13671
Twitter,Video,100,178333,11134,743,383,0.0687477920519477,Long,12260
Instagram,Image,32,287278,25105,1614,1789,0.0992348874609263,Short,28508
Twitter,Video,13,71720,2972,330,402,0.0516452872281093,Short,3704
Facebook,Text,75,227571,3301,309,452,0.0178493744809312,Medium,4062
Facebook,Video,84,75714,5866,410,674,0.0917927992181102,Long,6950
Facebook,Text,30,204776,6739,954,612,0.0405565105285775,Short,8305
Facebook,Image,103,166726,8783,1339,1238,0.0681357436752516,Long,11360
Twitter,Video,85,10146,321,49,42,0.0406071358170707,Long,412
Instagram,Video,91,117188,9895,754,1286,0.1018448987950984,Long,11935
Facebook,Text,12,204898,19720,1890,2655,0.1184247772062196,Short,24265
Facebook,Video,6,191622,2865,228,226,0.0173205581822546,Short,3319
Twitter,Video,99,120222,3727,522,329,0.0380795528272695,Long,4578
Twitter,Image,61,118740,3213,433,241,0.0327353882432204,Medium,3887
Facebook,Text,56,228490,16128,2024,1874,0.0876449735218171,Medium,20026
Instagram,Text,62,201636,9795,924,949,0.0578666507964847,Medium,11668
Instagram,Image,100,193603,9886,845,287,0.0569102751506949,Long,11018
Facebook,Image,97,86780,2094,384,79,0.0294653145886148,Long,2557
Twitter,Text,7,141006,6673,382,300,0.0521609009545693,Short,7355
Facebook,Image,12,98381,3668,544,393,0.0468078185828564,Short,4605
Facebook,Image,63,234948,15273,808,523,0.0706709569777142,Medium,16604
Twitter,Image,6,181121,5352,423,483,0.034551487679507,Short,6258
Facebook,Text,99,109355,7144,667,923,0.0798683187782908,Long,8734
Facebook,Image,66,189352,8330,1524,1192,0.0583357978790823,Medium,11046
Facebook,Video,119,220006,9056,639,685,0.0471805314400516,Long,10380
Twitter,Video,53,97597,3659,697,326,0.0479727860487515,Medium,4682
Instagram,Text,105,7127,503,86,64,0.091623403956784,Long,653
Instagram,Image,24,211691,12832,1948,1817,0.0784020104775356,Short,16597
Twitter,Video,33,195808,16967,1896,1199,0.1024575093969602,Short,20062
Instagram,Text,21,155163,4925,915,324,0.0397259655974684,Short,6164
Facebook,Video,78,144005,1960,253,154,0.0164369292732891,Medium,2367
Instagram,Image,109,283021,7466,789,395,0.03056310309129,Long,8650
Facebook,Text,26,168653,6898,950,908,0.0519172502119737,Short,8756
Instagram,Video,10,279663,7318,620,449,0.0299896661338825,Short,8387
Twitter,Text,66,10351,181,16,14,0.0203845039126654,Medium,211
Instagram,Video,111,114538,5736,1077,353,0.0625643891110373,Long,7166
Instagram,Video,102,198895,14106,2385,500,0.0854269840870811,Long,16991
Instagram,Image,35,246509,19139,2431,1892,0.095177052359143,Short,23462
Twitter,Image,66,177552,8147,916,785,0.0554654411102099,Medium,9848
Instagram,Video,16,44253,2346,401,136,0.0651481255508101,Short,2883
Twitter,Text,16,88967,6938,940,167,0.090426787460519,Short,8045
Facebook,Text,67,155996,6511,730,923,0.0523346752480832,Medium,8164
Instagram,Image,20,39864,3214,409,212,0.0962020870961268,Short,3835
Twitter,Video,29,14493,1406,119,126,0.113917063409922,Short,1651
Twitter,Image,26,7337,654,52,25,0.0996320021807278,Short,731
Instagram,Video,95,68281,3470,688,182,0.0635608734494222,Long,4340
Facebook,Video,92,19035,1183,231,90,0.0790123456790123,Long,1504
Twitter,Image,80,90854,6766,765,629,0.0898144275430911,Long,8160
Instagram,Text,22,243913,10107,1286,1324,0.0521374424487419,Short,12717
Facebook,Image,49,240798,19728,3434,1139,0.1009186122808329,Medium,24301
Twitter,Video,115,21884,1079,171,143,0.0636538110034728,Long,1393
Twitter,Image,84,11074,954,61,75,0.0984287520317861,Long,1090
Facebook,Text,72,95885,3157,335,240,0.0389216248631172,Medium,3732
Facebook,Text,16,29907,329,28,23,0.012706055438526,Short,380
Instagram,Video,53,223597,14968,2977,2023,0.0893035237503186,Medium,19968
Instagram,Image,37,13624,690,111,36,0.0614357017028772,Short,837
Twitter,Text,90,160328,2466,140,324,0.0182750361758395,Long,2930
Facebook,Image,67,144527,7787,1440,245,0.0655379271693178,Medium,9472
Facebook,Text,22,246808,6212,1175,895,0.0335564487374801,Short,8282
Facebook,Video,58,145266,9685,968,827,0.0790274393182162,Medium,11480
Twitter,Video,116,23622,1182,172,177,0.0648124629582592,Long,1531
Facebook,Image,101,226596,5755,876,569,0.0317746120849441,Long,7200
Facebook,Video,31,185041,8710,1388,307,0.0562307812863095,Short,10405
Twitter,Text,110,75106,2324,357,64,0.0365483450057252,Long,2745
Instagram,Video,87,26487,1821,243,82,0.0810208781666477,Long,2146
Instagram,Text,116,5617,205,39,15,0.046110023144027,Long,259
Twitter,Text,82,112988,9488,1203,1111,0.1044535702906503,Long,11802
Facebook,Video,29,128385,1447,96,29,0.0122444210772286,Short,1572
Twitter,Text,38,108813,5038,312,269,0.0516390504811006,Short,5619
Instagram,Text,92,118021,7734,408,745,0.0753001584463781,Long,8887
Instagram,Image,106,142357,1713,195,100,0.0141053829456928,Long,2008
Twitter,Image,64,35224,1036,94,68,0.0340109016579604,Medium,1198
Twitter,Image,58,199108,7858,1448,464,0.0490688470578781,Medium,9770
Instagram,Video,91,33994,406,73,58,0.0157969053362358,Long,537
Twitter,Image,9,64439,3814,670,108,0.0712611927559397,Short,4592
Instagram,Text,112,107178,7157,1288,987,0.0880031349717292,Long,9432
Twitter,Video,40,25014,762,72,47,0.0352202766450787,Medium,881
Twitter,Video,58,72509,4271,486,222,0.0686673378477154,Medium,4979
Twitter,Video,92,72310,7225,699,974,0.1230535195685244,Long,8898
Instagram,Video,40,217127,19502,1226,1117,0.1006093208122435,Medium,21845
Twitter,Text,73,198326,3030,571,449,0.0204209231265693,Medium,4050
Instagram,Text,43,251763,5415,771,494,0.0265328900593018,Medium,6680
Instagram,Image,74,222188,12108,846,991,0.0627621653734675,Medium,13945
Twitter,Video,113,90635,2906,235,427,0.0393666905720748,Long,3568
Twitter,Image,104,52218,902,106,44,0.0201463097016354,Long,1052
Instagram,Text,113,266312,8764,506,1210,0.0393523386103517,Long,10480
Instagram,Video,8,18302,283,25,27,0.0183040104906567,Short,335
Facebook,Text,78,189832,10951,1703,1293,0.0734702263053647,Medium,13947
Instagram,Image,69,8234,445,83,42,0.0692251639543356,Medium,570
Facebook,Text,89,140566,1485,281,149,0.0136234935901996,Long,1915
Facebook,Video,44,193697,10348,1324,415,0.0624015859822299,Medium,12087
Facebook,Video,107,148311,8421,815,334,0.0645265691688411,Long,9570
Twitter,Image,41,72034,4647,874,332,0.0812532970541688,Medium,5853
Twitter,Video,71,111734,10872,1826,707,0.1199724345320135,Medium,13405
Instagram,Text,115,75803,7462,1030,839,0.123095392002955,Long,9331
Facebook,Text,35,189395,10875,1905,1239,0.0740199054885292,Short,14019
Twitter,Text,95,145618,12532,1489,1169,0.1043140271120328,Long,15190
Twitter,Text,85,157551,2783,185,201,0.0201141217764406,Long,3169
Twitter,Image,91,38437,2221,423,239,0.0750058537346827,Long,2883
Twitter,Text,81,186939,13291,1729,1453,0.0881196540047823,Long,16473
Twitter,Image,51,142729,8681,1339,1086,0.0778117971820723,Medium,11106
Facebook,Text,31,90989,2799,304,351,0.0379606326039411,Short,3454
Facebook,Image,55,103265,1614,113,46,0.0171694184864184,Medium,1773
Facebook,Text,24,115244,5162,468,354,0.0519246121273124,Short,5984
Facebook,Text,114,20259,1383,78,103,0.0772002566760452,Long,1564
Instagram,Image,17,210342,20877,1318,2716,0.1184309362847172,Short,24911
Facebook,Video,67,203124,6355,513,541,0.0364752564935704,Medium,7409
Twitter,Video,48,17032,1577,211,131,0.1126702677313292,Medium,1919
Facebook,Video,28,89419,1443,287,132,0.0208233149554345,Short,1862
Instagram,Image,109,227202,21309,3762,778,0.113771005536923,Long,25849
Twitter,Video,7,173073,14696,924,1373,0.0981840032818521,Short,16993
Facebook,Video,111,29004,344,60,31,0.0149979313198179,Long,435
Facebook,Image,14,16170,595,77,70,0.0458874458874458,Short,742
Facebook,Video,69,107251,1564,233,160,0.0182469161126702,Medium,1957
Twitter,Video,53,19842,1976,137,284,0.120804354399758,Medium,2397
Twitter,Video,62,107699,5224,571,158,0.0552744222323327,Medium,5953
Instagram,Image,81,41195,2866,523,344,0.0906177934215317,Long,3733
Twitter,Image,82,130138,4044,460,475,0.0382593861900444,Long,4979
Twitter,Video,101,173638,16328,1127,898,0.1056969096626314,Long,18353
Facebook,Video,6,10736,372,35,41,0.0417287630402384,Short,448
Twitter,Image,70,50258,1679,139,177,0.0396951729077957,Medium,1995
Facebook,Video,107,99804,3823,585,224,0.046410965492365,Long,4632
Facebook,Image,109,46475,2399,447,273,0.0671113501882732,Long,3119
Twitter,Video,35,46511,542,86,76,0.0151362043387585,Short,704
Instagram,Image,72,271350,17313,3056,1033,0.0788723051409618,Medium,21402
Instagram,Text,102,24348,312,53,45,0.0168391654345326,Long,410
Twitter,Text,87,58057,3397,177,166,0.0644194498510084,Long,3740
Instagram,Image,41,172153,8815,605,330,0.0566356671100706,Medium,9750
Facebook,Text,77,116359,3703,420,111,0.0363873873099631,Medium,4234
Facebook,Video,28,120615,4785,319,228,0.0442067736185383,Short,5332
Twitter,Image,81,195280,14354,2300,926,0.090024580090127,Long,17580
Instagram,Image,48,285176,3098,187,357,0.0127710606783179,Medium,3642
Instagram,Video,98,264246,10173,1143,298,0.04395146946406,Long,11614
Facebook,Video,87,163344,11634,1266,999,0.0850903614457831,Long,13899
Twitter,Image,45,109654,2599,341,227,0.0288817553395225,Medium,3167
Instagram,Video,78,242560,14659,2116,727,0.0721553430079155,Medium,17502
Twitter,Image,55,116169,2927,562,75,0.0306794411590011,Medium,3564
Instagram,Video,46,55670,1332,120,65,0.0272498652775282,Medium,1517
Facebook,Image,112,234214,18621,2791,930,0.0953913941950523,Long,22342
Facebook,Video,82,53022,1802,99,197,0.0395684810078835,Long,2098
Twitter,Video,44,138610,6073,304,306,0.0482144145444051,Medium,6683
Facebook,Text,52,47237,3575,192,229,0.0845947033046129,Medium,3996
Instagram,Text,117,145605,3808,446,99,0.0298959513752961,Long,4353
Facebook,Text,88,230400,13330,1776,1347,0.0714105902777777,Long,16453
Twitter,Video,8,192722,17846,908,1456,0.1048660765247351,Short,20210
Twitter,Image,106,11363,680,74,44,0.0702279327642348,Long,798
Twitter,Video,112,48304,695,39,77,0.0167894998343822,Long,811
Instagram,Text,64,251888,15887,2351,1726,0.0792574477545575,Medium,19964
Instagram,Video,118,16819,304,43,19,0.0217611035138831,Long,366
Instagram,Text,43,17191,608,101,68,0.0451980687569076,Medium,777
Instagram,Text,9,11499,994,131,64,0.103400295677885,Short,1189
Instagram,Image,110,68001,747,107,36,0.0130880428228996,Long,890
Facebook,Image,100,113383,1919,176,217,0.0203910639161073,Long,2312
Instagram,Text,10,22668,967,60,110,0.0501588141874007,Short,1137
Instagram,Text,18,144834,14475,2324,1918,0.1292307054973279,Short,18717
Facebook,Video,74,99828,3620,513,308,0.0444865168089113,Medium,4441
Instagram,Text,82,155320,3751,715,188,0.0299639454030388,Long,4654
Twitter,Video,16,106349,6322,1254,814,0.0788911978485928,Short,8390
Instagram,Text,66,181016,10269,1818,438,0.0691927785389136,Medium,12525
Instagram,Image,31,212941,10746,2126,1526,0.0676149731615799,Short,14398
Twitter,Image,58,118665,11296,1661,676,0.1148864450343403,Medium,13633
Twitter,Text,94,98188,3457,220,77,0.038232777936204,Long,3754
Twitter,Video,16,108942,3965,251,175,0.0403058508197022,Short,4391
Twitter,Video,12,15070,340,58,25,0.0280690112806901,Short,423
Instagram,Video,78,96392,7013,599,190,0.0809403269980911,Medium,7802
Twitter,Text,20,99164,3859,228,282,0.0440583276188939,Short,4369
Twitter,Text,56,170879,14054,1698,651,0.095991900701666,Medium,16403
Facebook,Image,30,91959,8962,871,201,0.1091138442131819,Short,10034
Twitter,Image,12,181105,2523,348,148,0.0166698876342453,Short,3019
Twitter,Text,109,158284,15730,2202,777,0.1181989335624573,Long,18709
Facebook,Image,49,104277,3427,521,255,0.0403061077706493,Medium,4203
Facebook,Video,97,7626,364,49,43,0.059795436664044,Long,456
Instagram,Video,88,54270,4341,465,374,0.0954486825133591,Long,5180
Facebook,Text,85,43767,3058,163,366,0.0819567253867068,Long,3587
Instagram,Video,23,7292,583,108,37,0.0998354360943499,Short,728
Facebook,Text,21,119792,6225,616,135,0.0582342727394149,Short,6976
Facebook,Video,107,249827,23095,2911,3230,0.1170249812870506,Long,29236
Instagram,Text,69,282003,22868,3053,1392,0.0968535795718485,Medium,27313
Facebook,Video,33,164657,6229,605,551,0.0448508110800026,Short,7385
Instagram,Video,18,115986,11060,1064,895,0.1122463055886055,Short,13019
Facebook,Image,21,247161,23849,2125,2284,0.1143303352875251,Short,28258
Twitter,Image,17,3280,155,13,20,0.0573170731707317,Short,188
Facebook,Image,97,197552,13567,740,1800,0.0815329634729083,Long,16107
Instagram,Image,102,150219,12517,2424,1846,0.1117501780733462,Long,16787
Facebook,Image,95,219424,18334,2553,1626,0.1026004448009333,Long,22513
Instagram,Image,67,251522,2834,187,396,0.0135852927378121,Medium,3417
Instagram,Text,114,203237,13537,1878,1119,0.0813532968898379,Long,16534
Twitter,Text,37,10634,1038,88,26,0.1083317660334775,Short,1152
Twitter,Image,33,70550,2174,210,84,0.0349822820694542,Short,2468
Instagram,Text,41,146845,11983,2039,759,0.1006571555041029,Medium,14781
Facebook,Image,107,151953,8825,1613,1008,0.0753259231472889,Long,11446
Instagram,Text,87,144352,4320,669,132,0.0354757814231877,Long,5121
Instagram,Video,50,64593,942,178,63,0.0183146780610902,Medium,1183
Facebook,Text,28,159627,12513,2324,1848,0.1045249237284419,Short,16685
Facebook,Text,18,44421,1709,226,208,0.0482429481551518,Short,2143
Facebook,Text,115,88472,3875,721,365,0.0560742381770503,Long,4961
Facebook,Video,105,161404,8662,1141,242,0.0622351366756709,Long,10045
Instagram,Image,9,95491,5313,348,116,0.0604978479647296,Short,5777
Instagram,Text,57,91416,2610,455,87,0.0344797409643826,Medium,3152
Twitter,Text,92,48158,3388,236,211,0.079633705718676,Long,3835
Instagram,Video,102,58798,4252,414,420,0.0864995408007075,Long,5086
Facebook,Image,118,186207,4246,454,193,0.0262772076237735,Long,4893
Twitter,Text,99,149227,8649,1479,230,0.0694110315157444,Long,10358
Facebook,Video,34,202668,13139,821,417,0.0709386780350129,Short,14377
Instagram,Image,64,73486,1966,229,148,0.0318836240916637,Medium,2343
Twitter,Image,77,186764,16902,1952,2036,0.1118523912531323,Medium,20890
Facebook,Text,95,50155,2681,368,339,0.0675505931612002,Long,3388
Twitter,Text,32,91338,1858,191,107,0.0236046333399023,Short,2156
Twitter,Text,110,139135,5578,761,592,0.0498149279476767,Long,6931
Instagram,Text,30,49690,2629,520,186,0.0671161199436506,Short,3335
Facebook,Video,22,130304,1422,86,208,0.0131692043222003,Short,1716
Twitter,Video,40,159579,2054,372,149,0.0161362083983481,Medium,2575
Twitter,Text,12,9661,144,13,10,0.0172859952385881,Short,167
Facebook,Image,22,170261,9948,1192,847,0.0704036743587785,Short,11987
Twitter,Text,88,146129,5881,947,137,0.0476633659301028,Long,6965
Twitter,Image,62,101786,9199,1715,683,0.1139351187786139,Medium,11597
Twitter,Image,36,168385,10158,521,1297,0.0711227247082578,Short,11976
Facebook,Image,97,39988,3134,467,312,0.097854356306892,Long,3913
Facebook,Video,53,146563,10529,636,1537,0.0866658024194373,Medium,12702
Facebook,Image,52,63159,3589,462,223,0.067670482433224,Medium,4274
Facebook,Image,86,36410,2804,455,114,0.0926393847843998,Long,3373
Instagram,Video,75,198101,11692,881,1374,0.0704034810525943,Medium,13947
Twitter,Image,69,36354,1624,267,41,0.0531440831820432,Medium,1932
Facebook,Image,96,87329,4298,414,175,0.055960791947692,Long,4887
Twitter,Text,37,8504,726,102,62,0.104656632173095,Short,890
Twitter,Image,54,95961,5824,866,686,0.0768645595606548,Medium,7376
Instagram,Image,8,296955,13053,1923,1280,0.0547423010220403,Short,16256
Facebook,Image,88,183278,4797,253,716,0.0314604044129682,Long,5766
Facebook,Image,40,247003,13481,981,1417,0.0642866685829726,Medium,15879
Twitter,Image,99,19225,628,112,71,0.0421846553966189,Long,811
Facebook,Video,106,239304,22973,4387,3427,0.1286522582154916,Long,30787
Twitter,Image,32,104891,5683,764,551,0.0667168775204736,Short,6998
Twitter,Image,7,94732,1023,142,115,0.0135118017143098,Short,1280
Instagram,Video,10,155362,2852,465,167,0.0224250460215496,Short,3484
Instagram,Video,49,255848,9105,1009,817,0.0427245864732184,Medium,10931
Instagram,Image,27,211732,3873,384,536,0.0226371072865698,Short,4793
Twitter,Image,11,4272,386,63,50,0.1168071161048689,Short,499
Facebook,Image,65,140213,12183,660,728,0.0967884575609964,Medium,13571
Instagram,Text,104,137143,13354,2441,887,0.121639456625566,Long,16682
Facebook,Text,69,151192,11124,1291,1446,0.0916781311180485,Medium,13861
Instagram,Image,10,96477,6569,825,374,0.080516599811354,Short,7768
Instagram,Video,28,240752,22417,3253,3035,0.1192305775237588,Short,28705
Twitter,Image,41,157205,14962,1363,1804,0.115320759517827,Medium,18129
Instagram,Video,49,118646,10556,1473,420,0.1049255769263186,Medium,12449
Instagram,Video,55,190935,16713,2573,1898,0.1109487521931547,Medium,21184
Twitter,Video,104,188380,13271,898,1704,0.0842605372120182,Long,15873
Facebook,Image,92,22954,232,29,8,0.0117190903546222,Long,269
Instagram,Image,106,137691,6699,665,532,0.0573457960215264,Long,7896
Twitter,Video,49,80421,5405,722,714,0.0850648462466271,Medium,6841
Instagram,Text,67,203812,12074,642,553,0.0651041155574745,Medium,13269
Twitter,Text,33,79230,6647,1072,521,0.1040010097185409,Short,8240
Facebook,Text,105,113122,9468,712,943,0.0983274694577535,Long,11123
Facebook,Video,113,174414,11141,1709,363,0.0757565333058126,Long,13213
Twitter,Image,100,142445,1706,282,81,0.014524904349047,Long,2069
Twitter,Video,29,13448,581,94,46,0.0536139202855443,Short,721
Twitter,Text,14,183021,5599,966,383,0.0379628567213598,Short,6948
Facebook,Image,39,165282,6692,643,416,0.0468956087172226,Short,7751
Instagram,Video,59,201119,13184,2571,308,0.0798681377691814,Medium,16063
Facebook,Video,29,163100,2606,139,366,0.0190741876149601,Short,3111
Twitter,Text,95,45369,544,66,72,0.0150322907712314,Long,682
Twitter,Video,49,197807,9755,883,693,0.0572831092934021,Medium,11331
Facebook,Image,100,121372,9882,1590,430,0.0980621560162146,Long,11902
Twitter,Text,16,13467,171,29,4,0.0151481398975272,Short,204
Facebook,Text,8,142271,12294,2131,442,0.1044977542858347,Short,14867
Twitter,Image,110,29095,1296,122,127,0.0531019075442515,Long,1545
Instagram,Text,94,113715,2347,213,270,0.0248867783493822,Long,2830
Instagram,Video,71,234071,14295,2166,576,0.0727856077856718,Medium,17037
Twitter,Video,21,41007,3924,742,136,0.1171019582022581,Short,4802
Facebook,Text,77,121562,7151,630,785,0.0704660996034945,Medium,8566
Instagram,Image,97,280761,20157,3761,1757,0.0914478862805019,Long,25675
Facebook,Video,69,31304,2613,362,178,0.1007219524661385,Medium,3153
Twitter,Image,86,98729,8089,1299,924,0.1044475280819212,Long,10312
Facebook,Video,109,189293,3138,363,248,0.0198052754195876,Long,3749
Instagram,Video,57,213171,16347,2795,1315,0.0959652110277664,Medium,20457
Facebook,Text,88,74120,7074,1383,155,0.1161899622234214,Long,8612
Facebook,Text,61,77341,5650,427,345,0.0830348715429073,Medium,6422
Twitter,Image,109,92800,7913,853,163,0.0962176724137931,Long,8929
Twitter,Text,102,76625,4114,737,576,0.0708254486133768,Long,5427
Twitter,Video,119,146711,5680,434,330,0.0439230868851006,Long,6444
Instagram,Video,32,160757,11391,1275,495,0.081868907730301,Short,13161
Instagram,Image,116,70416,3823,286,121,0.0600715746421267,Long,4230
Twitter,Image,103,115792,10487,1544,273,0.1062594997927317,Long,12304
Twitter,Video,20,62356,6091,522,823,0.1192507537366091,Short,7436
Instagram,Text,25,278254,23312,2497,976,0.0962609701927016,Short,26785
Instagram,Text,81,104464,10377,1283,1040,0.1215729820799509,Long,12700
Instagram,Image,103,246549,10195,964,1066,0.0495844639402309,Long,12225
Instagram,Image,46,157200,14245,2165,872,0.1099363867684478,Medium,17282
Twitter,Video,58,107635,4272,284,548,0.0474195196729688,Medium,5104
Instagram,Video,36,19684,405,73,19,0.0252489331436699,Short,497
Twitter,Image,118,184227,12144,1484,355,0.0759009265742806,Long,13983
Facebook,Video,42,116102,5915,803,171,0.0593357564899829,Medium,6889
Facebook,Image,74,27419,2548,365,150,0.1117108574346256,Medium,3063
Instagram,Image,118,264714,14373,847,1153,0.0618516587713532,Long,16373
Facebook,Text,106,135599,12676,2073,1290,0.1182825832048908,Long,16039
Facebook,Image,42,149292,2549,489,292,0.0223052809259705,Medium,3330
Facebook,Video,58,157774,13370,1711,577,0.0992432213165667,Medium,15658
Instagram,Text,64,263293,20621,2240,2245,0.0953538453358046,Medium,25106
Instagram,Text,81,32757,2450,410,107,0.0905760600787617,Long,2967
Facebook,Video,114,49664,2084,329,311,0.0548485824742268,Long,2724
Twitter,Video,107,128226,10327,1524,1494,0.1040740567435621,Long,13345
Facebook,Video,81,18205,973,189,32,0.0655863773688547,Long,1194
Instagram,Image,51,255929,19033,2612,2001,0.0923928120689722,Medium,23646
Instagram,Text,16,25994,1551,135,213,0.0730553204585673,Short,1899
Instagram,Image,57,126409,3055,164,93,0.026200666091813,Medium,3312
Facebook,Image,37,89170,1409,166,50,0.01822361780868,Short,1625
Twitter,Image,32,110502,4746,701,309,0.052089554940182,Short,5756
Instagram,Image,7,35569,3341,253,108,0.1040793949787736,Short,3702
Instagram,Text,86,115702,6673,359,901,0.0685640697654318,Long,7933
Facebook,Text,30,9626,791,147,105,0.1083523789736131,Short,1043
Twitter,Image,58,103159,6378,607,914,0.0765711183706705,Medium,7899
Facebook,Video,44,6964,670,80,31,0.1121481906950028,Medium,781
Instagram,Text,70,258695,11188,712,289,0.0471172616401553,Medium,12189
Twitter,Image,72,180449,2731,292,212,0.0179275030618069,Medium,3235
Twitter,Video,118,114794,9213,1046,1238,0.1001533181176716,Long,11497
Instagram,Video,96,285202,20959,3886,2158,0.0946802617092446,Long,27003
Twitter,Image,96,168232,9669,1738,1448,0.0764123353464263,Long,12855
Twitter,Text,93,149334,5880,460,809,0.0478725541403833,Long,7149
Facebook,Video,94,108182,2914,388,207,0.0324360799393614,Long,3509
Instagram,Text,113,249280,13312,2125,334,0.0632662066752246,Long,15771
Instagram,Text,51,230573,16130,1512,333,0.0779579569160309,Medium,17975
Instagram,Video,6,146956,9125,996,946,0.0753082555322681,Short,11067
Instagram,Image,46,264533,13061,2582,1816,0.0659993271160876,Medium,17459
Instagram,Video,38,9433,552,90,42,0.0725113961624085,Short,684
Twitter,Video,98,85747,1690,195,225,0.0246072748900836,Long,2110
Facebook,Text,25,79227,5753,748,538,0.0888459742259583,Short,7039
Instagram,Image,112,298207,22688,3264,742,0.0895150013245832,Long,26694
Facebook,Text,105,36484,402,50,49,0.0137320469246793,Long,501
Facebook,Video,48,249390,8565,957,719,0.0410641966398011,Medium,10241
Twitter,Image,91,88780,1623,168,43,0.0206578058121198,Long,1834
Instagram,Image,101,95196,9504,716,1196,0.1199210050842472,Long,11416
Twitter,Image,6,169608,10753,2108,1274,0.0833392292816376,Short,14135
Instagram,Image,95,297228,15431,983,1225,0.0593450146015853,Long,17639
Twitter,Image,116,116455,6017,843,135,0.0600661199604997,Long,6995
Facebook,Video,63,27802,2692,522,175,0.1218977052010646,Medium,3389
Instagram,Video,90,254117,17632,1873,1349,0.0820645608125391,Long,20854
Facebook,Video,102,241875,6090,535,252,0.0284320413436692,Long,6877
Facebook,Text,20,60012,3020,583,123,0.0620875824835033,Short,3726
Twitter,Image,24,116610,9291,1581,387,0.0965526112683303,Short,11259
Instagram,Image,30,254964,12264,1818,836,0.058510221050815,Short,14918
Facebook,Video,20,154686,5856,830,739,0.048000465459059,Short,7425
Twitter,Image,74,71922,7135,742,847,0.1212980729123216,Medium,8724
Instagram,Text,113,213758,20137,2943,429,0.1099795095388242,Long,23509
Instagram,Image,112,13157,1246,197,26,0.1116515923082769,Long,1469
Facebook,Image,27,246489,5385,294,162,0.0236967978287063,Short,5841
Instagram,Text,46,53742,1670,112,134,0.0356518179449964,Medium,1916
Facebook,Video,41,230016,11451,1113,1552,0.0613696438508625,Medium,14116
Instagram,Video,76,12675,1076,105,47,0.0968836291913215,Medium,1228
Twitter,Image,10,28228,2154,398,176,0.0966416324217089,Short,2728
Facebook,Text,41,21251,1837,280,46,0.1017834454849183,Medium,2163
Facebook,Video,26,26349,2446,259,55,0.1047478082659683,Short,2760
Instagram,Video,10,134417,10789,1849,226,0.0957021805277606,Short,12864
Instagram,Video,36,256916,8621,848,998,0.040740942564885,Short,10467
Facebook,Image,21,245217,8751,1738,202,0.0435981192168569,Short,10691
Instagram,Text,42,210732,8792,1470,488,0.0510126606305639,Medium,10750
Twitter,Image,21,139660,5206,891,540,0.0475225547758842,Short,6637
Instagram,Video,41,101479,3289,293,330,0.0385498477517516,Medium,3912
Twitter,Text,27,131044,10185,730,276,0.0853987973505082,Short,11191
Twitter,Image,53,89687,1171,126,62,0.0151526977153879,Medium,1359
Twitter,Video,65,130325,9846,985,1015,0.0908958373297525,Medium,11846
Twitter,Video,53,65196,5484,907,389,0.1039941100681023,Medium,6780
Twitter,Image,65,34400,548,41,44,0.0184011627906976,Medium,633
Instagram,Video,81,280680,4369,564,204,0.01830198090352,Long,5137
Twitter,Video,36,135772,4845,698,120,0.041709630851722,Short,5663
Instagram,Text,90,227682,6545,705,424,0.0337049042085013,Long,7674
Twitter,Video,67,148187,9232,739,1004,0.0740618272857943,Medium,10975
Facebook,Image,11,187001,13237,2440,1583,0.0922989716632531,Short,17260
Twitter,Text,26,178585,11978,848,1162,0.0783268471596158,Short,13988
Facebook,Image,89,87607,3693,352,262,0.0491627381373634,Long,4307
Twitter,Video,10,40100,2199,359,210,0.0690274314214463,Short,2768
Twitter,Text,65,154512,10444,1470,1166,0.0846536191363777,Medium,13080
Twitter,Text,18,34947,725,115,85,0.0264686525309754,Short,925
Facebook,Text,20,76532,2346,401,75,0.0368734646945068,Short,2822
Facebook,Text,7,243153,21918,4039,2726,0.1179627641855128,Short,28683
Twitter,Image,13,82398,3362,321,94,0.0458384912255151,Short,3777
Instagram,Video,51,64413,5288,640,704,0.102960582491112,Medium,6632
Twitter,Video,89,156176,5089,779,361,0.0398844892941297,Long,6229
Facebook,Text,118,85841,1180,199,107,0.0173110751272701,Long,1486
Twitter,Video,98,37860,2083,284,120,0.0656893819334389,Long,2487
Facebook,Image,98,196256,17726,2252,1337,0.108608144464373,Long,21315
Facebook,Video,46,205135,17177,2641,2230,0.1074804397104346,Medium,22048
Facebook,Image,46,127390,4173,447,243,0.0381741109977235,Medium,4863
Twitter,Image,100,15727,1445,265,134,0.1172505881604883,Long,1844
Facebook,Video,27,229575,12207,998,1270,0.0630512904279647,Short,14475
Facebook,Image,7,92385,1331,243,51,0.0175894355144233,Short,1625
Twitter,Image,5,135791,1699,248,205,0.0158478838803749,Short,2152
Facebook,Image,71,248288,13323,1866,1996,0.0692139773166645,Medium,17185
Twitter,Image,105,115771,6850,825,275,0.0686700469029377,Long,7950
Facebook,Text,75,146996,2527,185,302,0.0205039592914092,Medium,3014
Instagram,Video,7,276359,25701,4619,1005,0.1133489410513136,Short,31325
Instagram,Text,104,250911,18727,1083,2687,0.089661274316391,Long,22497
Facebook,Image,53,93124,7646,691,561,0.0955500193290666,Medium,8898
Instagram,Video,71,95826,5995,398,883,0.0759292885020766,Medium,7276
Twitter,Image,59,62494,4357,287,125,0.0763113258872851,Medium,4769
Instagram,Video,8,184081,8266,897,1015,0.0552908773854987,Short,10178
Facebook,Text,35,88545,6298,466,513,0.0821842001242306,Short,7277
Facebook,Video,70,165984,16272,2232,937,0.1171257470599575,Medium,19441
Twitter,Image,82,3144,214,30,25,0.085559796437659,Long,269
Facebook,Video,105,122170,4978,907,510,0.0523450929033314,Long,6395
Twitter,Video,68,170374,6077,577,834,0.0439503680138988,Medium,7488
Instagram,Text,35,131223,12689,1222,664,0.1110704678295725,Short,14575
Instagram,Image,67,235096,6265,544,890,0.0327483240888828,Medium,7699
Twitter,Video,70,186792,15421,2579,1595,0.1049027795622939,Medium,19595
Twitter,Text,35,119917,6220,710,488,0.0618594527881784,Short,7418
Facebook,Video,51,200614,10018,1331,269,0.0579122095167834,Medium,11618
Instagram,Image,111,213098,16467,1748,1967,0.0947075993205004,Long,20182
Twitter,Video,26,160116,3734,274,491,0.0280983786754602,Short,4499
Instagram,Video,78,208707,10845,709,1358,0.0618666360016674,Medium,12912
Twitter,Video,98,120501,1593,287,184,0.0171284885602609,Long,2064
Instagram,Video,101,5537,389,34,56,0.0865089398591295,Long,479
Facebook,Image,87,117233,1788,341,233,0.0201479105712555,Long,2362
Instagram,Text,50,81552,1456,279,204,0.0237762409260349,Medium,1939
Instagram,Text,93,6980,600,73,68,0.106160458452722,Long,741
Instagram,Video,62,169379,8446,1636,1069,0.0658346075959829,Medium,11151
Instagram,Image,65,93966,2639,143,151,0.0312134176191388,Medium,2933
Instagram,Image,50,180916,11457,730,1225,0.0741338521744898,Medium,13412
Facebook,Image,5,162701,9230,798,431,0.0642835631004111,Short,10459
Twitter,Image,100,160847,7556,614,219,0.052155153655337,Long,8389
Instagram,Image,29,100934,9234,811,880,0.1082390472982344,Short,10925
Facebook,Image,65,195932,15175,1788,1847,0.0960026948124859,Medium,18810
Instagram,Video,109,200855,4748,282,146,0.0257698339598217,Long,5176
Instagram,Text,85,259435,15921,2122,693,0.0722184747624645,Long,18736
Twitter,Text,18,43988,791,76,25,0.0202782577066472,Short,892
Instagram,Video,49,136123,4358,264,446,0.0372310336974647,Medium,5068
Facebook,Text,81,27818,2556,416,77,0.1096052915378531,Long,3049
Facebook,Image,106,135758,7003,1036,224,0.0608656580091044,Long,8263
Twitter,Image,43,152277,13749,2323,747,0.1104500351333425,Medium,16819
Instagram,Text,70,258880,6456,1232,355,0.0310684487021013,Medium,8043
Facebook,Image,36,142168,4049,558,374,0.0350360137302346,Short,4981
Instagram,Image,100,113336,4732,795,114,0.0497723582974518,Long,5641
Instagram,Text,62,179159,7698,614,769,0.0506868200871851,Medium,9081
Instagram,Video,108,275689,21248,2370,1562,0.0913348011708845,Long,25180
Twitter,Text,60,118377,7569,980,327,0.074980781739696,Medium,8876
Instagram,Text,10,275628,16480,2161,1729,0.0739039575079455,Short,20370
Facebook,Text,93,200324,12863,2029,808,0.0783730356821948,Long,15700
Instagram,Text,71,290811,22071,3738,2815,0.0984281887548957,Medium,28624
Facebook,Video,86,228808,20673,3101,3072,0.1173298136428796,Long,26846
Instagram,Video,54,75111,3554,202,431,0.0557441653020196,Medium,4187
Facebook,Image,42,89492,7361,755,858,0.1002771197425468,Medium,8974
Facebook,Image,111,130000,7092,963,469,0.0655692307692307,Long,8524
Instagram,Text,7,81206,6089,768,544,0.0911385858187818,Short,7401
Instagram,Image,116,151709,13461,763,361,0.0961380010414675,Long,14585
Facebook,Video,9,215954,2785,548,319,0.0169110088259536,Short,3652
Twitter,Image,28,94476,5592,1081,602,0.0770036834751683,Short,7275
Instagram,Image,58,103941,10294,1709,566,0.1209243705563733,Medium,12569
Twitter,Image,38,42747,2336,136,208,0.0626944580906262,Short,2680
Instagram,Text,115,276635,24285,2781,2630,0.1073472264897789,Long,29696
Instagram,Image,116,128569,3436,382,233,0.0315083729359332,Long,4051
Instagram,Video,43,163254,10511,1405,1201,0.0803471890428412,Medium,13117
Instagram,Video,116,13903,1228,71,151,0.1042940372581457,Long,1450
Twitter,Video,92,94722,4626,525,226,0.0567661155803298,Long,5377
Instagram,Video,104,82261,4426,724,261,0.0657784369263685,Long,5411
Facebook,Image,96,80606,1401,279,101,0.0220951293948341,Long,1781
Facebook,Text,52,39109,539,75,27,0.0163900892377713,Medium,641
Twitter,Video,53,83604,4362,833,527,0.0684417013540022,Medium,5722
Instagram,Video,38,76086,6536,1305,616,0.1111505401782193,Short,8457
Facebook,Text,84,194508,18248,2102,1266,0.1111316758179612,Long,21616
Twitter,Text,104,151239,10477,1574,231,0.0812092119096264,Long,12282
Instagram,Video,11,30443,2568,210,160,0.0965082284925927,Short,2938
Facebook,Video,22,214296,16315,1979,2100,0.0951674319632657,Short,20394
Facebook,Text,74,184712,13508,834,1575,0.0861719866603144,Medium,15917
Twitter,Video,118,117155,9280,504,266,0.085783790704622,Long,10050
Instagram,Video,96,135560,7520,1383,933,0.0725582767778105,Long,9836
Instagram,Image,107,165620,8482,1516,367,0.0625830213742301,Long,10365
Facebook,Text,38,211721,5149,498,763,0.0302756930110853,Short,6410
Facebook,Image,55,65358,5617,665,746,0.1075308301967624,Medium,7028
Facebook,Image,109,90825,1272,157,176,0.0176713459950454,Long,1605
Instagram,Text,97,154232,5254,673,630,0.0425138752009959,Long,6557
Twitter,Image,72,101385,5757,404,647,0.0671499728756719,Medium,6808
Twitter,Video,18,179277,17469,2904,904,0.1186822626438416,Short,21277
Instagram,Image,73,11195,903,92,86,0.0965609647163912,Medium,1081
Twitter,Text,93,199619,8619,471,952,0.0503058326111241,Long,10042
Facebook,Video,107,158358,11758,1781,675,0.0897586481263971,Long,14214
Twitter,Video,12,166653,15635,2728,1122,0.1169195874061673,Short,19485
Twitter,Video,19,79674,4660,874,666,0.0778171047016592,Short,6200
Twitter,Video,87,28719,1481,223,108,0.0630941188760054,Long,1812
Facebook,Image,63,101576,6071,477,370,0.0681066393636292,Medium,6918
Instagram,Image,15,287172,10923,1512,370,0.0445900018107615,Short,12805
Facebook,Video,24,19192,1759,328,113,0.1146310962901208,Short,2200
Instagram,Text,59,88636,7246,743,721,0.0982670698136197,Medium,8710
Instagram,Video,40,76812,5645,1089,221,0.0905457480601989,Medium,6955
Instagram,Image,86,32551,2051,132,202,0.0732696384135664,Long,2385
Twitter,Video,18,122920,11954,1903,1390,0.1240400260331923,Short,15247
Twitter,Image,62,197383,7262,493,870,0.0436967722650886,Medium,8625
Instagram,Video,42,66444,2357,400,348,0.0467310818132562,Medium,3105
Instagram,Text,93,169196,5379,347,411,0.0362715430624837,Long,6137
Twitter,Video,84,15654,1201,118,29,0.086112175801712,Long,1348
Facebook,Text,86,3203,261,43,34,0.1055260693100218,Long,338
Instagram,Text,5,156201,9956,1185,307,0.0732901838016402,Short,11448
Facebook,Video,108,119284,8192,1494,1081,0.0902635726501458,Long,10767
Twitter,Text,69,74150,3070,338,453,0.0520701281186783,Medium,3861
Instagram,Text,5,249175,3383,674,466,0.0181519012742048,Short,4523
Facebook,Image,119,167336,5493,290,798,0.0393280585169957,Long,6581
Facebook,Image,89,147061,9204,1421,212,0.0736905093804611,Long,10837
Facebook,Text,64,130812,10878,2038,233,0.100518301073296,Medium,13149
Twitter,Video,29,182286,14573,1900,689,0.0941487552527347,Short,17162
Twitter,Text,95,194750,5093,1009,630,0.0345673940949935,Long,6732
Facebook,Video,14,191955,2808,438,88,0.0173686541116407,Short,3334
Facebook,Image,54,187517,16229,1857,1899,0.1065770036849992,Medium,19985
Twitter,Video,16,108154,1817,231,39,0.0192965586108696,Short,2087
Facebook,Text,96,203733,9249,1679,1064,0.058861352849072,Long,11992
Facebook,Text,117,139400,2576,498,135,0.0230200860832137,Long,3209
Twitter,Text,36,130062,7903,1054,610,0.0735572265534898,Short,9567
Facebook,Text,37,183040,7815,750,1148,0.0530649038461538,Short,9713
Facebook,Text,76,176112,4970,426,455,0.033223176160625,Medium,5851
Facebook,Video,110,62199,3953,480,117,0.0731523014839466,Long,4550
Twitter,Text,30,59039,2521,238,336,0.0524229746438794,Short,3095
Facebook,Image,46,80232,2006,226,124,0.0293648419583208,Medium,2356
Twitter,Text,54,103683,7569,1325,727,0.0927924539220508,Medium,9621
Twitter,Video,65,52750,4500,543,506,0.1051943127962085,Medium,5549
Instagram,Text,45,21119,731,106,88,0.0437994223211326,Medium,925
Instagram,Text,61,291161,7796,495,594,0.0305157627566878,Medium,8885
Facebook,Video,6,182852,3066,503,369,0.0215365432152779,Short,3938
Twitter,Text,103,159276,9160,1121,322,0.0665699791556794,Long,10603
Instagram,Video,102,261599,22187,2310,1959,0.1011318850607227,Long,26456
Facebook,Text,74,24497,797,112,18,0.037841368330816,Medium,927
Instagram,Image,35,270516,13920,908,1013,0.0585584586493959,Short,15841
Instagram,Text,27,93683,2292,256,154,0.0288419457105344,Short,2702
Twitter,Video,80,19453,902,154,132,0.0610702719374903,Long,1188
Twitter,Image,58,114716,1306,116,93,0.0132065274242477,Medium,1515
Instagram,Video,119,22197,2041,381,281,0.1217732125962968,Long,2703
Instagram,Text,32,104456,7405,1040,567,0.0862755610017615,Short,9012
Twitter,Image,83,188056,7513,985,671,0.0487567533075254,Long,9169
Facebook,Video,23,135955,12141,1334,796,0.1049685557721304,Short,14271
Twitter,Image,80,18651,493,79,50,0.0333494182617554,Long,622
Instagram,Image,118,7812,133,17,15,0.021121351766513,Long,165
Facebook,Video,52,98981,9386,1590,1152,0.1225285660884412,Medium,12128
Instagram,Image,6,247248,9348,932,1030,0.0457435449427295,Short,11310
Facebook,Video,15,9562,901,139,56,0.1146203723070487,Short,1096
Instagram,Image,48,264232,17805,3409,1121,0.0845279905537557,Medium,22335
Facebook,Image,105,73713,7238,665,472,0.1136163227653195,Long,8375
Facebook,Image,63,23469,1826,359,45,0.0950189611828369,Medium,2230
Instagram,Text,63,185607,3618,403,515,0.0244387334529408,Medium,4536
Facebook,Text,42,195372,16938,944,769,0.0954640378355137,Medium,18651
Twitter,Video,29,119538,2786,288,113,0.0266609780990145,Short,3187
Instagram,Image,111,101765,7357,532,675,0.0841546700732078,Long,8564
Twitter,Video,25,95523,5257,502,137,0.0617233545847596,Short,5896
Instagram,Text,46,93641,6900,444,889,0.0879208893540222,Medium,8233
Facebook,Text,40,223075,17589,1349,2355,0.0954522021741566,Medium,21293
Facebook,Text,13,85969,7077,488,507,0.0938943107399178,Short,8072
Facebook,Text,16,21217,1806,102,264,0.1023707404439836,Short,2172
Instagram,Video,14,101844,8784,829,545,0.0997407800164958,Short,10158
Twitter,Image,63,142061,6695,1279,360,0.0586649397089982,Medium,8334
Twitter,Video,114,170307,15332,2950,2279,0.1207290363872301,Long,20561
Instagram,Image,9,89895,6720,1189,353,0.0919072250959452,Short,8262
Instagram,Text,37,206763,17679,916,1374,0.096579175190919,Short,19969
Twitter,Image,73,189922,18807,1019,1872,0.1142469013595054,Medium,21698
Twitter,Text,84,183514,3757,193,232,0.0227884521071961,Long,4182
Twitter,Video,67,75497,3272,343,228,0.0509026848748956,Medium,3843
Twitter,Image,105,157055,12971,2555,1474,0.108242335487568,Long,17000
Instagram,Video,105,274330,4874,899,555,0.0230671089563664,Long,6328
Instagram,Text,33,182142,10686,935,1330,0.0711038640181836,Short,12951
Facebook,Video,22,183023,15969,1781,1551,0.1054566912355277,Short,19301
Twitter,Text,97,97761,1144,198,57,0.0143104100817299,Long,1399
Facebook,Text,10,127272,12034,1971,761,0.1160192343956251,Short,14766
Instagram,Text,57,274935,26952,1883,3694,0.1183152381471984,Medium,32529
Instagram,Video,86,197407,7699,509,888,0.0460773934055023,Long,9096
Facebook,Video,36,96133,7595,999,238,0.0918727180052635,Short,8832
Twitter,Image,46,74306,1593,104,187,0.02535461470137,Medium,1884
Twitter,Image,51,11893,946,164,59,0.098293113596233,Medium,1169
Twitter,Video,35,158226,8439,742,194,0.0592506920480831,Short,9375
Twitter,Video,66,91854,8030,628,665,0.1014980294815685,Medium,9323
Facebook,Video,60,184829,5384,419,725,0.0353191328200661,Medium,6528
Facebook,Video,15,195459,13787,782,1072,0.0800218971753667,Short,15641
Instagram,Text,30,176827,14278,2088,2120,0.1045428582739061,Short,18486
Twitter,Text,96,107469,3033,226,130,0.0315346751156147,Long,3389
Twitter,Text,31,146586,12261,1042,804,0.0962370212707898,Short,14107
Twitter,Video,87,164430,15821,2574,350,0.1139998783676944,Long,18745
Facebook,Text,61,222046,14532,851,385,0.0710123127640218,Medium,15768
Twitter,Text,113,126858,10229,822,675,0.0924340601302243,Long,11726
Facebook,Image,31,105809,6129,443,543,0.0672438072375695,Short,7115
Twitter,Image,63,25631,1636,82,83,0.0702664741914088,Medium,1801
Twitter,Text,66,7807,87,11,3,0.0129371077238375,Medium,101
Instagram,Text,24,261622,14961,1174,1117,0.065942466612135,Short,17252
Twitter,Text,7,132184,8169,1183,344,0.0733522967984022,Short,9696
Twitter,Video,20,13908,977,122,99,0.0861374748346275,Short,1198
Instagram,Image,107,160507,4052,608,584,0.0326714722722373,Long,5244
Facebook,Image,48,203892,6468,1275,807,0.0419339650403154,Medium,8550
Facebook,Image,97,64716,5050,419,242,0.0882471104518202,Long,5711
Twitter,Text,83,32432,813,121,116,0.0323754316724223,Long,1050
Facebook,Video,34,214046,10154,1777,1194,0.0613185950683497,Short,13125
Twitter,Image,44,102458,3334,645,133,0.0401335181244997,Medium,4112
Instagram,Image,117,176582,10430,1495,994,0.0731614773872761,Long,12919
Instagram,Video,69,220796,21818,1519,3177,0.1200836971684269,Medium,26514
Twitter,Text,33,151676,13147,763,428,0.0945304464780189,Short,14338
Instagram,Text,34,233682,8004,734,442,0.0392841553906591,Short,9180
Instagram,Image,108,218713,9442,1786,648,0.0542994700817966,Long,11876
Twitter,Image,114,27790,2575,336,90,0.1079884850665707,Long,3001
Twitter,Video,36,164016,14900,2039,877,0.1086235489220563,Short,17816
Instagram,Image,14,188618,4611,652,507,0.0305909298158182,Short,5770
Facebook,Video,95,138097,11687,1166,958,0.1000094136729979,Long,13811
Facebook,Image,55,227763,8378,647,626,0.0423729929795445,Medium,9651
Twitter,Image,12,157584,9288,1793,707,0.0748045486851457,Short,11788
Twitter,Image,55,148979,1558,254,185,0.0134045737989918,Medium,1997
Facebook,Text,40,214077,21380,2707,3182,0.1273794008697805,Medium,27269
Instagram,Video,110,52196,4097,436,395,0.0944133650088129,Long,4928
Facebook,Video,59,148482,4715,577,554,0.0393717757034522,Medium,5846
Facebook,Text,39,177835,12722,700,870,0.0803666319903281,Short,14292
Facebook,Text,40,193646,7048,614,929,0.0443644588579159,Medium,8591
Facebook,Text,116,106116,1915,167,142,0.0209581966904142,Long,2224
Twitter,Video,60,141722,6842,799,968,0.0607456852147161,Medium,8609
Twitter,Image,40,50826,3315,283,386,0.0783850785031283,Medium,3984
Instagram,Text,93,138528,2504,194,280,0.0214974589974589,Long,2978
Instagram,Text,88,295036,16715,2755,964,0.0692593446223511,Long,20434
Instagram,Text,65,284884,16049,2953,1982,0.0736580502941548,Medium,20984
Instagram,Image,66,181800,12103,727,407,0.0728107810781078,Medium,13237
Facebook,Image,113,14788,473,38,42,0.0373951852853665,Long,553
Twitter,Text,85,91381,1083,179,125,0.015178209912345,Long,1387
Twitter,Image,91,114569,4495,774,606,0.0512791418271958,Long,5875
Instagram,Text,29,144223,6615,827,622,0.0559134118691193,Short,8064
Instagram,Image,116,293659,19738,3044,1057,0.0811791908301805,Long,23839
Facebook,Video,68,145059,13594,837,1772,0.1116993774946745,Medium,16203
Facebook,Video,64,212168,6005,1065,719,0.0367114739263225,Medium,7789
Instagram,Image,61,204281,14679,2567,586,0.087291524909316,Medium,17832
Twitter,Video,117,49767,933,143,124,0.0241123636144433,Long,1200
Twitter,Video,99,117737,3197,599,462,0.0361653515887104,Long,4258
Twitter,Video,74,41644,2324,132,208,0.0639708001152627,Medium,2664
Instagram,Text,103,209890,15480,1310,386,0.0818333412740006,Long,17176
Twitter,Image,56,174507,15229,1589,2117,0.1085056759900748,Medium,18935
Facebook,Image,60,142128,10936,806,393,0.0853807835190813,Medium,12135
Facebook,Image,67,234422,2668,459,272,0.0144994923684637,Medium,3399
Instagram,Video,72,223299,15977,2613,1152,0.0884106064066565,Medium,19742
Facebook,Text,108,240112,20222,3356,3012,0.1107399880055973,Long,26590
Instagram,Image,24,230209,13190,1235,1836,0.0706358135433453,Short,16261
Twitter,Video,109,185490,17974,2954,2192,0.1246428378888349,Long,23120
Twitter,Text,58,88549,919,62,42,0.0115529254988763,Medium,1023
Twitter,Text,5,168585,14107,931,1564,0.0984785123231604,Short,16602
Facebook,Image,113,223015,8950,1231,844,0.049436136582741,Long,11025
Instagram,Image,94,291804,20000,1146,751,0.0750400954065057,Long,21897
Twitter,Video,102,4639,335,63,41,0.0946324638930804,Long,439
Instagram,Image,14,91856,3450,342,107,0.0424468733670092,Short,3899
Twitter,Video,27,198684,19786,2405,1634,0.1199140343459966,Short,23825
Facebook,Text,55,75009,1447,248,109,0.0240504472796597,Medium,1804
Facebook,Text,117,13622,328,36,40,0.0296579063279988,Long,404
Instagram,Text,28,123192,11123,1274,840,0.1074501591012403,Short,13237
Facebook,Text,17,21808,451,46,49,0.0250366837857666,Short,546
Facebook,Image,33,189708,8407,863,690,0.0525017395154658,Short,9960
Instagram,Image,62,290095,22042,2649,2108,0.0923800823868043,Medium,26799
Twitter,Video,114,118909,9659,1853,495,0.1009763768932545,Long,12007
Facebook,Video,95,200013,19185,3652,888,0.118617289876158,Long,23725
Instagram,Video,99,252889,20499,2701,2301,0.1008387078916046,Long,25501
Facebook,Video,47,179148,15408,1824,553,0.0992754593966999,Medium,17785
Facebook,Video,14,124522,11884,2034,509,0.1158590449880342,Short,14427
Facebook,Text,35,149417,8939,1359,1272,0.0774342946251095,Short,11570
Facebook,Text,107,134469,5500,1002,291,0.0505172195822085,Long,6793
Instagram,Text,78,19665,1544,246,95,0.0958555809814391,Medium,1885
Instagram,Video,92,19560,483,93,49,0.0319529652351738,Long,625
Instagram,Text,101,293520,4737,866,365,0.0203325156718451,Long,5968
Facebook,Text,18,153929,12418,2213,1150,0.102521292284105,Short,15781
Facebook,Text,103,198340,18953,2060,735,0.1096500957950993,Long,21748
Facebook,Text,113,101042,5033,543,540,0.0605292848518437,Long,6116
Instagram,Image,38,239365,5864,945,236,0.0294320389363524,Short,7045
Facebook,Video,21,154382,8449,528,990,0.0645606353072249,Short,9967
Twitter,Video,25,20328,922,90,81,0.0537682014954742,Short,1093
Facebook,Image,100,175469,7636,1449,962,0.0572579771925525,Long,10047
Twitter,Text,71,171231,11391,1338,483,0.0771589256618252,Medium,13212
Facebook,Text,62,123087,3166,286,218,0.0298163087897178,Medium,3670
Instagram,Text,83,234598,10379,1260,1350,0.0553670534275654,Long,12989
Facebook,Video,12,184834,16298,1520,2018,0.1073179176991246,Short,19836
Twitter,Video,100,192376,14557,2405,2118,0.0991807709901443,Long,19080
Twitter,Video,42,50998,765,135,37,0.0183732695399819,Medium,937
Facebook,Video,30,122292,6879,1151,619,0.0707241683838681,Short,8649
Twitter,Video,68,66853,1217,88,27,0.0199243115492199,Medium,1332
Twitter,Image,34,104304,10031,1007,1459,0.1198132382267219,Short,12497
Instagram,Video,13,194692,6233,511,266,0.0360055883138495,Short,7010
Facebook,Text,36,205001,19256,1086,2649,0.1121506724357442,Short,22991
Facebook,Video,15,157957,13435,2161,1453,0.1079344378533398,Short,17049
Facebook,Image,90,69139,4122,470,584,0.0748636804119238,Long,5176
Twitter,Text,38,73831,2972,271,155,0.0460240278473811,Short,3398
Facebook,Image,109,175220,15281,1468,991,0.1012441502111631,Long,17740
Facebook,Text,22,10103,239,16,9,0.0261308522221122,Short,264
Instagram,Video,23,281690,7379,1284,552,0.0327132663566331,Short,9215
Instagram,Image,58,260948,7887,564,1129,0.0367122951699189,Medium,9580
Instagram,Text,86,151528,9666,973,911,0.0762235362441264,Long,11550
Twitter,Video,41,20228,774,39,57,0.0430096895392525,Medium,870
Facebook,Text,86,214282,21219,2449,1320,0.1166126879532578,Long,24988
Instagram,Image,16,267190,7363,760,706,0.0330439013436131,Short,8829
Instagram,Image,8,221014,18234,2878,2079,0.1049300044341082,Short,23191
Instagram,Image,115,120965,2253,354,164,0.0229074525689248,Long,2771
Facebook,Image,47,80462,3364,187,168,0.0462205761726032,Medium,3719
Facebook,Video,31,18930,604,40,58,0.0370839936608557,Short,702
Facebook,Text,55,116476,11404,2117,770,0.1226948040798104,Medium,14291
Twitter,Video,9,82823,1020,172,152,0.0162273764534006,Short,1344
Twitter,Image,10,172581,12934,1402,1000,0.0888626210301249,Short,15336
Instagram,Text,81,256025,8268,619,632,0.0371799628942486,Long,9519
Facebook,Image,91,202494,16809,1497,2170,0.1011190455025828,Long,20476
Instagram,Video,110,83880,3188,474,167,0.0456485455412494,Long,3829
Facebook,Video,60,221626,5951,1141,170,0.0327669136292673,Medium,7262
Facebook,Video,93,175827,12725,1811,1666,0.0921473948824697,Long,16202
Facebook,Text,114,186552,6190,334,597,0.0381716625927355,Long,7121
Twitter,Text,72,9293,499,73,26,0.0643495103841601,Medium,598
Twitter,Image,100,70542,1540,295,99,0.0274162910039409,Long,1934
Facebook,Text,48,63528,4778,495,359,0.0886538219367837,Medium,5632
Instagram,Text,19,113885,5308,1008,575,0.060508407604162,Short,6891
Facebook,Video,94,170983,3873,583,313,0.02789166174415,Long,4769
Facebook,Image,46,148771,11417,895,815,0.0882362826088417,Medium,13127
Instagram,Video,15,164506,3175,227,385,0.0230204369445491,Short,3787
Facebook,Image,77,57669,3560,272,104,0.0682515736357488,Medium,3936
Instagram,Image,15,284746,18415,2852,1930,0.0814655868739157,Short,23197
Twitter,Text,70,173858,16295,2255,1276,0.1140355922649518,Medium,19826
Twitter,Video,113,11952,281,33,17,0.027694109772423,Long,331
Instagram,Text,31,121032,8327,745,1170,0.084622248661511,Short,10242
Twitter,Text,62,163561,7240,1347,876,0.0578560903882955,Medium,9463
Twitter,Text,94,34905,1608,131,77,0.0520269302392207,Long,1816
Instagram,Image,76,182996,10094,934,1057,0.0660396948567181,Medium,12085
Twitter,Video,25,15381,477,27,60,0.0366686171250243,Short,564
Facebook,Video,25,213501,10996,1003,1634,0.0638545018524503,Short,13633
Facebook,Text,76,31130,2235,421,247,0.0932540957275939,Medium,2903
Instagram,Image,5,35415,1811,141,198,0.0607087392347875,Short,2150
Twitter,Video,106,182200,2519,203,251,0.0163172338090011,Long,2973
Facebook,Video,62,87679,2911,407,73,0.0386751673718906,Medium,3391
Facebook,Text,17,232434,9676,1306,929,0.0512446543965168,Short,11911
Twitter,Image,77,117458,4924,376,613,0.0503413986275945,Medium,5913
Twitter,Text,96,133460,2307,168,164,0.0197737149707777,Long,2639
Facebook,Video,10,80652,4069,274,391,0.0586966225264097,Short,4734
Facebook,Image,115,153878,11121,1992,1561,0.0953612602191346,Long,14674
Instagram,Text,91,69333,997,147,42,0.0171058514704397,Long,1186
Instagram,Video,116,241388,18727,3614,1057,0.0969310819096226,Long,23398
Facebook,Text,104,113930,10932,818,375,0.1064249978056701,Long,12125
Instagram,Text,62,271996,2948,351,250,0.0130479859997941,Medium,3549
Facebook,Text,21,249355,6840,1104,883,0.035399330272102,Short,8827
Facebook,Image,77,142699,8406,689,643,0.0682415433885311,Medium,9738
Instagram,Video,16,194889,5773,881,167,0.0349994099205188,Short,6821
Instagram,Video,90,165120,13014,1575,706,0.0926296027131783,Long,15295
Twitter,Video,119,102286,3896,446,528,0.0476115988502825,Long,4870
Twitter,Video,56,115120,4193,615,387,0.0451268241834607,Medium,5195
Twitter,Image,80,78596,792,95,109,0.0126724006310753,Long,996
Facebook,Text,74,244777,8398,1452,1078,0.0446447174366872,Medium,10928
Instagram,Video,112,260878,7719,1463,570,0.0373814579995246,Long,9752
Facebook,Image,77,242787,9927,1373,1016,0.0507275924987746,Medium,12316
Instagram,Text,56,275353,6412,609,682,0.0279749993644521,Medium,7703
Facebook,Image,41,56482,3587,597,419,0.0814949895541942,Medium,4603
Twitter,Image,7,40197,1265,95,80,0.0358235689230539,Short,1440
Twitter,Video,102,79694,6762,434,389,0.0951765503049163,Long,7585
Twitter,Video,12,151148,5382,687,586,0.0440296927514753,Short,6655
Facebook,Text,14,120458,3490,513,441,0.0368925268558335,Short,4444
Instagram,Text,51,124614,1882,329,138,0.0188502094467716,Medium,2349
Instagram,Video,45,94484,7236,1398,446,0.0961009271411032,Medium,9080
Twitter,Image,68,151151,8424,1524,1072,0.072907225225106,Medium,11020
Twitter,Video,46,147050,2976,590,325,0.0264603876232573,Medium,3891
Twitter,Text,47,183810,5499,667,355,0.0354768510962406,Medium,6521
Twitter,Image,13,14705,1468,143,130,0.1183951037062223,Short,1741
Instagram,Image,18,114165,9423,1120,1365,0.1043051723382823,Short,11908
Facebook,Image,105,76501,3173,465,372,0.0524176154560071,Long,4010
Facebook,Video,95,13248,779,98,38,0.0690670289855072,Long,915
Facebook,Video,109,49988,2371,344,138,0.0570736976874449,Long,2853
Facebook,Text,100,92169,1223,223,66,0.0164046479835953,Long,1512
Twitter,Image,8,97039,7770,581,1012,0.0964869794618658,Short,9363
Twitter,Image,6,9461,705,47,72,0.0870943874854666,Short,824
Twitter,Video,119,160070,7490,934,1065,0.0592803148622477,Long,9489
Facebook,Text,101,146893,12652,2495,402,0.1058525593459184,Long,15549
Twitter,Text,89,21870,1271,74,34,0.0630544124371284,Long,1379
Twitter,Image,5,15410,244,48,26,0.0206359506813757,Short,318
Instagram,Video,112,92721,3091,603,168,0.0416518372321264,Long,3862
Instagram,Image,79,24133,1244,116,134,0.0619069324161935,Medium,1494
Twitter,Video,69,91705,1770,325,201,0.0250368027915598,Medium,2296
Instagram,Text,50,290503,17836,912,1062,0.068192066863337,Medium,19810
Instagram,Image,63,197457,4117,486,592,0.0263095256182358,Medium,5195
Twitter,Image,79,29400,824,90,99,0.0344557823129251,Medium,1013
Twitter,Image,11,36173,3272,606,221,0.113316562076687,Short,4099
Twitter,Text,70,13179,1317,159,96,0.119280673799226,Medium,1572
Twitter,Image,19,103879,6183,696,699,0.0729502594364597,Short,7578
Facebook,Text,76,195958,12887,1880,767,0.0792720889170128,Medium,15534
Facebook,Video,51,38495,3147,334,183,0.0951811923626445,Medium,3664
Twitter,Text,94,8487,616,80,62,0.0893130670437139,Long,758
Instagram,Video,44,19760,522,100,19,0.0324392712550607,Medium,641
Twitter,Text,46,129600,6097,490,909,0.0578395061728395,Medium,7496
Twitter,Text,55,93975,5465,649,313,0.0683905293961159,Medium,6427
Instagram,Image,39,97465,4129,215,288,0.0475247524752475,Short,4632
Facebook,Text,114,205899,5322,938,261,0.03167086775555,Long,6521
Twitter,Image,109,31403,2394,152,248,0.0889723911728178,Long,2794
Twitter,Video,45,117625,3281,210,91,0.030452709883103,Medium,3582
Facebook,Video,89,111576,3731,680,524,0.0442299419229941,Long,4935
Facebook,Image,61,4755,170,18,10,0.0416403785488959,Medium,198
Instagram,Video,42,133500,3278,501,460,0.031752808988764,Medium,4239
Facebook,Text,76,170230,14718,2629,779,0.1064794689537684,Medium,18126
Facebook,Image,111,74352,4829,512,419,0.0774693350548741,Long,5760
Facebook,Image,100,217208,18490,1649,2040,0.1021094987293285,Long,22179
Instagram,Image,12,203498,11077,835,1103,0.0639564025199264,Short,13015
Facebook,Video,112,79759,4527,638,392,0.069672388069058,Long,5557
Facebook,Video,78,115133,7535,661,923,0.0792040509671423,Medium,9119
Instagram,Text,67,12688,550,79,44,0.0530422446406052,Medium,673
Facebook,Text,91,238876,13064,1274,827,0.0634848205763659,Long,15165
Facebook,Image,8,173556,10278,1050,1165,0.0719825301343658,Short,12493
Instagram,Text,52,195927,18773,1640,2662,0.1177734564404089,Medium,23075
Twitter,Video,56,160625,14369,1620,1410,0.1083206225680933,Medium,17399
Instagram,Text,42,154651,3345,248,188,0.0244485971639368,Medium,3781
Facebook,Video,98,147086,2017,197,240,0.0166841167752199,Long,2454
Facebook,Text,109,51443,3664,610,436,0.0915576463270027,Long,4710
Facebook,Video,91,176033,2539,209,138,0.0163946532752381,Long,2886
Instagram,Video,9,194986,3008,577,210,0.019462935800519,Short,3795
Facebook,Text,89,122086,2970,368,113,0.0282669593565191,Long,3451
Facebook,Text,74,39397,1641,108,49,0.045637992740564,Medium,1798
Instagram,Video,117,248818,12229,2341,1528,0.0646978916316343,Long,16098
Twitter,Image,85,180250,10228,1212,699,0.0673453536754507,Long,12139
Twitter,Text,93,3063,304,40,17,0.117858308847535,Long,361
Facebook,Video,28,208438,9311,724,496,0.0505234170352814,Short,10531
Instagram,Text,90,80848,2574,257,76,0.0359563625568968,Long,2907
Facebook,Text,81,159199,9834,1529,1455,0.0805155811280221,Long,12818
Instagram,Text,21,172115,5053,346,342,0.0333556052639223,Short,5741
Instagram,Text,82,115687,10949,1484,452,0.1113781150863969,Long,12885
Twitter,Text,102,128230,4274,658,565,0.0428682835529907,Long,5497
Twitter,Image,94,137141,13589,683,1549,0.1153630205409031,Long,15821
Instagram,Image,87,266252,12694,2229,1347,0.0611075221970163,Long,16270
Facebook,Image,30,131167,10905,637,639,0.0928663459559187,Short,12181
Twitter,Video,7,148676,10161,884,752,0.0793470365089187,Short,11797
Facebook,Image,6,17612,1655,321,214,0.124347036111742,Short,2190
Twitter,Image,96,182174,12076,750,1246,0.077244831864042,Long,14072
Twitter,Video,6,41170,2565,446,166,0.0771678406606752,Short,3177
Facebook,Image,26,179173,12319,1820,421,0.081262243753244,Short,14560
Twitter,Text,75,67881,5483,766,751,0.1031216393394322,Medium,7000
Twitter,Image,8,170782,15523,2130,2238,0.1164701198018526,Short,19891
Facebook,Image,117,218934,7446,558,844,0.0404140060474846,Long,8848
Twitter,Image,42,124092,3484,523,382,0.0353689198336717,Medium,4389
Twitter,Text,107,117764,1541,297,138,0.0167793213545735,Long,1976
Twitter,Text,88,142435,6168,379,902,0.0522975392284199,Long,7449
Facebook,Text,74,137842,11876,1185,1309,0.1042497932415374,Medium,14370
Instagram,Text,77,78960,1286,155,38,0.0187310030395136,Medium,1479
Facebook,Video,56,14990,876,74,27,0.0651767845230153,Medium,977
Instagram,Text,35,99258,7199,1160,1045,0.0947429930081202,Short,9404
Twitter,Text,30,129640,11060,1695,1577,0.1105522986732489,Short,14332
Instagram,Text,40,37137,2321,157,214,0.0724883539327355,Medium,2692
Facebook,Text,30,18573,497,67,23,0.0316050180369353,Short,587
Facebook,Video,32,150906,14608,1538,1400,0.1162710561541622,Short,17546
Twitter,Image,9,11554,213,17,25,0.0220702786913623,Short,255
Instagram,Image,119,234726,18592,3295,391,0.0949106617928989,Long,22278
Twitter,Text,78,109804,1953,113,247,0.0210648063822811,Medium,2313
Twitter,Text,22,84164,1928,231,155,0.0274939404020721,Short,2314
Facebook,Text,19,187869,17065,2069,1368,0.1091292336681411,Short,20502
Instagram,Image,61,18015,1401,189,107,0.0941992783791285,Medium,1697
Instagram,Image,101,64617,2771,220,304,0.0509927727997276,Long,3295
Instagram,Text,9,185664,12529,2263,591,0.082853972768011,Short,15383
Instagram,Image,41,115041,5884,1146,581,0.0661590215662242,Medium,7611
Twitter,Video,108,77195,1234,163,31,0.0184986074227605,Long,1428
Twitter,Text,90,122603,9183,811,1152,0.0909113153837997,Long,11146
Facebook,Text,90,216403,17029,3091,2145,0.1028867437142738,Long,22265
Twitter,Video,26,166653,14900,2953,902,0.1125392282167137,Short,18755
Twitter,Video,56,161989,9501,1532,320,0.0700850057719968,Medium,11353
Facebook,Image,19,217722,15367,1537,1801,0.0859123101937333,Short,18705
Facebook,Video,21,140715,6954,593,564,0.0576413317698894,Short,8111
Facebook,Text,55,16269,629,46,88,0.0468990103878542,Medium,763
Twitter,Image,49,20358,957,81,63,0.0540819333922782,Medium,1101
Twitter,Video,67,100029,9208,774,1191,0.1116976076937688,Medium,11173
Facebook,Image,32,86857,2151,419,50,0.0301645232969133,Short,2620
Facebook,Image,63,134275,4345,636,523,0.0409905045615341,Medium,5504
Facebook,Image,90,195830,12642,948,1367,0.0763774702548128,Long,14957
Twitter,Image,25,83254,1703,209,150,0.0247675787349556,Short,2062
Twitter,Video,46,103892,9378,728,1297,0.1097582104493127,Medium,11403
Instagram,Text,85,61235,872,122,124,0.0182575324569282,Long,1118
Twitter,Text,73,37304,2908,294,409,0.0967992708556723,Medium,3611
Twitter,Video,86,24172,1054,83,102,0.0512576534833691,Long,1239
Twitter,Text,21,75834,1107,95,96,0.0171163330432259,Short,1298
Facebook,Image,72,88731,7618,1152,418,0.1035489287847539,Medium,9188
Twitter,Image,11,46857,3169,352,130,0.0779179204814648,Short,3651
Facebook,Image,93,144483,1560,198,144,0.013164178484666,Long,1902
Instagram,Video,105,274969,9370,1622,368,0.0413137480952398,Long,11360
Instagram,Image,44,101774,4242,629,179,0.0496197457110853,Medium,5050
Facebook,Image,44,172814,6745,805,447,0.0462751860381682,Medium,7997
Facebook,Video,47,121624,6671,1288,295,0.067864895086496,Medium,8254
Facebook,Image,77,203698,11694,960,996,0.0670109672161729,Medium,13650
Twitter,Image,87,191373,8747,816,929,0.0548248708020462,Long,10492
Instagram,Text,55,294295,11730,2190,1298,0.0517100188586282,Medium,15218
Facebook,Video,77,46327,2566,456,229,0.0701750599002741,Medium,3251
Twitter,Image,27,142324,1853,128,162,0.0150571934459402,Short,2143
Instagram,Image,99,205344,13977,2648,1142,0.0865231026959638,Long,17767
Twitter,Image,36,49368,3186,164,165,0.0711999675903419,Short,3515
Instagram,Image,35,266003,9344,1619,981,0.0449017492283921,Short,11944
Twitter,Text,21,199009,5205,477,548,0.0313051168540116,Short,6230
Instagram,Text,116,20322,336,26,17,0.0186497391988977,Long,379
Instagram,Text,107,226785,14255,1672,1583,0.0772096919990299,Long,17510
Twitter,Text,62,144263,8829,1629,1161,0.0805404019048543,Medium,11619
Facebook,Video,90,171153,9926,1666,965,0.0733671042868077,Long,12557
Instagram,Image,39,60504,5972,1164,210,0.1214134602670897,Short,7346
Facebook,Text,34,178666,10333,1355,646,0.0690338396785062,Short,12334
Twitter,Image,68,59631,4470,565,143,0.0868340292800724,Medium,5178
Facebook,Video,57,52239,1053,54,62,0.022377916882023,Medium,1169
Facebook,Image,55,190370,7026,541,334,0.0415033881388874,Medium,7901
Facebook,Image,108,248679,8651,1078,796,0.0423236381037401,Long,10525
Facebook,Text,41,107583,6652,1083,499,0.0765362557281354,Medium,8234
Facebook,Text,94,231121,9192,1593,1047,0.0511939633352226,Long,11832
Instagram,Video,10,270111,18285,1691,1228,0.0785010606750558,Short,21204
Instagram,Image,38,42018,3029,475,121,0.0862725498595839,Short,3625
Instagram,Text,60,188758,2459,428,124,0.015951641784719,Medium,3011
Twitter,Text,100,157867,10668,1133,970,0.080897210943389,Long,12771
Facebook,Text,29,192898,3956,610,310,0.0252776078549285,Short,4876
Instagram,Video,119,73774,3826,442,97,0.0591671862715861,Long,4365
Twitter,Image,17,141585,10674,2111,504,0.0938588127273369,Short,13289
Instagram,Text,67,253319,18568,946,1087,0.0813243380875496,Medium,20601
Instagram,Image,106,232414,8595,963,982,0.0453501079969365,Long,10540
Facebook,Video,106,70104,2419,216,278,0.0415525504964053,Long,2913
Twitter,Image,70,110818,5498,975,608,0.0638975617679438,Medium,7081
Facebook,Text,9,99396,2681,249,338,0.0328785866634472,Short,3268
Facebook,Image,79,199301,19476,2562,2602,0.123632094169121,Medium,24640
Instagram,Image,15,182887,7506,1208,219,0.0488443683804753,Short,8933
Facebook,Video,92,7720,718,89,60,0.1123056994818652,Long,867
Twitter,Video,82,42725,3919,437,154,0.105558806319485,Long,4510
Facebook,Image,113,46923,2010,113,132,0.0480574558318948,Long,2255
Facebook,Image,98,208152,6841,365,726,0.0381067681309812,Long,7932
Facebook,Image,108,225212,17876,3460,1755,0.1025300605651563,Long,23091
Instagram,Video,115,217691,6670,977,244,0.0362486276419328,Long,7891
Twitter,Video,48,32029,1822,316,215,0.0734646726404196,Medium,2353
Instagram,Image,103,293729,5863,715,717,0.0248358180499712,Long,7295
Instagram,Video,89,63271,2830,252,107,0.0504022379921291,Long,3189
Instagram,Text,73,159970,2724,256,272,0.0203288116521847,Medium,3252
Instagram,Video,106,290593,10318,583,1474,0.0425853341271124,Long,12375
Instagram,Video,6,40308,2816,474,90,0.0838543217227349,Short,3380
Twitter,Video,44,198566,19701,2703,815,0.1169334125681133,Medium,23219
Facebook,Text,41,219811,7238,883,865,0.0408805746755166,Medium,8986
Instagram,Text,53,296203,15579,2770,993,0.0652998112780761,Medium,19342
Instagram,Text,102,161520,8128,948,1172,0.063447251114413,Long,10248
Twitter,Image,79,152780,4059,780,410,0.0343565911768556,Medium,5249
Twitter,Image,40,84549,5487,285,454,0.0736377721794462,Medium,6226
Facebook,Text,79,137058,10309,2038,658,0.0948868362299172,Medium,13005
Twitter,Image,77,124767,2900,499,148,0.0284289916404177,Medium,3547
Facebook,Image,74,223925,17497,1806,1828,0.0943664173272301,Medium,21131
Instagram,Image,38,57934,4230,589,410,0.0902578796561604,Short,5229
Instagram,Text,62,142557,3957,711,263,0.0345896729027687,Medium,4931
Facebook,Video,115,230112,15740,1924,2192,0.0862884160756501,Long,19856
Twitter,Text,41,122094,5546,319,660,0.0534424296034203,Medium,6525
Facebook,Text,100,121156,8638,1602,464,0.0883489055432665,Long,10704
Twitter,Image,64,91064,4976,634,709,0.0693907581481156,Medium,6319
Instagram,Image,16,278916,3997,526,472,0.0179086176483242,Short,4995
Twitter,Video,113,145603,11768,612,1607,0.0960625811281361,Long,13987
Facebook,Video,36,60564,3634,236,137,0.0661614160227197,Short,4007
Facebook,Video,85,229686,17279,2878,419,0.0895831700669609,Long,20576
Instagram,Video,8,43635,931,107,78,0.0255757992437263,Short,1116
Twitter,Text,110,158991,11910,2378,932,0.0957286890452918,Long,15220
Twitter,Video,37,155972,7366,1136,980,0.060792962839484,Short,9482
Twitter,Text,47,39394,3227,621,136,0.1011321521043813,Medium,3984
Instagram,Image,116,40030,2558,235,59,0.0712465650761928,Long,2852
Twitter,Video,111,69950,2933,224,260,0.0488491779842744,Long,3417
Facebook,Image,13,209961,5915,629,254,0.0323774415248546,Short,6798
Twitter,Image,102,148631,12400,1112,327,0.0931097819432016,Long,13839
Instagram,Text,107,213920,12924,1835,295,0.0703721017202692,Long,15054
Twitter,Video,55,160629,15881,2567,611,0.1186522981528864,Medium,19059
Twitter,Text,98,171080,7461,823,513,0.0514203881225157,Long,8797
Facebook,Image,118,148125,10622,674,1433,0.0859341772151898,Long,12729
Twitter,Video,24,174889,11552,623,1373,0.0774662786110046,Short,13548
Facebook,Image,43,106426,7171,593,637,0.0789374776840245,Medium,8401
Facebook,Image,27,139065,10614,1696,806,0.0943156078092978,Short,13116
Instagram,Video,45,128652,2897,241,229,0.0261713770481609,Medium,3367
Facebook,Video,48,218484,12992,2424,1753,0.0785824133574998,Medium,17169
Facebook,Video,39,182453,10184,1504,1163,0.070434577672058,Short,12851
Instagram,Text,27,209819,8566,1535,362,0.0498667899475262,Short,10463
Facebook,Text,62,16515,813,87,115,0.0614592794429306,Medium,1015
Instagram,Image,52,152407,8640,1706,1040,0.0747078546260998,Medium,11386
Twitter,Video,107,60724,2361,358,57,0.0457150385350108,Long,2776
Instagram,Image,91,269319,9798,1014,835,0.0432461133451408,Long,11647
Facebook,Image,62,5405,413,33,43,0.0904717853839038,Medium,489
Instagram,Image,105,57515,921,165,25,0.0193166999913066,Long,1111
Facebook,Image,61,10341,394,38,25,0.0441930180833575,Medium,457
Twitter,Image,91,157356,10831,613,1129,0.0799016243422557,Long,12573
Instagram,Video,43,164074,4723,433,595,0.0350512573594841,Medium,5751
Twitter,Text,32,193524,11902,915,1749,0.0752671503276079,Short,14566
Facebook,Video,68,192749,7169,702,256,0.0421636428723365,Medium,8127
Facebook,Video,66,94796,8142,1156,832,0.1068610489894088,Medium,10130
Twitter,Video,87,111460,4625,578,629,0.0523237035707877,Long,5832
Instagram,Text,117,86499,2651,415,300,0.0389137446675684,Long,3366
Instagram,Text,116,155013,8945,895,914,0.0693748266274441,Long,10754
Facebook,Text,66,159091,3533,240,169,0.0247782715552733,Medium,3942
Twitter,Video,98,148851,12172,901,1533,0.098124970608192,Long,14606
Twitter,Text,89,20426,1454,246,135,0.0898364829139332,Long,1835
Instagram,Image,92,202386,16058,1038,553,0.0872046485428834,Long,17649
Instagram,Text,89,40927,1878,318,265,0.0601314535636621,Long,2461
Instagram,Video,30,11395,970,79,144,0.1046950416849495,Short,1193
Twitter,Video,55,139046,7566,1148,680,0.0675603757030047,Medium,9394
Instagram,Image,54,272294,5043,723,609,0.0234121941724753,Medium,6375
Instagram,Text,119,82668,2493,161,238,0.0349833067208593,Long,2892
Facebook,Text,40,52572,3890,583,291,0.0906185802328235,Medium,4764
Instagram,Image,30,178883,16220,1899,1187,0.1079252919506045,Short,19306
Instagram,Video,37,89028,1652,257,240,0.0241384732893022,Short,2149
Twitter,Video,104,56497,4959,869,336,0.1091031382197284,Long,6164
Twitter,Text,72,104300,8543,477,715,0.0933365292425695,Medium,9735
Facebook,Text,77,25466,1071,157,56,0.0504201680672268,Medium,1284
Instagram,Text,12,14550,1048,68,55,0.0804810996563573,Short,1171
Facebook,Text,70,56062,1503,160,99,0.0314294887802789,Medium,1762
Twitter,Text,97,37394,3111,161,436,0.0991602930951489,Long,3708
Facebook,Video,27,194103,13424,1332,960,0.0809673214736505,Short,15716
Twitter,Video,74,194622,9632,726,884,0.0577632538972983,Medium,11242
Facebook,Video,59,101794,8938,1192,812,0.1074916006837338,Medium,10942
Facebook,Video,47,143559,3234,410,309,0.0275357170222695,Medium,3953
Instagram,Image,104,60084,5174,874,655,0.111560481991878,Long,6703
Facebook,Video,114,78809,957,139,131,0.0155692877717012,Long,1227
Instagram,Image,25,167003,12990,2041,612,0.093668976006419,Short,15643
Instagram,Video,26,84220,5188,331,684,0.0736523391118499,Short,6203
Instagram,Text,13,228356,16602,899,1514,0.0832691061325299,Short,19015
Instagram,Text,38,16366,771,150,108,0.0628742514970059,Short,1029
Facebook,Text,63,123525,10845,1236,1508,0.1100101194090265,Medium,13589
Twitter,Image,30,164935,6297,687,444,0.0450359232424894,Short,7428
Twitter,Video,5,161401,5608,309,587,0.0402971480969758,Short,6504
Twitter,Video,104,105293,3912,265,521,0.0446183506975772,Long,4698
Facebook,Image,112,66818,5324,1017,372,0.1004669400460953,Long,6713
Instagram,Image,9,228133,12450,1920,319,0.0643878790004076,Short,14689
Twitter,Image,45,174443,10176,1133,679,0.0687215881405387,Medium,11988
Facebook,Image,67,192838,16362,3037,1104,0.106322405335048,Medium,20503
Instagram,Image,26,176313,14987,2075,1871,0.1073828929233805,Short,18933
Twitter,Text,72,3676,90,14,5,0.029651795429815,Medium,109
Instagram,Video,52,111094,6607,758,899,0.0743874556681729,Medium,8264
Twitter,Image,70,138354,2952,338,269,0.0257238677595154,Medium,3559
Twitter,Text,20,28222,2488,149,239,0.1019063142229466,Short,2876
Twitter,Image,84,194375,16586,2655,2071,0.1096437299035369,Long,21312
Instagram,Text,57,280520,24248,1572,909,0.0952837587337801,Medium,26729
Facebook,Image,90,199201,14628,2408,326,0.087158196997003,Long,17362
Instagram,Video,111,14431,750,58,20,0.0573764811863349,Long,828
Twitter,Image,69,35370,1642,143,39,0.0515691263782866,Medium,1824
Instagram,Image,83,138009,6289,1180,697,0.0591700541269047,Long,8166
Facebook,Video,68,224113,3576,431,185,0.0187048497855992,Medium,4192
Instagram,Video,92,230863,22023,1514,2895,0.1144921446918735,Long,26432
Facebook,Image,72,4067,205,38,27,0.0663880009835259,Medium,270
Facebook,Video,67,81937,7678,904,508,0.110938892075619,Medium,9090
Instagram,Video,66,108556,9675,673,438,0.0993588562585209,Medium,10786
Twitter,Text,86,146544,12393,1346,1051,0.1009253193580085,Long,14790
Facebook,Video,85,189087,11902,1647,1500,0.0795877030150142,Long,15049
Instagram,Video,75,96396,1845,192,201,0.0232167309846881,Medium,2238
Facebook,Image,118,57654,2257,425,52,0.0474208207583168,Long,2734
Twitter,Image,49,194880,12535,1133,262,0.0714798850574712,Medium,13930
Instagram,Text,56,188406,2112,161,73,0.0124518327441801,Medium,2346
Instagram,Image,78,221739,3068,255,195,0.0158654995287252,Medium,3518
Instagram,Video,69,141268,10028,627,900,0.0817948863153722,Medium,11555
Twitter,Video,6,192672,17328,2042,2188,0.1118896362730443,Short,21558
Facebook,Video,53,221124,19229,3494,741,0.1061124075179537,Medium,23464
Instagram,Image,26,215489,5415,518,215,0.028530458631299,Short,6148
Facebook,Video,100,33593,3090,274,408,0.1122852975322239,Long,3772
Facebook,Video,33,113423,8242,1447,1154,0.0955978946069139,Short,10843
Twitter,Text,39,67059,4993,478,457,0.0883997673690332,Short,5928
Instagram,Text,85,112041,4186,508,510,0.0464472826911577,Long,5204
Facebook,Text,80,204867,15250,833,984,0.0833077069513391,Long,17067
Instagram,Image,28,226458,16730,1556,2392,0.0913105299879006,Short,20678
Instagram,Video,98,298737,18975,1320,2611,0.0766761398822375,Long,22906
Twitter,Video,112,143533,6050,398,789,0.0504204607999554,Long,7237
Instagram,Video,34,98220,8151,935,176,0.0942985135410303,Short,9262
Instagram,Text,88,40690,3840,351,338,0.1113049889407716,Long,4529
Facebook,Video,46,98360,8684,651,203,0.0969703131354209,Medium,9538
Twitter,Video,75,70923,2260,286,244,0.0393384374603443,Medium,2790
Instagram,Video,110,26826,1344,225,58,0.0606501155595318,Long,1627
Facebook,Video,54,123240,5030,805,518,0.0515498214865303,Medium,6353
Twitter,Video,106,147625,10876,952,356,0.0825334462320067,Long,12184
Twitter,Image,75,55165,4679,418,553,0.1024200126892051,Medium,5650
Facebook,Video,64,60454,1778,284,203,0.037466503457174,Medium,2265
Facebook,Image,117,9959,948,126,19,0.109749974897078,Long,1093
Facebook,Video,34,45715,3243,523,398,0.0910860767800503,Short,4164
Facebook,Image,16,163451,4848,243,200,0.0323705575371212,Short,5291
Facebook,Video,53,156746,6802,429,232,0.0476120602758603,Medium,7463
Instagram,Video,99,145631,2827,481,240,0.0243629447027075,Long,3548
Instagram,Video,86,37252,2374,421,229,0.081176849565124,Long,3024
Twitter,Video,50,28104,708,71,23,0.0285368630799886,Medium,802
Instagram,Text,47,70669,5114,990,304,0.0906762512558547,Medium,6408
Instagram,Video,6,142679,10893,1037,795,0.0891862152103673,Short,12725
Instagram,Image,101,81639,4338,796,618,0.070456522005414,Long,5752
Facebook,Text,79,45973,847,95,44,0.0214473712831444,Medium,986
Twitter,Text,102,128142,8326,1117,448,0.0771878072763028,Long,9891
Twitter,Video,84,162930,7087,1038,749,0.0544651077149696,Long,8874
Twitter,Image,58,172439,16462,1151,1885,0.1130718688927678,Medium,19498
Twitter,Image,39,101364,5695,316,121,0.0604948502426897,Short,6132
Instagram,Text,56,195923,3233,368,120,0.0189921550813329,Medium,3721
Instagram,Image,37,84584,5687,421,378,0.0766811690154166,Short,6486
Facebook,Video,89,98959,7930,1049,810,0.0989197546458634,Long,9789
Twitter,Video,88,151642,3706,437,138,0.0282309650360718,Long,4281
Instagram,Video,76,172010,8671,592,575,0.0571943491657461,Medium,9838
Instagram,Video,55,102216,7859,1177,239,0.090739218908977,Medium,9275
Facebook,Video,30,185870,2201,116,207,0.0135793834400387,Short,2524
Facebook,Text,101,118283,1491,102,112,0.0144145819771226,Long,1705
Facebook,Video,66,247959,17585,2726,2153,0.0905956226634241,Medium,22464
Instagram,Video,65,265474,19979,2580,1890,0.0920956477847171,Medium,24449
Instagram,Text,30,217911,18768,1732,1983,0.1031751494876348,Short,22483
Facebook,Text,41,234654,10785,830,1156,0.0544248127029583,Medium,12771
Twitter,Text,34,47820,2155,315,208,0.0560016729401923,Short,2678
Facebook,Image,99,101235,6045,488,133,0.0658467921173507,Long,6666
Facebook,Image,101,228328,17845,3527,2287,0.1036184786797939,Long,23659
Facebook,Video,15,167290,11323,2042,1575,0.0893059955765437,Short,14940
Facebook,Video,57,12990,512,35,45,0.0455735180908391,Medium,592
Instagram,Video,45,17778,732,130,25,0.0498931263359208,Medium,887
Twitter,Image,9,173212,13626,1386,1432,0.0949356857492552,Short,16444
Facebook,Video,70,103196,5997,740,403,0.0691887282452808,Medium,7140
Twitter,Video,17,89448,1683,120,49,0.0207047670154726,Short,1852
Twitter,Image,67,184678,4389,297,575,0.0284874213495922,Medium,5261
Twitter,Text,86,94334,8169,1468,919,0.1119002692560476,Long,10556
Facebook,Image,94,203416,20319,2935,2532,0.1267648562551618,Long,25786
Instagram,Video,29,80012,3217,383,397,0.0499550067489876,Short,3997
Facebook,Image,48,62871,2816,156,187,0.0502457412797633,Medium,3159
Twitter,Text,18,118445,2831,533,234,0.0303769682130946,Short,3598
Twitter,Text,73,162012,5057,538,254,0.0361022640298249,Medium,5849
Instagram,Text,63,225028,10850,1220,1281,0.059330394439803,Medium,13351
Facebook,Text,60,32590,1160,108,102,0.0420374347959496,Medium,1370
Twitter,Text,110,184589,13498,2479,1410,0.0941930450893606,Long,17387
Instagram,Text,56,72145,4213,428,279,0.0681959941783907,Medium,4920
Twitter,Video,70,162369,13640,1038,1477,0.0994955933706557,Medium,16155
Instagram,Video,72,163938,12329,1542,1322,0.092675279678903,Medium,15193
Instagram,Image,16,126909,2732,456,328,0.0277048909060823,Short,3516
Facebook,Video,79,36991,780,82,31,0.0241410072720391,Medium,893
Twitter,Text,72,3907,354,52,35,0.1128743281289992,Medium,441
Facebook,Video,47,214586,17972,1718,2414,0.1030076519437428,Medium,22104
Twitter,Image,77,159010,8286,1308,267,0.0620149676120998,Medium,9861
Facebook,Text,78,79479,1727,259,250,0.0281332175794864,Medium,2236
Twitter,Video,95,138882,12620,1919,593,0.1089558042078887,Long,15132
Facebook,Video,10,244537,7522,1104,1066,0.0396340840036477,Short,9692
Instagram,Image,19,248439,3278,240,435,0.0159113504723493,Short,3953
Twitter,Text,46,60612,5647,1034,678,0.121411601663037,Medium,7359
Twitter,Image,35,39705,3287,453,155,0.0980984762624354,Short,3895
Instagram,Text,90,284759,20620,2213,992,0.0836672414216934,Long,23825
Facebook,Text,57,244636,3195,242,171,0.0147484425840841,Medium,3608
Twitter,Video,10,77475,4459,747,558,0.0743981929654727,Short,5764
Twitter,Image,37,111054,7643,965,339,0.0805644101067949,Short,8947
Facebook,Image,33,98490,7715,556,736,0.0914509087216976,Short,9007
Instagram,Image,25,266499,13963,2628,1690,0.0685968802884813,Short,18281
Facebook,Text,58,69273,6636,437,530,0.1097541610728566,Medium,7603
Facebook,Image,60,89356,2862,368,370,0.0402882850619992,Medium,3600
Facebook,Text,98,51703,841,119,78,0.0200762044755623,Long,1038
Twitter,Image,25,110447,4412,881,429,0.0518076543500502,Short,5722
Instagram,Image,104,195197,13578,965,1466,0.0820145801421128,Long,16009
Instagram,Video,59,185753,14181,2014,1843,0.0971074491394486,Medium,18038
Facebook,Image,62,211929,16205,1969,333,0.0873264159223136,Medium,18507
Twitter,Video,68,34567,689,61,48,0.0230856018746203,Medium,798
Facebook,Video,90,7418,665,127,96,0.1197088163925586,Long,888
Twitter,Text,50,44164,1557,262,51,0.0423421791504392,Medium,1870
Twitter,Image,88,3986,115,19,5,0.0348720521826392,Long,139
Twitter,Image,26,40593,2650,489,249,0.0834626659768925,Short,3388
Twitter,Image,64,35983,1045,165,137,0.0374343439957757,Medium,1347
Instagram,Video,108,117194,6530,822,213,0.0645510862330836,Long,7565
Twitter,Image,15,165061,7697,836,157,0.0526472031551971,Short,8690
Twitter,Text,51,100548,3105,483,339,0.0390559732664995,Medium,3927
Facebook,Text,35,128605,4666,655,455,0.0449127172349442,Short,5776
Facebook,Image,119,49887,2417,317,133,0.0574698819331689,Long,2867
Instagram,Video,108,278387,11456,1585,1655,0.0527898213637849,Long,14696
Facebook,Text,81,3132,138,20,12,0.0542784163473818,Long,170
Twitter,Text,22,148628,11323,2211,1202,0.0991468633097397,Short,14736
Facebook,Video,26,67397,1695,276,117,0.0309806074454352,Short,2088
Instagram,Text,60,195512,12998,993,1817,0.0808543721101518,Medium,15808
Facebook,Video,21,167927,11928,1431,666,0.0835184336050784,Short,14025
Facebook,Text,42,12839,1055,160,123,0.1042137238102656,Medium,1338
Instagram,Video,29,244459,21086,1609,741,0.0958688369010754,Short,23436
Instagram,Text,36,195136,4737,899,425,0.031060388652017,Short,6061
Twitter,Image,19,176292,3956,243,376,0.0259512626778299,Short,4575
Facebook,Text,17,82364,5380,762,239,0.0774731678888834,Short,6381
Twitter,Text,62,174150,13605,2671,844,0.0983060579959804,Medium,17120
Facebook,Image,94,235279,8119,1292,350,0.041486915534323,Long,9761
Facebook,Image,54,128688,7377,1118,957,0.0734489618301628,Medium,9452
Twitter,Image,15,68430,5440,1085,573,0.1037264357737834,Short,7098
Facebook,Image,17,4265,337,56,26,0.0982415005861664,Short,419
Facebook,Video,101,156879,10800,2111,996,0.0886479388573359,Long,13907
Facebook,Video,54,230751,3943,610,255,0.0208363127353727,Medium,4808
Instagram,Text,105,185586,2701,404,204,0.0178300087291067,Long,3309
Twitter,Text,42,189388,8514,1399,855,0.0568568230299702,Medium,10768
Instagram,Text,5,69817,865,67,41,0.0139364338198433,Short,973
Twitter,Video,43,97948,8949,1529,334,0.1103851022991791,Medium,10812
Twitter,Text,31,165301,1952,381,278,0.0157954277348594,Short,2611
Facebook,Text,40,166820,2112,299,107,0.0150941134156575,Medium,2518
Twitter,Video,36,174345,4337,224,365,0.0282543233244429,Short,4926
Instagram,Text,45,59784,3971,241,472,0.0783487220661046,Medium,4684
Instagram,Video,19,241710,14198,1209,1310,0.0691613917504447,Short,16717
Instagram,Video,35,257673,17870,2209,1832,0.0850341324081296,Short,21911
Twitter,Image,10,146446,13241,1483,546,0.1042705160946697,Short,15270
Instagram,Image,93,132247,6737,1326,480,0.0645988188767987,Long,8543
Twitter,Video,117,48116,671,128,73,0.0181228697314822,Long,872
Instagram,Video,56,216983,17079,1860,807,0.0910025209348197,Medium,19746
Instagram,Image,86,64133,5327,901,441,0.1039870269595995,Long,6669
Twitter,Text,26,79338,1149,167,110,0.0179737326375759,Short,1426
Instagram,Text,35,193350,6159,532,755,0.0385104732350659,Short,7446
Facebook,Text,104,170534,13532,2566,651,0.0982150187059472,Long,16749
Twitter,Video,77,192696,8450,751,1243,0.0541993606509735,Medium,10444
Twitter,Image,50,52141,2739,494,399,0.0696572754646056,Medium,3632
Twitter,Text,71,87600,7365,1072,159,0.0981278538812785,Medium,8596
Facebook,Image,101,144727,2679,383,181,0.0224077055421586,Long,3243
Twitter,Image,95,43864,3112,546,89,0.0854231260258982,Long,3747
Instagram,Video,47,221989,6515,808,398,0.034781002662294,Medium,7721
Instagram,Text,5,247407,3869,688,382,0.0199630568253929,Short,4939
Instagram,Image,48,169750,11818,1566,1171,0.0857437407952871,Medium,14555
Twitter,Video,61,24970,522,103,16,0.0256708049659591,Medium,641
Instagram,Video,13,197758,15272,2275,1649,0.0970681337796701,Short,19196
Twitter,Video,9,151307,4273,453,555,0.0349025491219837,Short,5281
Instagram,Text,83,83399,1198,197,122,0.0181896665427643,Long,1517
Facebook,Text,118,113261,2144,271,129,0.0224613944782405,Long,2544
Facebook,Video,13,201223,17247,2947,350,0.1020956848869165,Short,20544
Facebook,Text,49,210190,9119,1596,951,0.0555021647081212,Medium,11666
Facebook,Text,96,95874,3566,508,385,0.0465089596762417,Long,4459
Twitter,Image,81,142469,7722,1396,865,0.0700713839501926,Long,9983
Instagram,Video,28,34655,2320,256,58,0.07600634829029,Short,2634
Facebook,Video,113,239245,3191,187,278,0.0152814060899914,Long,3656
Twitter,Text,78,67446,6126,915,451,0.1110814577587996,Medium,7492
Facebook,Video,46,46639,4489,739,537,0.1236089967623662,Medium,5765
Facebook,Video,26,21830,1038,63,118,0.0558405863490609,Short,1219
Twitter,Video,107,10014,472,78,67,0.0616137407629319,Long,617
Twitter,Text,64,194803,17351,2531,2371,0.1142333536957849,Medium,22253
Instagram,Text,90,179133,8712,587,806,0.056410599945292,Long,10105
Instagram,Text,41,157931,13749,1800,2027,0.111289107268364,Medium,17576
Facebook,Image,43,219661,2756,182,108,0.0138668220576251,Medium,3046
Facebook,Video,88,79758,4312,423,90,0.0604954988841244,Long,4825
Instagram,Image,78,154980,14834,2530,504,0.1152922957801006,Medium,17868
Instagram,Text,78,164765,5396,351,357,0.0370467028798591,Medium,6104
Twitter,Image,94,91418,3104,369,366,0.0419939180467741,Long,3839
Instagram,Video,93,229491,15309,2156,1068,0.0807569795765411,Long,18533
Instagram,Video,57,214948,20066,3834,2437,0.122527308930532,Medium,26337
Facebook,Text,32,46702,1302,209,151,0.0355873410132328,Short,1662
Instagram,Text,81,154417,14352,1017,1769,0.1109851894545289,Long,17138
Facebook,Image,19,25687,1789,349,79,0.0863082493089889,Short,2217
Instagram,Text,64,296725,29486,3588,2567,0.1201145842109697,Medium,35641
Twitter,Image,64,170465,13003,1371,1464,0.09291056815182,Medium,15838
Instagram,Video,10,275436,19308,1338,1099,0.0789475595056564,Short,21745
Instagram,Video,56,286772,23899,4541,3081,0.1099165887883057,Medium,31521
Instagram,Video,16,150750,3883,535,471,0.0324311774461028,Short,4889
Facebook,Video,23,172887,16448,3259,585,0.1173714622846136,Short,20292
Twitter,Video,100,28477,709,53,34,0.0279523826245742,Long,796
Instagram,Image,79,225598,2777,366,141,0.0145568666388886,Medium,3284
Facebook,Video,106,23010,1675,111,224,0.0873533246414602,Long,2010
Twitter,Image,101,67146,1786,229,79,0.0311857742829059,Long,2094
Facebook,Video,6,61133,4785,877,482,0.1005021837632702,Short,6144
Facebook,Image,59,241934,19730,1310,561,0.0892846809460431,Medium,21601
Twitter,Image,19,42643,1334,120,122,0.036958000140703,Short,1576
Instagram,Image,68,184065,3277,499,125,0.0211936000869258,Medium,3901
Facebook,Text,104,244191,13448,826,1275,0.0636755654385296,Long,15549
Facebook,Image,73,237855,21435,2531,1453,0.106867629438103,Medium,25419
Instagram,Image,19,161150,13900,1389,1372,0.1033881476884889,Short,16661
Instagram,Video,47,70708,1452,255,103,0.0255982349946257,Medium,1810
Twitter,Image,78,19270,1865,106,244,0.1149455111572392,Medium,2215
Twitter,Image,21,95644,3228,579,382,0.0437978336330559,Short,4189
Twitter,Text,102,83580,3463,538,449,0.0532424024886336,Long,4450
Instagram,Video,28,142335,3332,315,162,0.02676081076334,Short,3809
Facebook,Text,78,23752,1045,83,41,0.0492169080498484,Medium,1169
Facebook,Text,34,14621,982,189,90,0.0862458108200533,Short,1261
Twitter,Text,71,44369,2464,327,328,0.0702968288670017,Medium,3119
Instagram,Image,55,77592,6554,666,225,0.0959506134653057,Medium,7445
Facebook,Text,64,63267,4284,242,215,0.0749363807356125,Medium,4741
Twitter,Text,105,88873,2996,224,350,0.040169680330359,Long,3570
Facebook,Video,7,127790,7689,1074,618,0.0734094999608733,Short,9381
Facebook,Video,108,17245,272,34,26,0.0192519570890113,Long,332
Instagram,Video,9,299820,18670,3055,1809,0.0784937629244213,Short,23534
Instagram,Video,32,118982,5362,939,394,0.0562690154813333,Short,6695
Facebook,Text,112,199868,3768,412,421,0.0230201933275962,Long,4601
Twitter,Video,82,185576,6990,455,914,0.0450435401129456,Long,8359
Instagram,Image,107,137424,12481,2105,1722,0.118669228082431,Long,16308
Facebook,Text,15,8243,517,68,13,0.0725464030086133,Short,598
Instagram,Video,76,181405,16561,3262,1523,0.1176704059976296,Medium,21346
Instagram,Text,105,64484,3028,513,76,0.0560914335338998,Long,3617
Instagram,Video,76,89926,8821,876,1209,0.1212774948290816,Medium,10906
Facebook,Text,80,96730,4101,468,310,0.050439367311072,Long,4879
Twitter,Video,19,51974,4059,346,556,0.095451571939816,Short,4961
Twitter,Image,87,98383,3688,467,163,0.0438896963906365,Long,4318
Twitter,Video,52,67702,1322,207,54,0.0233818794127204,Medium,1583
Instagram,Text,50,115827,9842,1396,1359,0.1087570255639876,Medium,12597
Facebook,Text,32,151511,11913,1206,1691,0.0977486783137858,Short,14810
Instagram,Image,11,9286,778,134,93,0.1082274391557182,Short,1005
Twitter,Text,108,71543,2645,173,129,0.0411920103993402,Long,2947
Twitter,Image,75,16992,1246,88,52,0.0815677966101695,Medium,1386
Facebook,Text,98,65052,1938,214,227,0.0365707434052757,Long,2379
Instagram,Text,86,242134,2667,414,273,0.0138518341083862,Long,3354
Twitter,Image,92,142795,12563,1936,1675,0.1132672712629994,Long,16174
Facebook,Text,10,96640,5519,579,308,0.0662872516556291,Short,6406
Instagram,Text,62,70183,6915,1068,403,0.1194876252083838,Medium,8386
Instagram,Image,119,150662,6727,397,774,0.0524219776718747,Long,7898
Twitter,Video,72,83174,7994,747,438,0.1103590064202755,Medium,9179
Twitter,Image,59,47002,3071,473,246,0.0806348666014212,Medium,3790
Instagram,Text,71,227156,12743,988,1116,0.0653603690855623,Medium,14847
Instagram,Video,53,242265,9025,739,965,0.0442862155078116,Medium,10729
Twitter,Video,55,145088,12227,770,791,0.0950319805910895,Medium,13788
Instagram,Video,63,184255,15586,1631,2050,0.1045670402431413,Medium,19267
Twitter,Image,115,137816,6549,1137,473,0.0592021245718929,Long,8159
Instagram,Video,10,115269,8697,1525,220,0.0905881026121507,Short,10442
Twitter,Video,94,101306,5090,912,146,0.0606874222652162,Long,6148
Facebook,Video,112,180429,13815,766,2021,0.0920140332208237,Long,16602
Twitter,Text,55,32239,3207,638,323,0.129284407084587,Medium,4168
Twitter,Image,42,98001,3295,413,276,0.0406526464015673,Medium,3984
Facebook,Image,15,146994,9858,1783,1311,0.0881124399635359,Short,12952
Instagram,Text,56,65631,2900,538,328,0.0573814203653761,Medium,3766
Facebook,Video,97,18373,1090,138,47,0.0693953083328797,Long,1275
Twitter,Text,24,7156,634,36,13,0.0954443823365008,Short,683
Instagram,Text,14,174623,7208,1006,1064,0.0531316035115649,Short,9278
Facebook,Video,30,41463,684,68,69,0.0198007862431565,Short,821
Instagram,Video,52,115661,9473,767,776,0.0952438592092408,Medium,11016
Instagram,Image,95,145725,8736,675,1247,0.0731377594784697,Long,10658
Facebook,Video,118,222406,11219,1502,762,0.060623364477577,Long,13483
Instagram,Text,18,290212,7690,505,876,0.031256460794178,Short,9071
Facebook,Text,104,168859,3099,536,331,0.0234870513268466,Long,3966
Twitter,Video,63,158745,5569,468,601,0.0418154902516614,Medium,6638
Instagram,Image,16,152227,11371,1505,1228,0.0926511065711076,Short,14104
Twitter,Text,27,2570,120,8,2,0.0505836575875486,Short,130
Twitter,Video,89,108226,6636,1187,843,0.0800731801969951,Long,8666
Instagram,Image,76,86736,1507,231,210,0.0224589559121933,Medium,1948
Facebook,Image,43,191564,4040,327,316,0.0244461381052807,Medium,4683
Instagram,Text,13,147841,1628,256,151,0.0137647878464025,Short,2035
Twitter,Text,92,40921,2888,180,179,0.0793480120231665,Long,3247
Twitter,Image,99,152147,5142,852,627,0.0435171248858012,Long,6621
Facebook,Image,29,92589,8983,1109,1039,0.1202194645152232,Short,11131
Instagram,Image,21,15301,577,39,66,0.0445722501797268,Short,682
Twitter,Video,46,126798,5417,718,625,0.0533131437404375,Medium,6760
Twitter,Text,33,188073,9827,787,475,0.0589611480648471,Short,11089
Twitter,Image,64,181431,7025,1060,243,0.0459017477718802,Medium,8328
Facebook,Text,71,58119,4856,758,293,0.1016362979404325,Medium,5907
Twitter,Text,89,71191,6325,1038,599,0.111839979772724,Long,7962
Twitter,Text,61,18347,201,37,14,0.0137352155665776,Medium,252
Instagram,Image,76,126359,8708,1290,456,0.0827325319130414,Medium,10454
Instagram,Video,18,27053,1940,240,44,0.0822089971537352,Short,2224
Twitter,Image,43,61056,5893,1049,210,0.1171383647798742,Medium,7152
Twitter,Text,20,60688,2629,486,88,0.0527781439493804,Short,3203
Instagram,Image,22,131385,3622,605,522,0.0361456787304486,Short,4749
Facebook,Image,99,146376,8321,1592,1008,0.0746092255561021,Long,10921
Facebook,Text,79,107816,5420,1067,194,0.0619666839801142,Medium,6681
Facebook,Text,106,34403,2795,245,225,0.0949045141412086,Long,3265
Facebook,Image,24,116547,10647,825,1118,0.1080250885908689,Short,12590
Facebook,Image,50,110078,1959,229,283,0.0224477188902414,Medium,2471
Facebook,Image,49,105654,9106,1817,500,0.1081170613512029,Medium,11423
Facebook,Image,8,79418,7291,461,396,0.1025963887279961,Short,8148
Facebook,Video,88,171496,15978,2505,1499,0.1165158371040724,Long,19982
Instagram,Image,99,133391,10509,1866,1381,0.1031253982652502,Long,13756
Facebook,Video,24,208119,15980,3187,900,0.0964207977166909,Short,20067
Facebook,Text,15,220307,2498,357,90,0.0133677096052326,Short,2945
Facebook,Video,118,155250,14409,1541,786,0.1078003220611916,Long,16736
Twitter,Text,69,150893,6282,470,492,0.0480075285135824,Medium,7244
Instagram,Video,112,5714,78,15,5,0.0171508575428771,Long,98
Instagram,Text,22,249465,11766,2219,1552,0.0622812819433587,Short,15537
Instagram,Image,43,249539,18954,3235,2702,0.0997479351924949,Medium,24891
Facebook,Video,48,132196,6580,1260,455,0.0627477382069049,Medium,8295
Facebook,Video,101,117312,9176,542,1165,0.0927697081287506,Long,10883
Twitter,Text,104,74882,4181,605,120,0.0655164124889826,Long,4906
Instagram,Text,22,160196,5918,539,544,0.0437027141751354,Short,7001
Facebook,Video,51,223656,6320,1041,809,0.0365293128733412,Medium,8170
Instagram,Text,35,91951,4404,283,327,0.0545290426422768,Short,5014
Twitter,Image,103,19511,257,22,9,0.0147609041053764,Long,288
Twitter,Video,43,56588,2717,482,154,0.0592528451261751,Medium,3353
Twitter,Image,42,79567,1287,209,108,0.0201591111893121,Medium,1604
Instagram,Video,83,147287,13098,2603,1698,0.1181299096322146,Long,17399
Facebook,Image,51,145923,9017,1321,1057,0.0780891291982758,Medium,11395
Facebook,Video,74,167622,11422,1090,352,0.0767441028027347,Medium,12864
Twitter,Text,12,118867,4278,565,389,0.0440155804386415,Short,5232
Facebook,Video,108,58958,1787,342,238,0.0401472234471997,Long,2367
Twitter,Image,90,134250,9895,1462,940,0.0915977653631285,Long,12297
Instagram,Video,69,204014,14370,2618,408,0.0852686580332722,Medium,17396
Twitter,Image,17,179386,3774,201,479,0.0248291393977233,Short,4454
Instagram,Image,59,89727,2824,297,389,0.0391186599351365,Medium,3510
Twitter,Image,92,112756,10733,2042,757,0.1200113519457944,Long,13532
Facebook,Text,89,218756,8176,456,493,0.0417131415824023,Long,9125
Facebook,Video,113,34146,420,53,38,0.0149651496514965,Long,511
Twitter,Image,47,70260,1105,112,163,0.0196413321947053,Medium,1380
Facebook,Text,8,169375,13515,1985,1741,0.1017918819188191,Short,17241
Facebook,Image,75,209748,16390,1218,2055,0.0937458283273261,Medium,19663
Facebook,Video,64,188085,8344,1234,376,0.052922880612489,Medium,9954
Instagram,Text,16,90066,2142,425,292,0.0317433881819998,Short,2859
Facebook,Image,63,222570,12203,1106,1126,0.0648560003594374,Medium,14435
Instagram,Image,81,80547,3211,382,446,0.0501446360510012,Long,4039
Twitter,Image,58,57103,2492,135,260,0.0505577640404181,Medium,2887
Facebook,Video,48,220214,7374,848,947,0.0416367715040823,Medium,9169
Facebook,Text,20,146736,2297,254,95,0.0180323846908734,Short,2646
Facebook,Text,10,117008,9501,1279,1062,0.1012067550936688,Short,11842
Twitter,Text,18,70624,4635,410,247,0.0749320344358858,Short,5292
Instagram,Image,119,46456,3954,392,165,0.0971026347511623,Long,4511
Instagram,Text,116,275808,15248,2157,1442,0.06833376841861,Long,18847
Facebook,Image,62,111384,10987,2046,1080,0.1267058105293399,Medium,14113
Twitter,Video,35,185606,17934,1529,1502,0.1129543225973298,Short,20965
Twitter,Text,104,108229,3729,565,117,0.0407561744079682,Long,4411
Twitter,Image,105,68696,3079,395,159,0.0528851752649353,Long,3633
Twitter,Text,45,143786,11178,734,565,0.0867747903133824,Medium,12477
Twitter,Text,39,6312,504,67,30,0.0952154626108998,Short,601
Instagram,Video,14,111691,10271,1605,1044,0.1156762854661521,Short,12920
Instagram,Text,85,121936,8381,1171,644,0.083617635480908,Long,10196
Instagram,Video,119,186775,9854,647,1437,0.0639164770445723,Long,11938
Facebook,Text,110,38215,1681,299,37,0.0527803218631427,Long,2017
Twitter,Text,34,89564,4274,239,205,0.0526774150328256,Short,4718
Facebook,Text,48,230917,19982,1706,1889,0.1021016209287319,Medium,23577
Twitter,Text,59,104613,10273,1462,1379,0.1253572691730473,Medium,13114
Instagram,Text,75,127184,1866,154,45,0.0162363190338407,Medium,2065
Facebook,Text,22,175150,10898,711,1469,0.0746674279189266,Short,13078
Instagram,Video,87,41264,2343,297,201,0.0688493602171384,Long,2841
Twitter,Video,83,167556,7347,1163,897,0.0561424240254004,Long,9407
Twitter,Image,107,94995,8230,918,1179,0.108710984788673,Long,10327
Twitter,Text,112,88857,5492,849,263,0.0743216628965641,Long,6604
Instagram,Video,90,250108,9549,1710,920,0.0486949637756489,Long,12179
Twitter,Text,43,101976,5095,987,687,0.0663783635365184,Medium,6769
Instagram,Text,46,178234,7505,637,973,0.051140635344547,Medium,9115
Facebook,Video,58,201063,9793,1378,859,0.0598319929574312,Medium,12030
Twitter,Text,34,90465,1484,133,212,0.0202177637760459,Short,1829
Twitter,Video,24,116644,2341,422,262,0.0259336099585062,Short,3025
Twitter,Video,100,41794,2763,507,243,0.0840551275302675,Long,3513
Facebook,Image,46,32237,2307,226,63,0.0805285851661134,Medium,2596
Twitter,Image,93,115742,7788,1143,649,0.0827702994591418,Long,9580
Instagram,Image,91,204079,16056,2940,1201,0.098966576668839,Long,20197
Instagram,Image,9,18417,1748,220,104,0.1125047510452299,Short,2072
Twitter,Text,54,54328,4751,750,677,0.1137166838462671,Medium,6178
Twitter,Text,45,139845,6665,1133,935,0.0624477099646036,Medium,8733
Facebook,Image,98,148277,4385,792,279,0.0367959966818859,Long,5456
Facebook,Video,116,105116,4001,509,306,0.045816050839073,Long,4816
Facebook,Video,43,58443,3675,702,432,0.0822853036291771,Medium,4809
Twitter,Video,61,187135,16291,2351,2094,0.1108077056670318,Medium,20736
Facebook,Video,95,50119,3666,266,125,0.0809473453181428,Long,4057
Facebook,Text,61,36668,2158,306,180,0.0721064688556779,Medium,2644
Instagram,Video,110,218184,14000,1326,1944,0.0791533751329153,Long,17270
Facebook,Video,41,5770,332,35,35,0.0696707105719237,Medium,402
Instagram,Image,11,198609,19353,3315,1753,0.1229601881082931,Short,24421
Instagram,Video,9,180380,15052,2950,1706,0.1092582326200243,Short,19708
Facebook,Text,83,40948,3288,593,348,0.1032773273419947,Long,4229
Instagram,Video,55,118612,6708,663,955,0.0701952584898661,Medium,8326
Twitter,Video,110,183174,7301,861,1012,0.0500835271381309,Long,9174
Twitter,Text,12,136678,1606,317,115,0.0149109586034328,Short,2038
Facebook,Image,60,83214,1157,218,27,0.0168481265171725,Medium,1402
Twitter,Text,77,121726,1548,304,97,0.0160113697977424,Medium,1949
Instagram,Image,15,55373,5440,625,252,0.1140808697379589,Short,6317
Twitter,Video,26,16388,332,56,12,0.0244081034903588,Short,400
Facebook,Image,102,85570,1950,352,264,0.0299871450274628,Long,2566
Facebook,Image,103,111814,5990,339,672,0.0626129107267426,Long,7001
Instagram,Image,81,298064,15894,1429,385,0.0594100595845187,Long,17708
Facebook,Video,15,169265,15707,2866,2192,0.1226774584231825,Short,20765
Twitter,Image,64,148083,2460,266,337,0.0206843459411276,Medium,3063
Facebook,Image,100,100883,9700,890,1391,0.1187613373908389,Long,11981
Instagram,Video,110,63266,1864,169,238,0.0358960579142035,Long,2271
Facebook,Text,19,120847,11760,1250,355,0.1105943879450876,Short,13365
Twitter,Text,42,13106,769,66,77,0.0695864489546772,Medium,912
Instagram,Text,5,26786,1839,92,56,0.0741805420742178,Short,1987
Twitter,Video,50,189924,7296,553,822,0.0456551041469219,Medium,8671
Instagram,Video,118,284088,18483,3371,843,0.0798942581172031,Long,22697
Facebook,Text,92,76917,5689,349,805,0.0889660283162369,Long,6843
Instagram,Image,47,177236,1937,216,273,0.0136879640705048,Medium,2426
Instagram,Text,108,212815,2783,329,270,0.0158917369546319,Long,3382
Facebook,Video,26,162787,16080,2680,1894,0.1268774533592977,Short,20654
Twitter,Image,7,187323,9587,842,1261,0.0624055775318567,Short,11690
Facebook,Image,18,202979,19125,1844,1350,0.1099571876893668,Short,22319
Instagram,Video,6,273988,20738,1081,1976,0.0868468692059506,Short,23795
Facebook,Image,65,242273,10555,1957,452,0.0535098834785551,Medium,12964
Instagram,Text,36,212484,5009,765,741,0.0306611321323017,Short,6515
Facebook,Video,116,222939,21855,1954,3077,0.120598011115148,Long,26886
Facebook,Video,42,171246,10720,1963,888,0.0792485663898718,Medium,13571
Twitter,Video,101,47933,1309,82,120,0.0315231677549913,Long,1511
Instagram,Video,50,18144,1294,136,99,0.0842702821869488,Medium,1529
Twitter,Image,46,9649,176,23,3,0.0209348118976059,Medium,202
Instagram,Video,10,188746,16632,2092,829,0.103594248354932,Short,19553
Facebook,Video,45,106955,1937,287,64,0.0213921742789023,Medium,2288
Instagram,Image,107,17818,556,52,34,0.0360309799079582,Long,642
Twitter,Video,29,38880,708,115,35,0.0220679012345679,Short,858
Twitter,Image,102,62109,1201,133,142,0.0237646717866975,Long,1476
Twitter,Image,15,170405,9737,669,833,0.0659546374812945,Short,11239
Instagram,Video,114,162788,11692,1883,1475,0.0924515320539597,Long,15050
Twitter,Text,105,33297,2695,503,276,0.1043337237588972,Long,3474
Twitter,Video,45,21062,1528,159,160,0.0876934764030006,Medium,1847
Twitter,Text,75,31492,1345,186,180,0.0543312587323764,Medium,1711
Facebook,Image,61,241151,14506,2221,1887,0.0771881518218875,Medium,18614
Facebook,Text,50,89861,8401,1467,237,0.1124514527993233,Medium,10105
Instagram,Video,116,192553,8642,688,822,0.0527231463545101,Long,10152
Instagram,Video,90,211796,6929,938,510,0.0395522106177642,Long,8377
Twitter,Text,52,199449,11316,1822,1108,0.0714267807810518,Medium,14246
Facebook,Video,67,144639,5316,424,702,0.0445384716431944,Medium,6442
Twitter,Text,43,38806,1302,157,28,0.0383188166778333,Medium,1487
Twitter,Image,14,102108,8178,978,175,0.0913836330160222,Short,9331
Facebook,Text,89,77457,6984,1228,196,0.1085505506280904,Long,8408
Facebook,Text,74,72885,4023,670,538,0.0717705975166358,Medium,5231
Facebook,Text,117,78191,6269,531,413,0.0922484684938164,Long,7213
Instagram,Text,69,52674,1413,120,96,0.0309260735846907,Medium,1629
Instagram,Image,102,85415,5064,802,328,0.0725165369080372,Long,6194
Twitter,Image,63,45127,3035,488,151,0.0814146741418662,Medium,3674
Instagram,Image,82,208265,11279,866,282,0.0596691714882481,Long,12427
Facebook,Text,40,248365,5096,569,702,0.0256356571980754,Medium,6367
Facebook,Image,31,184796,14057,2444,706,0.09311348730492,Short,17207
Instagram,Video,77,112889,9653,597,1314,0.1024369070502883,Medium,11564
Twitter,Image,59,50544,3395,360,489,0.0839664450775561,Medium,4244
Twitter,Text,74,149712,3776,553,358,0.0313067756759645,Medium,4687
Instagram,Video,99,37895,633,104,43,0.0205831903945111,Long,780
Twitter,Text,85,109878,4081,603,487,0.0470612861537341,Long,5171
Twitter,Video,57,97387,1298,142,30,0.015094417119328,Medium,1470
Twitter,Text,111,13920,1190,236,167,0.1144396551724137,Long,1593
Facebook,Text,64,214000,15680,881,1145,0.0827383177570093,Medium,17706
Facebook,Video,65,83453,5068,629,304,0.0719087390507231,Medium,6001
Instagram,Image,40,166715,15015,1899,548,0.1047416249287706,Medium,17462
Facebook,Video,89,32227,641,55,92,0.0244515468396065,Long,788
Twitter,Video,31,25251,1876,251,235,0.093540849867332,Short,2362
Facebook,Video,45,27238,631,52,72,0.0277186283868125,Medium,755
Instagram,Video,32,65044,1007,117,142,0.0194637476169977,Short,1266
Facebook,Video,20,161795,3553,407,514,0.0276522760283074,Short,4474
Twitter,Text,39,36973,3534,586,194,0.1166797392691964,Short,4314
Twitter,Text,40,96292,4779,914,584,0.0651871391185145,Medium,6277
Instagram,Image,60,144585,2083,167,249,0.0172839506172839,Medium,2499
Facebook,Image,103,177388,11091,2204,1025,0.0807269939342007,Long,14320
Facebook,Video,113,164297,4596,878,181,0.0344193746690444,Long,5655
Facebook,Image,23,138451,1469,98,208,0.0128204202208723,Short,1775
Twitter,Image,61,108371,8480,1584,517,0.0976368216589309,Medium,10581
Instagram,Video,89,147377,3527,475,335,0.0294279297312335,Long,4337
Facebook,Text,37,34722,3292,598,74,0.1141639306491561,Short,3964
Twitter,Text,27,79684,5048,968,382,0.0802921540083329,Short,6398
Twitter,Image,67,57429,1023,182,102,0.0227585366278361,Medium,1307
Twitter,Text,74,80437,2381,262,165,0.0349093079055658,Medium,2808
Facebook,Text,100,210496,13677,1990,1121,0.0797544846457889,Long,16788
Facebook,Image,26,229707,9287,1111,417,0.0470817171440138,Short,10815
Facebook,Video,71,176548,10220,1072,669,0.0677492806488886,Medium,11961
Facebook,Image,103,178325,14614,1280,1666,0.0984718912098696,Long,17560
Facebook,Image,84,154780,12588,1463,1838,0.102655381832278,Long,15889
Facebook,Image,110,115421,8404,1436,680,0.0911445924051949,Long,10520
Facebook,Video,63,199035,17862,3154,1950,0.1153867410254477,Medium,22966
Facebook,Video,29,30621,855,165,125,0.0373926390385683,Short,1145
Facebook,Video,21,164073,4257,398,513,0.0314981745930165,Short,5168
Twitter,Video,43,16220,1329,196,28,0.0957459926017262,Medium,1553
Facebook,Image,81,93230,3624,558,513,0.0503593263970824,Long,4695
Instagram,Text,96,86757,4866,382,645,0.0679253547264197,Long,5893
Twitter,Image,79,107385,8263,867,456,0.0892675885831354,Medium,9586
Facebook,Video,78,70907,3235,327,141,0.0522233347906412,Medium,3703
Instagram,Text,43,175142,3803,752,520,0.0289764876500211,Medium,5075
Facebook,Image,28,42150,2999,581,328,0.0927164887307236,Short,3908
Instagram,Text,42,246983,20634,3575,1048,0.1022620990108631,Medium,25257
Instagram,Video,92,114756,1279,154,144,0.0137422008435288,Long,1577
Instagram,Text,101,32161,1949,174,191,0.0719504990516464,Long,2314
Instagram,Text,85,157252,8215,1539,494,0.0651692824256607,Long,10248
Twitter,Video,61,20825,694,62,64,0.03937575030012,Medium,820
Twitter,Text,48,94811,2322,297,205,0.0297855734039299,Medium,2824
Instagram,Image,40,156957,4225,366,364,0.0315691558834585,Medium,4955
Facebook,Text,103,104351,7852,1536,685,0.096529980546425,Long,10073
Instagram,Image,74,51260,2986,168,59,0.0626804525946156,Medium,3213
Twitter,Text,84,143332,14090,1072,773,0.1111754527949097,Long,15935
Facebook,Text,49,189018,6027,992,458,0.0395570792199684,Medium,7477
Twitter,Video,96,179734,17276,1256,631,0.1066186698120555,Long,19163
Twitter,Video,109,39018,2199,432,258,0.0740427495002306,Long,2889
Facebook,Image,100,189171,4377,429,569,0.0284134460355974,Long,5375
Instagram,Video,30,198378,4629,869,584,0.03065864158324,Short,6082
Instagram,Video,15,291913,18907,2823,1507,0.0796024843018296,Short,23237
Instagram,Video,56,171286,14529,2108,1595,0.1064418574781359,Medium,18232
Instagram,Video,29,37492,2897,542,86,0.0940200576122906,Short,3525
Facebook,Video,35,66767,4607,585,211,0.080923210568095,Short,5403
Facebook,Image,89,223115,5687,626,148,0.0289581605898303,Long,6461
Facebook,Image,49,65473,1293,106,188,0.0242389992821468,Medium,1587
Twitter,Video,119,118087,1183,84,111,0.0116693624192332,Long,1378
Facebook,Video,71,112015,2146,362,91,0.023202249698701,Medium,2599
Instagram,Image,80,93215,7361,509,824,0.0932682508180014,Long,8694
Twitter,Text,119,5687,515,56,43,0.1079655354316863,Long,614
Instagram,Image,44,185207,5858,652,447,0.0375633750344209,Medium,6957
Instagram,Text,50,78400,6392,956,886,0.1050255102040816,Medium,8234
Facebook,Video,58,74663,2082,191,233,0.0335641482394224,Medium,2506
Facebook,Video,45,98009,3178,558,348,0.0416696425838443,Medium,4084
Instagram,Image,93,164645,4968,403,162,0.0336056363691578,Long,5533
Instagram,Video,85,271410,3977,669,127,0.0175859400906377,Long,4773
Twitter,Text,42,39713,1090,193,115,0.0352025785007428,Medium,1398
Facebook,Text,104,143057,6239,492,251,0.0488057207966055,Long,6982
Twitter,Image,40,24068,1118,191,88,0.0580438756855575,Medium,1397
Twitter,Text,87,92236,3491,548,328,0.0473459386790407,Long,4367
Twitter,Image,48,141438,7966,1443,561,0.0704902501449398,Medium,9970
Instagram,Image,61,74384,3274,414,101,0.0509383738438373,Medium,3789
Twitter,Text,70,32472,3160,268,368,0.11690071446169,Medium,3796
Twitter,Text,85,136528,11285,2108,1524,0.1092596390484003,Long,14917
Instagram,Text,34,220750,20703,3488,849,0.1134314835787089,Short,25040
Facebook,Text,115,146103,8790,467,1151,0.0712374147005879,Long,10408
Facebook,Text,14,88675,6300,1202,771,0.0932957428813081,Short,8273
Twitter,Text,103,153098,3827,735,357,0.0321297469594638,Long,4919
Instagram,Text,65,45887,3567,368,347,0.0933161897705232,Medium,4282
Facebook,Video,67,162849,5086,261,532,0.0361009278534102,Medium,5879
Twitter,Image,40,176002,4070,540,359,0.0282326337200713,Medium,4969
Twitter,Image,58,134732,1854,346,240,0.0181100258290532,Medium,2440
Instagram,Text,101,294295,15450,1060,1261,0.060384987852325,Long,17771
Twitter,Image,69,26613,953,132,86,0.0440010521173862,Medium,1171
Facebook,Text,86,228674,22594,3609,559,0.1170312322345347,Long,26762
Instagram,Video,8,70266,2282,160,99,0.0361625821876867,Short,2541
Facebook,Image,59,212816,18725,2377,2574,0.1112510337568603,Medium,23676
Facebook,Image,58,112020,4310,272,154,0.0422781646134618,Medium,4736
Facebook,Video,115,57738,4470,597,614,0.09839273961689,Long,5681
Twitter,Video,95,178849,12409,1443,1274,0.084574137959955,Long,15126
Twitter,Video,93,32702,1980,177,276,0.0743991193199192,Long,2433
Facebook,Image,68,222450,10569,1880,1330,0.0619420094403236,Medium,13779
Facebook,Image,96,127188,8953,960,1186,0.0872645218102336,Long,11099
Instagram,Video,26,82263,3837,594,338,0.057972600075368,Short,4769
Instagram,Video,110,264751,15707,2648,1999,0.0768797851566188,Long,20354
Twitter,Video,29,132311,8346,640,666,0.0729493390572212,Short,9652
Twitter,Video,85,114225,3890,264,100,0.037242284963887,Long,4254
Instagram,Video,63,66804,2710,138,283,0.0468684509909586,Medium,3131
Facebook,Text,61,95340,1108,106,127,0.0140654499685336,Medium,1341
Twitter,Video,58,15021,1302,224,43,0.1044537647293788,Medium,1569
Facebook,Text,48,120611,9412,1561,1186,0.1008117004253343,Medium,12159
Instagram,Image,56,49001,1299,234,38,0.032060570192445,Medium,1571
Twitter,Image,80,152164,6479,1063,501,0.0528574432848768,Long,8043
Twitter,Text,20,161987,7758,415,647,0.0544488137936994,Short,8820
Instagram,Video,105,111726,4479,482,110,0.0453878237831838,Long,5071
Twitter,Image,20,184974,15138,770,432,0.0883367392174035,Short,16340
Instagram,Video,85,282883,21297,1180,1673,0.0853709837636054,Long,24150
Twitter,Video,59,75012,5929,722,358,0.0934383831920226,Medium,7009
Instagram,Text,65,18699,1708,177,215,0.1123054708807957,Medium,2100
Twitter,Image,99,135876,8636,1155,637,0.0767464452883511,Long,10428
Facebook,Image,83,182976,11949,716,402,0.0714137373207415,Long,13067
Facebook,Text,81,188668,14145,1955,573,0.088372166981152,Long,16673
Facebook,Video,44,184065,13125,784,1411,0.0832314671447586,Medium,15320
Twitter,Video,95,197438,17430,1979,2501,0.1109715454978271,Long,21910
Twitter,Image,25,40343,3199,329,425,0.0979847805071511,Short,3953
Facebook,Text,70,145847,3039,254,111,0.0233395270386089,Medium,3404
Facebook,Text,12,111985,10476,1014,231,0.1046658034558199,Short,11721
Instagram,Video,110,191629,13697,685,321,0.0767263827500013,Long,14703
Instagram,Video,75,181946,3901,384,359,0.0255240565882184,Medium,4644
Instagram,Text,14,135025,10731,662,892,0.0909831512682836,Short,12285
Facebook,Image,61,121222,5122,963,111,0.0511128343040042,Medium,6196
Facebook,Video,8,34586,2854,174,78,0.0898051234603596,Short,3106
Facebook,Text,47,60009,5760,1111,863,0.128880667899815,Medium,7734
Instagram,Text,109,5607,184,22,26,0.0413768503656144,Long,232
Twitter,Text,104,39386,3433,435,125,0.1013812014421368,Long,3993
Facebook,Image,103,82625,6578,1106,271,0.0962783661119515,Long,7955
Twitter,Video,67,195724,13780,2126,1888,0.0909137356685945,Medium,17794
Twitter,Video,47,115872,5172,442,444,0.0522818282242474,Medium,6058
Twitter,Video,71,186184,3702,199,535,0.0238258926653203,Medium,4436
Instagram,Image,86,119235,6385,1064,559,0.0671614878181741,Long,8008
Twitter,Video,55,122300,2386,165,226,0.0227064595257563,Medium,2777
Facebook,Video,114,248170,13652,1907,663,0.0653664826530201,Long,16222
Instagram,Video,60,146295,12263,2347,1641,0.1110837690966882,Medium,16251
Facebook,Video,47,248961,24843,3289,3161,0.125694385867666,Medium,31293
Facebook,Image,28,25943,721,66,46,0.0321088540261342,Short,833
Instagram,Text,100,92051,2642,202,263,0.0337530282126212,Long,3107
Facebook,Text,38,98155,8144,440,524,0.0927920126330803,Short,9108
Facebook,Video,63,196932,10282,1475,825,0.063890073731034,Medium,12582
Instagram,Video,6,116541,10771,1440,1410,0.1168773221441381,Short,13621
Facebook,Video,6,247084,19571,2334,1448,0.0945144161499732,Short,23353
Twitter,Image,14,107849,8226,650,1063,0.0921566263943105,Short,9939
Facebook,Video,27,73880,1416,121,205,0.0235787763941526,Short,1742
Twitter,Image,19,167045,2209,428,163,0.016761950372654,Short,2800
Facebook,Video,80,209120,8052,427,1079,0.0457058148431522,Long,9558
Instagram,Video,111,172727,5105,533,303,0.0343953174662907,Long,5941
Instagram,Text,21,235706,17467,975,355,0.0797476517356367,Short,18797
Facebook,Video,86,77158,3901,307,120,0.056092692915835,Long,4328
Instagram,Image,18,127207,7261,1379,840,0.0745242007122249,Short,9480
Facebook,Text,85,105987,8822,639,291,0.0920112844028041,Long,9752
Instagram,Image,83,65461,3473,486,493,0.0680099601289317,Long,4452
Twitter,Text,80,20658,1219,124,161,0.072804724561913,Long,1504
Facebook,Image,20,125211,10744,1557,933,0.1056935892213942,Short,13234
Twitter,Text,36,38133,1861,330,177,0.0620984449164765,Short,2368
Twitter,Image,27,127275,2224,206,245,0.0210174818306815,Short,2675
Facebook,Image,106,23620,1345,83,154,0.0669771380186282,Long,1582
Twitter,Video,38,170139,10572,852,886,0.0723526058105431,Short,12310
Facebook,Text,102,203341,11399,1320,692,0.0659532509429972,Long,13411
Twitter,Text,20,162747,5407,688,747,0.0420407135000952,Short,6842
Facebook,Video,38,201273,6064,1159,157,0.0366666169829038,Short,7380
Facebook,Image,108,3860,167,8,11,0.0481865284974093,Long,186
Instagram,Image,75,120532,3008,492,320,0.0316928284604918,Medium,3820
Facebook,Text,37,30618,2141,130,290,0.0836436083349663,Short,2561
Facebook,Image,72,30916,2019,124,59,0.0712252555311165,Medium,2202
Twitter,Text,47,84056,5624,833,594,0.0838845531550395,Medium,7051
Facebook,Text,68,90667,2741,510,228,0.038371182458888,Medium,3479
Instagram,Image,75,27878,897,83,97,0.0386326135303823,Medium,1077
Twitter,Image,22,78960,6385,577,390,0.0931104356636271,Short,7352
Twitter,Image,72,40554,2924,417,328,0.0904719633081816,Medium,3669
Instagram,Video,117,162868,14457,2406,627,0.1073875776702605,Long,17490
Twitter,Text,65,142417,6596,1189,796,0.0602526383788452,Medium,8581
Twitter,Image,79,194590,11531,1008,1353,0.0713911300683488,Medium,13892
Twitter,Video,111,125858,9626,1550,1377,0.0997393888350363,Long,12553
Twitter,Image,24,125448,12253,1177,520,0.1112014539889037,Short,13950
Instagram,Text,15,229094,22695,2989,2584,0.1233903987009699,Short,28268
Instagram,Video,83,289728,28951,2276,1793,0.1139689639938148,Long,33020
Twitter,Text,50,13598,1225,88,69,0.1016325930283865,Medium,1382
Twitter,Image,68,151517,10237,1948,739,0.0852973593722156,Medium,12924
Instagram,Image,85,139802,1485,196,84,0.0126249982117566,Long,1765
Instagram,Image,102,16684,1217,61,63,0.0803764085351234,Long,1341
Instagram,Video,118,170635,5370,907,643,0.0405543997421396,Long,6920
Twitter,Video,116,143113,2167,332,240,0.0191387225479166,Long,2739
Twitter,Video,80,186537,13569,1341,464,0.0824179653366356,Long,15374
Facebook,Video,110,76723,5987,716,555,0.0946000547423849,Long,7258
Instagram,Image,32,66320,4599,540,289,0.0818455971049457,Short,5428
Twitter,Image,52,105144,4507,411,659,0.0530415430267062,Medium,5577
Instagram,Image,39,299768,16784,3307,1263,0.0712350884684155,Short,21354
Twitter,Video,12,5726,539,70,13,0.1086273140062871,Short,622
Instagram,Video,95,262512,19862,3666,1253,0.0943994941183641,Long,24781
Twitter,Image,26,183465,10167,1401,616,0.0664104870138718,Short,12184
Facebook,Image,28,135915,8618,1323,178,0.0744509436044586,Short,10119
Facebook,Video,70,57929,5415,294,451,0.1063370677898807,Medium,6160
Instagram,Text,99,201532,9157,1160,1261,0.0574499335093186,Long,11578
Twitter,Image,90,15754,301,47,37,0.0244382379078329,Long,385
Twitter,Image,68,161925,6367,434,694,0.0462868612011733,Medium,7495
Instagram,Image,69,100324,4752,721,307,0.0576133328017224,Medium,5780
Twitter,Video,18,6567,226,14,11,0.0382214100807065,Short,251
Instagram,Image,29,210908,12149,2078,784,0.0711732129648946,Short,15011
Twitter,Image,104,64118,2400,472,86,0.0461336910072054,Long,2958
Instagram,Image,104,299294,5772,831,190,0.0226967463430606,Long,6793
Twitter,Image,109,199863,5381,331,509,0.0311263215302482,Long,6221
Instagram,Image,7,261250,24200,3339,3044,0.1170641148325358,Short,30583
Twitter,Text,9,99364,6623,1067,218,0.0795861680286623,Short,7908
Facebook,Text,69,140534,5380,1022,342,0.0479883871518636,Medium,6744
Twitter,Image,58,29560,1271,72,45,0.0469553450608931,Medium,1388
Instagram,Image,23,89568,4872,810,294,0.0667202572347266,Short,5976
Facebook,Image,101,116246,8204,573,1049,0.0845276396607195,Long,9826
Twitter,Image,110,136443,8513,1435,208,0.0744340127379198,Long,10156
Facebook,Video,58,88349,8299,1521,864,0.1209294955234354,Medium,10684
Twitter,Video,98,126460,8386,1502,232,0.0800253044440929,Long,10120
Facebook,Video,80,188084,17298,2558,1305,0.1125082409987027,Long,21161
Instagram,Text,14,209228,2194,274,179,0.0126512703844609,Short,2647
Twitter,Image,102,4932,444,80,32,0.1127331711273317,Long,556
Twitter,Video,20,154542,11580,1480,1191,0.0922144142045528,Short,14251
Instagram,Image,108,14778,376,29,55,0.0311273514683989,Long,460
Facebook,Image,50,26033,876,167,47,0.0418699343141397,Medium,1090
Instagram,Text,33,146376,8614,913,855,0.0709269279116795,Short,10382
Instagram,Text,19,262589,5578,801,368,0.0256941456039666,Short,6747
Facebook,Video,52,207727,16760,1338,2512,0.0992167604596417,Medium,20610
Instagram,Video,15,248933,20214,1345,2903,0.0982674052857596,Short,24462
Twitter,Text,112,129441,4800,636,154,0.0431856985035653,Long,5590
Twitter,Text,38,147479,2401,319,351,0.0208233036567918,Short,3071
Twitter,Image,40,4521,447,47,51,0.1205485512054855,Medium,545
Instagram,Image,34,89622,2918,282,434,0.0405480797125705,Short,3634
Twitter,Video,103,119257,1917,203,230,0.0197053422440611,Long,2350
Twitter,Video,77,116647,4630,783,170,0.0478623539396641,Medium,5583
Twitter,Text,86,133855,13012,1348,1529,0.118703074222106,Long,15889
Twitter,Video,23,44666,3634,683,415,0.1059418797295482,Short,4732
Twitter,Image,107,149870,7977,534,332,0.0590044705411356,Long,8843
Twitter,Text,72,78303,2934,556,345,0.0489764121425743,Medium,3835
Instagram,Image,74,268247,12902,1979,1389,0.0606530548337912,Medium,16270
Twitter,Text,119,187115,2163,219,322,0.0144510060657884,Long,2704
Twitter,Text,37,72845,5438,277,546,0.085949619054156,Short,6261
Facebook,Image,100,168011,3186,542,235,0.0235877412788448,Long,3963
Instagram,Video,84,240784,13655,2668,1966,0.0759560435909362,Long,18289
Instagram,Video,79,279279,17015,3358,1729,0.0791394984943372,Medium,22102
Instagram,Video,26,198020,2010,228,131,0.0119634380365619,Short,2369
Instagram,Video,40,102580,10072,610,228,0.1063560148177032,Medium,10910
Twitter,Image,118,88481,3290,319,389,0.045184841943468,Long,3998
Twitter,Text,27,192828,3268,315,116,0.0191828987491443,Short,3699
Facebook,Image,67,246086,21383,1397,2995,0.1047398064091415,Medium,25775
Facebook,Video,30,42404,1003,129,145,0.0301150834826903,Short,1277
Instagram,Video,64,269733,3303,464,167,0.0145847931102238,Medium,3934
Facebook,Image,99,209639,11429,1820,396,0.0650880799851172,Long,13645
Facebook,Text,97,12695,275,15,26,0.0248916896415911,Long,316
Instagram,Image,9,217135,21370,1951,1021,0.1121053722338637,Short,24342
Instagram,Image,58,272866,2984,308,269,0.0130503617160071,Medium,3561
Facebook,Image,42,245778,3590,659,265,0.0183661678425245,Medium,4514
Twitter,Text,66,51874,4409,816,542,0.1111732274357096,Medium,5767
Facebook,Image,29,134913,4260,379,638,0.0391140957505948,Short,5277
Facebook,Image,102,152803,14064,1731,1116,0.1106719108918018,Long,16911
Twitter,Video,16,127101,4830,549,526,0.0464591151918553,Short,5905
Twitter,Image,26,2645,43,5,2,0.0189035916824196,Short,50
Instagram,Video,13,37116,406,37,53,0.0133635089988145,Short,496
Instagram,Video,88,45983,1629,194,40,0.0405149729247765,Long,1863
Facebook,Video,33,32402,1705,122,143,0.060798716128634,Short,1970
Twitter,Text,48,51158,516,80,22,0.0120802220571562,Medium,618
Instagram,Video,97,281052,17509,1846,752,0.0715419210679874,Long,20107
Facebook,Image,113,63269,2532,332,226,0.0488390839115522,Long,3090
Twitter,Image,31,44231,1995,280,119,0.0541249350003391,Short,2394
Facebook,Video,59,48221,1616,283,128,0.042035627631115,Medium,2027
Instagram,Video,85,43398,2500,155,149,0.0646112724088667,Long,2804
Instagram,Image,9,67372,2069,253,163,0.0368847592471649,Short,2485
Twitter,Video,56,37324,826,152,47,0.0274622226985317,Medium,1025
Facebook,Text,113,153410,13831,1375,1721,0.1103383091063164,Long,16927
Twitter,Video,17,140459,6341,739,586,0.0545782043158501,Short,7666
Instagram,Text,46,162247,2745,172,112,0.0186690663001473,Medium,3029
Instagram,Text,19,35795,1099,178,23,0.0363179214974158,Short,1300
Facebook,Text,83,242234,9179,576,204,0.0411131385354657,Long,9959
Facebook,Video,22,130799,10368,1499,775,0.0966521150773324,Short,12642
Facebook,Text,54,246006,2952,313,179,0.0139996585449135,Medium,3444
Twitter,Text,6,132920,7050,710,381,0.0612473668371953,Short,8141
Facebook,Video,91,171501,8007,1103,808,0.0578305665856175,Long,9918
Facebook,Text,111,66105,6422,867,807,0.1224718251266923,Long,8096
Instagram,Video,17,270945,7100,786,200,0.029843695214896,Short,8086
Instagram,Image,111,256393,17052,1564,584,0.074885039763176,Long,19200
Facebook,Text,72,141485,3989,503,271,0.0336643460437502,Medium,4763
Facebook,Video,51,249923,14834,1336,1148,0.0692933423494436,Medium,17318
Instagram,Image,93,22665,1358,88,96,0.0680344142951687,Long,1542
Facebook,Text,79,210464,3531,599,363,0.0213480690284324,Medium,4493
Twitter,Text,54,98636,5038,782,157,0.0605965367614258,Medium,5977
Twitter,Video,116,111391,5737,359,483,0.0590622222621217,Long,6579
Twitter,Image,110,10187,394,29,49,0.0463335623834298,Long,472
Facebook,Video,16,67989,2375,154,334,0.0421097530482872,Short,2863
Instagram,Text,17,30784,929,156,86,0.0380392411642411,Short,1171
Facebook,Text,13,52454,552,91,20,0.0126396461661646,Short,663
Facebook,Text,63,147877,1502,167,172,0.0124495357628299,Medium,1841
Instagram,Text,49,125451,7913,1370,977,0.0817849200086089,Medium,10260
Instagram,Image,106,47186,1709,335,77,0.0449497732378247,Long,2121
Instagram,Image,74,258940,6501,1271,702,0.032725727967869,Medium,8474
Twitter,Video,111,75111,5379,1060,758,0.0958181890801613,Long,7197
Facebook,Video,119,110729,6378,1128,723,0.0743165747003946,Long,8229
Instagram,Video,47,240354,22195,1832,1642,0.1067966416202767,Medium,25669
Facebook,Text,78,246812,20927,1226,1623,0.0963324311621801,Medium,23776
Twitter,Video,27,30093,2269,389,68,0.0905858505300235,Short,2726
Twitter,Image,83,76625,1639,157,144,0.0253181076672104,Long,1940
Instagram,Video,49,231062,16162,1626,2009,0.0856783027931897,Medium,19797
Instagram,Video,27,27474,1990,121,292,0.087464511902162,Short,2403
Facebook,Image,108,11154,877,137,63,0.0965572888649811,Long,1077
Instagram,Image,105,158136,5326,610,407,0.0401110436586229,Long,6343
Facebook,Text,38,227494,15384,1240,417,0.0749074700871231,Short,17041
Instagram,Image,20,165470,10862,1606,1311,0.0832718921858947,Short,13779
Facebook,Image,67,104666,4676,921,529,0.0585290352167848,Medium,6126
Facebook,Video,113,177941,12405,1547,897,0.0834490083791818,Long,14849
Facebook,Image,55,12646,225,31,25,0.0222204649691602,Medium,281
Facebook,Text,109,62671,4256,316,429,0.0797976735651258,Long,5001
Twitter,Video,115,192779,12442,922,1492,0.0770623356278432,Long,14856
Facebook,Text,36,119700,3466,411,210,0.0341436925647452,Short,4087
Instagram,Image,42,30391,2541,449,265,0.1071040768648613,Medium,3255
Twitter,Text,108,161894,14359,2676,1455,0.1142105328177696,Long,18490
Twitter,Text,60,116059,3359,491,106,0.0340861113743871,Medium,3956
Facebook,Image,114,40872,688,71,38,0.0194999021334899,Long,797
Twitter,Image,73,77048,4955,805,653,0.083233828262901,Medium,6413
Facebook,Video,21,163412,8692,815,350,0.0603199275451007,Short,9857
Instagram,Video,90,86605,4198,348,291,0.0558512787945268,Long,4837
Facebook,Video,43,117610,9231,1562,454,0.0956296233313493,Medium,11247
Twitter,Image,45,116559,11337,1844,433,0.1167992175636373,Medium,13614
Instagram,Text,52,140574,7448,1357,281,0.0646349965142914,Medium,9086
Facebook,Text,86,100772,1063,145,69,0.0126721708411066,Long,1277
Instagram,Video,32,53020,3375,622,420,0.0833081855903432,Short,4417
Instagram,Video,81,266655,18361,990,2673,0.0825936134705893,Long,22024
Twitter,Image,54,91543,7737,681,729,0.0999202560545317,Medium,9147
Instagram,Text,110,288115,8051,1374,825,0.0355760720545615,Long,10250
Twitter,Video,5,191448,10948,1243,1327,0.0706092515983452,Short,13518
Instagram,Image,54,11037,554,47,58,0.0597082540545438,Medium,659
Facebook,Video,23,184379,12869,2180,1676,0.0907098964632631,Short,16725
Instagram,Image,102,281610,4436,768,598,0.0206029615425588,Long,5802
Facebook,Text,63,233372,20901,2475,2123,0.1092633220780556,Medium,25499
Facebook,Image,72,230191,12891,1546,1151,0.067717677928329,Medium,15588
Instagram,Video,111,276771,24614,4113,1743,0.1100910138706728,Long,30470
Facebook,Video,71,155665,6323,1047,505,0.0505894067388301,Medium,7875
Instagram,Text,45,56697,3901,702,253,0.085648270631603,Medium,4856
Instagram,Text,14,28149,2705,397,204,0.1174464456996696,Short,3306
Facebook,Video,32,237360,22526,1754,3085,0.1152890124705089,Short,27365
Facebook,Video,38,19737,1874,248,274,0.121396362162436,Short,2396
Twitter,Video,43,69854,968,103,64,0.0162481747645088,Medium,1135
Facebook,Text,115,246079,11386,615,554,0.0510202008298148,Long,12555
Twitter,Video,87,178559,2762,219,83,0.0171595943077638,Long,3064
Facebook,Text,110,28314,1071,86,137,0.0457017729745002,Long,1294
Instagram,Video,60,173443,4459,278,593,0.0307305570129667,Medium,5330
Facebook,Image,56,158702,10444,1232,820,0.0787387682574888,Medium,12496
Instagram,Image,114,187308,15034,1897,1360,0.0976519956435389,Long,18291
Instagram,Video,104,97214,5463,551,634,0.0683852120065011,Long,6648
Instagram,Image,111,30099,2455,274,169,0.0962822685139041,Long,2898
Twitter,Text,7,99170,1106,146,51,0.0131390541494403,Short,1303
Facebook,Image,27,216454,18148,1235,633,0.0924723035841333,Short,20016
Instagram,Image,21,263744,6871,923,347,0.0308670528997816,Short,8141
Instagram,Text,75,219493,11300,1768,1173,0.0648813401794134,Medium,14241
Twitter,Image,30,79604,3966,718,258,0.0620823074217376,Short,4942
Facebook,Image,111,85635,7585,722,1007,0.1087639399778128,Long,9314
Facebook,Video,22,172170,16689,2705,523,0.1156821745948771,Short,19917
Twitter,Text,114,160945,5304,747,393,0.0400385224766224,Long,6444
Twitter,Text,50,156630,2516,315,134,0.0189299623316095,Medium,2965
Facebook,Video,74,194195,13311,2501,1802,0.090702644249337,Medium,17614
Twitter,Video,35,32518,1796,256,224,0.0699920044283166,Short,2276
Facebook,Image,97,55763,3396,356,502,0.076287143805032,Long,4254
Facebook,Image,13,208788,2957,464,104,0.0168831542042646,Short,3525
Instagram,Image,39,64172,5119,992,622,0.104921149410958,Short,6733
Instagram,Video,85,218203,6745,1266,245,0.0378363267232806,Long,8256
Facebook,Text,64,223348,8966,1766,360,0.0496624102297759,Medium,11092
Facebook,Image,80,227330,6945,446,174,0.0332776140412616,Long,7565
Facebook,Video,67,249513,23737,2765,1908,0.1138618027918385,Medium,28410
Facebook,Text,104,247849,6242,717,226,0.0289894250128102,Long,7185
Facebook,Video,56,137822,10461,1125,682,0.0890133650650839,Medium,12268
Facebook,Image,52,145953,4687,359,262,0.0363678718491569,Medium,5308
Twitter,Video,65,152678,7365,1287,1082,0.0637550924167201,Medium,9734
Facebook,Video,28,19819,1974,297,208,0.125081992027852,Short,2479
Twitter,Video,78,94013,1791,252,131,0.0231244615106421,Medium,2174
Twitter,Video,62,161827,14454,1691,1939,0.1117489664889048,Medium,18084
Facebook,Text,68,28811,2741,296,77,0.1080837180243657,Medium,3114
Facebook,Image,34,192194,13999,2351,888,0.0896906250975576,Short,17238
Twitter,Text,33,39697,432,55,37,0.0131999899236718,Short,524
Twitter,Video,107,63196,5300,748,143,0.0979650610798151,Long,6191
Facebook,Video,14,116100,10379,674,404,0.0986821705426356,Short,11457
Facebook,Image,43,152416,14980,1808,2042,0.123543460004199,Medium,18830
Twitter,Image,59,22656,1937,134,83,0.0950741525423728,Medium,2154
Twitter,Text,32,159454,7989,463,1116,0.0600047662648789,Short,9568
Twitter,Text,22,164103,11811,1811,383,0.0853427420583414,Short,14005
Instagram,Image,45,207421,11130,1015,1507,0.0658178294386778,Medium,13652
Twitter,Text,118,62574,2613,508,206,0.0531690478473487,Long,3327
Instagram,Video,85,62529,4150,584,392,0.0819779622255273,Long,5126
Facebook,Video,79,135566,10748,1577,608,0.0954000265553309,Medium,12933
Facebook,Image,69,152435,10248,814,569,0.076301374356283,Medium,11631
Twitter,Text,85,154884,13070,906,1097,0.0973179928204333,Long,15073
Facebook,Video,104,154509,3997,514,264,0.0309043486139965,Long,4775
Facebook,Image,104,109741,4788,904,144,0.0531797596158227,Long,5836
Facebook,Text,50,99060,3777,220,249,0.0428629113668483,Medium,4246
Facebook,Video,64,10160,279,35,14,0.0322834645669291,Medium,328
Instagram,Text,13,177415,8850,706,1154,0.060366936279345,Short,10710
Instagram,Text,49,28593,2725,455,351,0.1234917637183926,Medium,3531
Twitter,Text,64,133356,7790,1186,299,0.0695506763850145,Medium,9275
Twitter,Image,32,181155,6481,418,744,0.0421903894455024,Short,7643
Twitter,Video,116,170923,7155,1019,562,0.0511107340732376,Long,8736
Facebook,Image,101,23378,1523,300,202,0.0866198990503892,Long,2025
Facebook,Video,7,142563,5951,768,330,0.0494448068573192,Short,7049
Instagram,Video,55,268603,15700,1457,493,0.0657103606437753,Medium,17650
Instagram,Image,12,24305,842,61,104,0.0414318041555235,Short,1007
Twitter,Image,118,168373,6925,1374,920,0.0547534343392349,Long,9219
Instagram,Video,74,168764,12406,1669,1603,0.0928989594937308,Medium,15678
Instagram,Video,63,175419,10983,1166,689,0.0731847747393383,Medium,12838
Instagram,Video,65,153261,2822,231,67,0.0203574294830387,Medium,3120
Instagram,Text,62,143667,14019,2699,534,0.1200832480667098,Medium,17252
Instagram,Video,74,69370,1001,144,139,0.0185094421219547,Medium,1284
Twitter,Image,97,3921,68,3,4,0.0191277735271614,Long,75
Twitter,Image,105,105276,7698,453,1034,0.0872468558835822,Long,9185
Instagram,Image,16,263741,19443,3711,2867,0.0986611865428583,Short,26021
Twitter,Video,13,4387,51,7,3,0.0139047184864372,Short,61
Facebook,Video,109,79266,5378,352,650,0.0804884818207049,Long,6380
Instagram,Text,53,236372,3071,440,128,0.0153952244766723,Medium,3639
Facebook,Text,87,7825,754,85,52,0.1138658146964856,Long,891
Twitter,Image,21,7282,529,89,59,0.092968964570173,Short,677
Twitter,Text,58,146941,3936,358,184,0.030474816422918,Medium,4478
Facebook,Text,116,18451,447,48,27,0.0282911495311907,Long,522
Twitter,Image,48,150977,9250,694,863,0.0715804394046775,Medium,10807
Instagram,Video,36,235727,15797,1388,1735,0.080262337364833,Short,18920
Facebook,Text,39,136770,11599,909,770,0.097082693573152,Short,13278
Instagram,Video,82,152964,13965,749,963,0.1024881671504406,Long,15677
Facebook,Image,53,51068,2314,131,79,0.0494242970157437,Medium,2524
Twitter,Image,58,73726,6338,1111,937,0.1137454900577815,Medium,8386
Facebook,Text,20,81702,4805,819,478,0.0746860541969596,Short,6102
Facebook,Image,89,118962,6227,442,553,0.0607084615255291,Long,7222
Instagram,Image,16,237198,17293,2597,821,0.0873152387456892,Short,20711
Twitter,Image,92,33604,648,104,54,0.0239852398523985,Long,806
Instagram,Text,102,119751,4057,234,317,0.0384798456797855,Long,4608
Twitter,Text,12,71457,5967,377,319,0.0932448885343633,Short,6663
Instagram,Text,112,48787,2701,363,210,0.0671080410765162,Long,3274
Facebook,Image,25,168387,15445,1639,717,0.1057148117134933,Short,17801
Instagram,Video,52,299179,5380,833,604,0.0227856901721043,Medium,6817
Twitter,Image,12,36844,1407,188,194,0.0485560742590381,Short,1789
Twitter,Text,32,18820,790,43,16,0.0451115834218916,Short,849
Facebook,Video,84,222077,10669,1627,984,0.059799078697929,Long,13280
Twitter,Video,14,48676,4809,387,554,0.1181280302407757,Short,5750
Instagram,Text,56,238033,9035,875,1246,0.046867451151731,Medium,11156
Facebook,Video,19,52914,2999,481,199,0.0695279132176739,Short,3679
Twitter,Video,8,133807,7793,1291,1074,0.0759153108581763,Short,10158
Twitter,Text,94,74750,5933,604,755,0.0975518394648829,Long,7292
Instagram,Video,83,28968,1639,103,144,0.0651063242198287,Long,1886
Instagram,Video,104,60746,3919,648,209,0.0786224607381556,Long,4776
Facebook,Text,100,73264,5699,1028,597,0.0999672417558418,Long,7324
Twitter,Video,66,126458,2415,470,130,0.0238419079852599,Medium,3015
Instagram,Video,111,219068,21186,2069,1384,0.1124719265250972,Long,24639
Facebook,Video,106,210080,18102,1241,1460,0.0990241812642802,Long,20803
Twitter,Video,8,194711,8759,1669,742,0.0573670722249898,Short,11170
Twitter,Text,45,19057,1439,158,64,0.0871595739098494,Medium,1661
Facebook,Image,77,52700,4142,265,456,0.0922770398481973,Medium,4863
Facebook,Image,103,17432,1508,188,224,0.1101422670949977,Long,1920
Instagram,Video,59,66488,1791,140,92,0.0304265431356034,Medium,2023
Twitter,Text,32,101199,7421,766,683,0.0876490874415755,Short,8870
Twitter,Text,105,20953,272,26,21,0.0152245501837445,Long,319
Twitter,Video,51,117864,2404,476,144,0.0256566890653634,Medium,3024
Facebook,Image,13,239649,19135,2792,1426,0.0974466824397347,Short,23353
Instagram,Video,6,208304,17324,2144,1996,0.1030417082725247,Short,21464
Twitter,Text,71,31347,1984,252,146,0.075988132835678,Medium,2382
Facebook,Text,112,24249,1511,212,129,0.0763742834756072,Long,1852
Twitter,Image,52,186530,14447,2613,1185,0.0978126842867099,Medium,18245
Instagram,Text,73,221265,20256,1456,1867,0.1065645266987548,Medium,23579
Twitter,Text,78,115346,5525,773,319,0.0573665319993757,Medium,6617
Instagram,Text,32,116086,2360,232,203,0.024076977413297,Short,2795
Instagram,Image,83,236832,20251,2748,760,0.1003200581002567,Long,23759
Twitter,Text,18,20033,816,104,94,0.0506164828033744,Short,1014
Twitter,Video,50,37088,817,44,28,0.0239700172562553,Medium,889
Instagram,Image,91,114001,7446,1022,908,0.0822448925886615,Long,9376
Facebook,Video,17,20527,1273,199,162,0.0796024747893019,Short,1634
Instagram,Video,20,221306,11658,1013,262,0.0584394458351784,Short,12933
Twitter,Image,98,6406,559,36,71,0.1039650327817671,Long,666
Twitter,Video,44,184833,6376,521,664,0.04090719730784,Medium,7561
Facebook,Image,76,97538,1091,158,35,0.0131641001455842,Medium,1284
Instagram,Video,85,209199,8182,984,1225,0.0496704095143858,Long,10391
Instagram,Image,34,139191,1513,272,151,0.0139089452622655,Short,1936
Instagram,Text,85,252160,14858,1378,1071,0.0686349936548223,Long,17307
Twitter,Text,103,60935,2683,281,362,0.0545827521129071,Long,3326
Instagram,Video,69,258959,21559,2785,547,0.0961194629265636,Medium,24891
Facebook,Text,117,61327,5015,596,567,0.1007386632315293,Long,6178
Twitter,Image,62,185821,9127,1206,353,0.0575069556185791,Medium,10686
Twitter,Video,92,61094,1801,174,165,0.0350279896552853,Long,2140
Instagram,Text,52,223481,10731,804,348,0.0531723054756332,Medium,11883
Facebook,Text,53,104815,7097,1210,768,0.0865811191146305,Medium,9075
Twitter,Video,93,104132,2823,157,227,0.0307974493911573,Long,3207
Twitter,Text,6,84485,6722,708,140,0.0896017044445759,Short,7570
Instagram,Text,93,102196,4062,256,118,0.0434067869583936,Long,4436
Instagram,Video,18,112396,10553,1693,1175,0.1194081639916011,Short,13421
Facebook,Text,107,13370,749,78,53,0.0658189977561705,Long,880
Instagram,Text,119,106075,9148,498,982,0.1001932594862125,Long,10628
Facebook,Text,101,140849,9215,565,651,0.0740580337808575,Long,10431
Twitter,Text,21,133185,7979,636,534,0.0686939219882118,Short,9149
Facebook,Video,35,134603,9609,1614,1260,0.0927393891666604,Short,12483
Facebook,Image,14,143786,11939,2028,1565,0.1080216432754232,Short,15532
Facebook,Image,74,137482,9349,1865,1304,0.0910519195240104,Medium,12518
Twitter,Text,107,76772,6276,540,797,0.0991637576199656,Long,7613
Instagram,Text,93,125527,3407,201,124,0.0297306555561751,Long,3732
Twitter,Image,106,26608,930,85,26,0.0391235718580877,Long,1041
Instagram,Text,41,275468,8449,649,233,0.0338732629561328,Medium,9331
Facebook,Image,68,79695,6522,1021,961,0.106706819750298,Medium,8504
Facebook,Video,34,168566,2992,584,254,0.0227210706785472,Short,3830
Facebook,Video,38,57222,4670,424,163,0.0918702596903289,Short,5257
Facebook,Video,22,175057,7879,782,715,0.0535596976984639,Short,9376
Facebook,Video,92,100643,1726,177,193,0.0208260882525361,Long,2096
Instagram,Video,67,233443,11251,2008,363,0.0583525742900836,Medium,13622
Instagram,Video,53,14453,535,73,34,0.04441984363108,Medium,642
Facebook,Image,60,103369,6540,1282,290,0.0784761388810958,Medium,8112
Twitter,Text,95,160993,8456,1218,1241,0.067797978794109,Long,10915
Twitter,Image,62,68469,2513,391,154,0.0446625480144298,Medium,3058
Facebook,Video,31,99544,8720,552,957,0.1027585791207908,Short,10229
Instagram,Text,59,202658,9446,1820,1316,0.0620848917881356,Medium,12582
Twitter,Text,107,27392,1434,206,189,0.0667713200934579,Long,1829
Twitter,Video,89,165249,14243,1823,1014,0.1033591731266149,Long,17080
Twitter,Video,23,188254,3391,366,204,0.0210407215782931,Short,3961
Facebook,Video,107,239492,10798,664,1351,0.0535007432398577,Long,12813
Twitter,Video,27,60081,2779,194,129,0.0516302990962201,Short,3102
Twitter,Video,107,90387,4937,255,559,0.0636264064522553,Long,5751
Twitter,Video,116,144178,2818,563,362,0.0259609649183648,Long,3743
Twitter,Text,112,54754,1053,176,137,0.0249479490082916,Long,1366
Instagram,Video,51,11878,563,95,11,0.0563226132345512,Medium,669
Facebook,Video,83,3792,49,7,4,0.0158227848101265,Long,60
Facebook,Text,111,14367,473,57,31,0.0390478179160576,Long,561
Instagram,Image,70,43731,1229,77,180,0.0339804715190597,Medium,1486
Instagram,Video,103,276691,14953,909,1356,0.0622282618516684,Long,17218
Facebook,Text,55,102689,1130,211,85,0.0138865896055078,Medium,1426
Twitter,Text,88,30568,2164,108,112,0.0779900549594347,Long,2384
Twitter,Image,32,64907,5647,874,733,0.1117599026299166,Short,7254
Facebook,Video,61,53212,3916,565,240,0.0887205893407502,Medium,4721
Twitter,Video,62,175403,14668,1836,1869,0.1047473532379719,Medium,18373
Instagram,Video,19,140210,9520,1868,1293,0.0904429070679694,Short,12681
Twitter,Text,20,117837,6559,522,180,0.0616190160985089,Short,7261
Twitter,Video,101,180184,5353,898,461,0.037250810282822,Long,6712
Twitter,Video,51,144466,5080,768,379,0.0431035676214472,Medium,6227
Facebook,Video,67,92412,3566,699,253,0.0488897545773276,Medium,4518
Instagram,Video,16,175167,2351,446,160,0.0168810335280047,Short,2957
Twitter,Image,107,136425,12575,871,1121,0.1067766171889316,Long,14567
Facebook,Image,107,180204,16403,1577,605,0.1031331158020909,Long,18585
Twitter,Image,47,67064,1321,234,176,0.0258111654538947,Medium,1731
Instagram,Video,88,60121,3613,304,334,0.0707074067297616,Long,4251
Twitter,Video,33,17205,896,95,58,0.0609706480674222,Short,1049
Instagram,Text,111,140700,10061,1447,519,0.0854797441364605,Long,12027
Twitter,Text,53,54600,3509,471,351,0.0793223443223443,Medium,4331
Instagram,Text,7,98159,2079,303,254,0.0268543893071445,Short,2636
Twitter,Video,116,127590,8855,1390,684,0.0856571831648248,Long,10929
Instagram,Image,73,63844,4136,658,612,0.0846751456675646,Medium,5406
Twitter,Image,64,180121,10412,1672,933,0.0722680864529954,Medium,13017
Twitter,Image,70,23433,1082,215,159,0.0621345965091964,Medium,1456
Facebook,Video,91,248828,23873,2470,3464,0.1197895735206648,Long,29807
Facebook,Image,94,209666,18125,1026,1775,0.0998063586847653,Long,20926
Instagram,Text,30,97060,6081,622,581,0.0750463630743869,Short,7284
Twitter,Text,75,145165,1534,286,51,0.0128887817311335,Medium,1871
Instagram,Image,78,254268,12431,777,1750,0.0588276936146113,Medium,14958
Facebook,Text,73,19684,1437,211,178,0.0927656980288559,Medium,1826
Instagram,Image,51,250363,5146,583,437,0.0246282397958164,Medium,6166
Instagram,Image,80,196393,9149,1722,547,0.0581385283589537,Long,11418
Facebook,Text,100,124485,3392,642,437,0.0359159738121058,Long,4471
Twitter,Text,46,53305,2155,361,124,0.0495263108526404,Medium,2640
Instagram,Text,35,150979,1872,121,169,0.0143198723001212,Short,2162
Facebook,Text,26,57057,1221,65,55,0.0235028129764971,Short,1341
Twitter,Image,21,145993,7435,524,926,0.060859082284767,Short,8885
Facebook,Text,88,88938,8078,793,952,0.1104477276304841,Long,9823
Instagram,Text,24,182866,9902,853,573,0.0619469994422145,Short,11328
Twitter,Video,111,70618,3585,378,126,0.0579030841994958,Long,4089
Twitter,Text,12,74610,6034,431,259,0.0901219675646696,Short,6724
Facebook,Text,115,32330,1102,179,110,0.0430250541292916,Long,1391
Facebook,Image,102,151695,2814,497,111,0.0225584231517189,Long,3422
Facebook,Image,53,194349,5609,690,345,0.034185923261761,Medium,6644
Twitter,Video,91,133531,10844,2098,1399,0.1073982820468655,Long,14341
Twitter,Text,42,128908,9144,622,280,0.0779315480808018,Medium,10046
Instagram,Text,57,70037,1277,84,122,0.0211745220383511,Medium,1483
Twitter,Text,32,119314,8356,668,601,0.080669493940359,Short,9625
Instagram,Text,81,73337,6881,1357,245,0.115671489152815,Long,8483
Facebook,Text,33,31831,447,50,38,0.0168075146869404,Short,535
Facebook,Text,76,150919,9881,1863,861,0.0835216241825085,Medium,12605
Twitter,Video,15,2997,132,10,9,0.0503837170503837,Short,151
Facebook,Text,51,156097,8599,1521,233,0.0663241446023946,Medium,10353
Facebook,Text,49,100915,5806,560,272,0.0657781301094981,Medium,6638
Twitter,Text,22,66784,5302,849,384,0.0978527791087685,Short,6535
Instagram,Video,54,278342,16737,3283,937,0.0752922663485927,Medium,20957
Twitter,Text,93,167518,10616,2016,433,0.0779916188111128,Long,13065
Instagram,Video,53,14382,574,100,47,0.0501321095814212,Medium,721
Twitter,Image,26,26120,557,32,39,0.0240428790199081,Short,628
Twitter,Text,49,168537,12041,1699,1281,0.0891258299364531,Medium,15021
Facebook,Video,65,29950,300,52,27,0.0126544240400667,Medium,379
Twitter,Image,103,127456,5045,554,212,0.0455922043685664,Long,5811
Twitter,Video,97,97504,2888,461,315,0.0375779455201837,Long,3664
Instagram,Video,25,282879,12720,899,1023,0.0517606467783045,Short,14642
Facebook,Image,75,148295,5637,431,195,0.0422333861559728,Medium,6263
Instagram,Text,65,110846,8133,1191,182,0.085758620067481,Medium,9506
Instagram,Text,80,107733,3600,416,365,0.0406653485932815,Long,4381
Facebook,Video,40,149434,9035,747,907,0.0715299061793166,Medium,10689
Facebook,Image,28,115235,5879,543,744,0.0621859678049203,Short,7166
Facebook,Text,36,42986,3528,503,420,0.1035453403433676,Short,4451
Twitter,Video,95,25409,1233,195,165,0.0626943209099138,Long,1593
Facebook,Image,100,202005,17725,1438,1028,0.0999529714611024,Long,20191
Facebook,Video,63,119909,1200,231,88,0.0126679398543895,Medium,1519
Facebook,Image,100,82987,5347,273,149,0.0695169122874667,Long,5769
Instagram,Text,100,272958,2970,460,218,0.0133646934693249,Long,3648
Instagram,Text,94,158960,11803,1105,573,0.0848074987418218,Long,13481
Twitter,Video,79,24169,752,91,93,0.0387272952956266,Medium,936
Instagram,Text,114,256979,11358,1538,1196,0.0548371656827989,Long,14092
Twitter,Text,86,87918,3889,522,472,0.0555403899087786,Long,4883
Instagram,Image,107,217196,18717,3115,1815,0.1088740124127516,Long,23647
Facebook,Text,9,179199,3438,596,336,0.0243862967985312,Short,4370
Instagram,Image,20,151649,10618,647,537,0.0778244498809751,Short,11802
Twitter,Image,15,22931,2254,350,241,0.1240678557411364,Short,2845
Instagram,Video,39,80506,967,106,37,0.0137877922142449,Short,1110
Facebook,Image,116,173350,16802,2903,938,0.1190827805018748,Long,20643
Twitter,Text,79,191241,2229,315,96,0.0138045711955072,Medium,2640
Facebook,Image,46,219653,18825,970,2700,0.1024115309146699,Medium,22495
Facebook,Image,91,247381,23875,3580,3264,0.124176876963065,Long,30719
Twitter,Video,102,195847,19461,3675,2602,0.1314189137438919,Long,25738
Facebook,Text,116,112865,5792,361,838,0.0619412572542417,Long,6991
Facebook,Text,85,96207,8468,1051,843,0.1077052605319779,Long,10362
Instagram,Text,14,142130,2986,429,407,0.0268908745514669,Short,3822
Facebook,Image,86,243929,11778,934,682,0.0549094203641223,Long,13394
Facebook,Text,112,72051,2717,401,190,0.0459119234986329,Long,3308
Facebook,Text,12,71866,3274,188,264,0.0518464920824868,Short,3726
Facebook,Image,30,125179,9160,1702,289,0.0890804368144816,Short,11151
Twitter,Video,7,101978,1822,299,231,0.0230637980740944,Short,2352
Instagram,Video,63,191252,19093,3649,677,0.1224510070482923,Medium,23419
Facebook,Image,92,177897,11946,1347,1480,0.0830424346672512,Long,14773
Facebook,Video,7,217353,19261,1061,2694,0.1058922582158976,Short,23016
Twitter,Video,42,76514,6478,655,607,0.1011579580207543,Medium,7740
Facebook,Video,6,85475,6747,859,280,0.0922608949985375,Short,7886
Twitter,Text,103,148336,2007,382,154,0.01714351202675,Long,2543
Instagram,Video,21,31615,1785,325,67,0.0688597184880594,Short,2177
Instagram,Text,77,117898,4660,648,165,0.0464214829768104,Medium,5473
Facebook,Video,40,125480,2530,403,299,0.025757092763787,Medium,3232
Facebook,Text,90,176794,7225,1395,513,0.0516589929522495,Long,9133
Facebook,Image,99,168952,11494,2041,230,0.0814728443581608,Long,13765
Twitter,Image,102,83059,2554,380,67,0.0361309430645685,Long,3001
Facebook,Video,92,4701,235,30,29,0.0625398851308232,Long,294
Facebook,Text,77,62430,2897,351,291,0.0566874899887874,Medium,3539
Instagram,Image,114,106016,1560,255,202,0.0190254301237549,Long,2017
Facebook,Image,111,58615,3899,667,216,0.0815832124882709,Long,4782
Instagram,Image,6,97519,6406,529,389,0.0751033132005045,Short,7324
Facebook,Image,89,234692,22759,2756,2280,0.1184318170197535,Long,27795
Instagram,Video,38,249035,9169,1519,976,0.0468367900094364,Short,11664
Facebook,Text,31,42237,2014,304,47,0.0559935601486848,Short,2365
Instagram,Image,41,39378,1824,253,251,0.0591193051957946,Medium,2328
Twitter,Video,75,153808,14269,1406,1767,0.1134011234786227,Medium,17442
Instagram,Image,26,142415,6661,941,247,0.0551135765193273,Short,7849
Instagram,Image,72,20797,1036,146,22,0.0578929653315382,Medium,1204
Instagram,Image,18,112623,3684,423,442,0.0403913942977899,Short,4549
Facebook,Image,102,90411,913,177,125,0.013438630255168,Long,1215
Facebook,Video,27,175936,3508,519,217,0.0241224081484176,Short,4244
Facebook,Text,48,175195,12850,2282,792,0.0908930049373555,Medium,15924
Twitter,Video,110,69561,4968,344,431,0.0825606302382081,Long,5743
Twitter,Video,93,132596,5174,846,557,0.0496017979426227,Long,6577
Instagram,Video,69,136177,7158,1004,745,0.0654075210938704,Medium,8907
Twitter,Image,119,96906,3562,342,419,0.0446102408519596,Long,4323
Instagram,Text,116,91379,6924,487,241,0.0837391523216494,Long,7652
Instagram,Image,83,286620,24599,2630,2154,0.102515525783267,Long,29383
Instagram,Video,100,200219,18203,2115,1562,0.1092803380298573,Long,21880
Twitter,Image,82,175184,4493,319,644,0.0311443967485615,Long,5456
Facebook,Text,109,51610,3744,563,521,0.0935477620616159,Long,4828
Twitter,Text,65,199306,19266,1850,2264,0.1173070554825243,Medium,23380
Instagram,Image,89,180302,12360,2112,1656,0.0894499229071224,Long,16128
Instagram,Video,59,46706,1942,285,227,0.0525414293666766,Medium,2454
Twitter,Image,115,106375,7152,690,812,0.0813537015276145,Long,8654
Instagram,Video,75,70032,5039,524,242,0.0828906785469499,Medium,5805
Instagram,Text,104,177992,8140,1557,815,0.0590588341049035,Long,10512
Twitter,Image,89,152947,2960,568,411,0.0257540193661856,Long,3939
Twitter,Text,54,70833,4575,515,537,0.0794403738370533,Medium,5627
Twitter,Video,108,185201,15222,2311,1501,0.1027748230301132,Long,19034
Instagram,Video,16,70744,7058,1390,378,0.1247596969354291,Short,8826
Instagram,Image,83,155772,4684,932,506,0.0393010297100891,Long,6122
Facebook,Image,19,90327,6597,401,429,0.0822234769227362,Short,7427
Facebook,Image,21,206841,2590,344,73,0.0145377367156414,Short,3007
Twitter,Text,38,134963,13129,2087,671,0.1177137437668101,Short,15887
Facebook,Video,112,192592,2143,167,151,0.0127783085486416,Long,2461
Instagram,Video,39,52594,2224,385,332,0.0559189261132448,Short,2941
Facebook,Text,43,104810,1768,212,210,0.020894952771682,Medium,2190
Instagram,Image,106,286817,18897,2355,1064,0.0778057088666292,Long,22316
Twitter,Image,82,44412,1801,164,214,0.0490633162208412,Long,2179
Twitter,Text,59,121449,9225,876,613,0.0882180997785078,Medium,10714
Instagram,Video,63,164508,8846,553,876,0.0624589685607994,Medium,10275
Facebook,Video,9,233993,11172,2119,1334,0.0625018697140512,Short,14625
Twitter,Video,34,141258,5843,626,679,0.0506024437553979,Short,7148
Twitter,Video,8,65708,1166,86,44,0.019723625738114,Short,1296
Facebook,Text,19,3434,97,6,12,0.0334886429819452,Short,115
Facebook,Video,107,144591,9762,1084,1366,0.0844589220629223,Long,12212
Instagram,Text,39,285174,15601,2259,785,0.065381135727661,Short,18645
Facebook,Image,113,79891,1302,217,81,0.020027287178781,Long,1600
Facebook,Text,78,189891,11195,2112,1589,0.0784450026594204,Medium,14896
Facebook,Video,59,82864,1232,179,182,0.0192242710948059,Medium,1593
Instagram,Image,70,272402,15269,1726,1205,0.0668130189939868,Medium,18200
Instagram,Text,112,247330,23953,2713,586,0.1101847733796951,Long,27252
Twitter,Text,64,74726,2814,383,397,0.0480957096592886,Medium,3594
Instagram,Text,28,224087,16832,2200,392,0.0866806195807878,Short,19424
Twitter,Image,96,123563,9526,1391,599,0.0931994205385107,Long,11516
Facebook,Text,26,220435,10236,1284,324,0.0537301245265044,Short,11844
Twitter,Video,48,60277,3821,224,330,0.0725815816978283,Medium,4375
Twitter,Image,36,47238,2479,310,61,0.0603327829289978,Short,2850
Facebook,Image,99,13747,488,26,24,0.0391358114497708,Long,538
Twitter,Text,87,163989,12779,985,1017,0.0901340943599875,Long,14781
Instagram,Video,55,35377,2591,280,76,0.0833027108008027,Medium,2947
Instagram,Image,89,129026,11747,1558,968,0.1106211151240835,Long,14273
Instagram,Text,7,111017,7286,566,396,0.0742949278038498,Short,8248
Instagram,Video,74,103684,4664,426,255,0.0515508660931291,Medium,5345
Twitter,Text,36,25557,1897,201,269,0.0926165042845404,Short,2367
Twitter,Text,6,177407,11657,927,1279,0.0781423506400536,Short,13863
Facebook,Image,92,234013,15326,3062,2158,0.0877985411066906,Long,20546
Twitter,Image,113,91463,7910,1350,750,0.1094431628090047,Long,10010
Twitter,Text,63,35292,3244,556,447,0.1203388869998866,Medium,4247
Twitter,Image,95,21491,563,76,72,0.0330836163975617,Long,711
Facebook,Image,77,191366,7322,1421,1096,0.0514145668509557,Medium,9839
Instagram,Video,81,71629,4908,784,419,0.0853146072121626,Long,6111
Twitter,Video,18,198712,11952,1190,1320,0.0727786947944764,Short,14462
Facebook,Text,55,21123,1451,205,59,0.0811911186857927,Medium,1715
Facebook,Text,15,226544,11094,1459,1576,0.0623675753937425,Short,14129
Facebook,Text,82,67618,3186,436,228,0.0569375018486201,Long,3850
Instagram,Text,84,29288,603,104,83,0.0269735045069653,Long,790
Twitter,Video,14,110850,7330,926,242,0.0766621560667568,Short,8498
Facebook,Image,88,92947,2399,382,208,0.0321581116119939,Long,2989
Instagram,Video,84,50091,3526,308,71,0.0779581162284642,Long,3905
Facebook,Text,62,133180,12923,2452,957,0.1226310256795314,Medium,16332
Facebook,Text,38,120622,3989,251,122,0.0361625574107542,Short,4362
Facebook,Video,84,212944,4853,965,380,0.0291062438951085,Long,6198
Facebook,Video,82,193288,2353,340,217,0.0150552543354993,Long,2910
Facebook,Text,57,237532,10473,1261,1369,0.0551630938147281,Medium,13103
Instagram,Image,32,194857,5712,551,333,0.0338504646997541,Short,6596
Twitter,Text,22,184069,9988,1106,935,0.0653504935649131,Short,12029
Twitter,Video,30,183765,10509,1758,300,0.0683862541833319,Short,12567
Twitter,Text,106,84386,3496,247,485,0.0501030976702296,Long,4228
Twitter,Text,11,168784,13079,1149,1029,0.0903936392075078,Short,15257
Instagram,Image,49,151977,13895,952,734,0.1025220921586819,Medium,15581
Instagram,Text,102,268735,7803,889,625,0.0346698420376951,Long,9317
Instagram,Text,115,65159,5555,600,458,0.1014902008931997,Long,6613
Facebook,Text,117,147594,3218,474,375,0.0275553206769922,Long,4067
Facebook,Video,49,133656,4087,814,599,0.0411504159932962,Medium,5500
Facebook,Video,75,84689,5126,942,226,0.074318978852035,Medium,6294
Twitter,Image,101,136644,5136,935,139,0.0454465618687977,Long,6210
Facebook,Text,39,195752,2692,395,283,0.0172156606318198,Short,3370
Twitter,Video,56,60537,2211,200,298,0.0447494920461866,Medium,2709
Facebook,Image,118,238354,21794,2345,2036,0.109815652349027,Long,26175
Twitter,Text,107,35061,900,78,27,0.0286643278856849,Long,1005
Facebook,Image,25,94033,7403,520,553,0.0901385683749322,Short,8476
Facebook,Image,117,221850,16639,1920,1749,0.0915393283750281,Long,20308
Instagram,Image,32,283295,5541,1023,347,0.0243950652147055,Short,6911
Facebook,Image,100,95526,3787,611,491,0.0511797835144358,Long,4889
Facebook,Image,48,214988,5813,1149,286,0.0337135095912329,Medium,7248
Instagram,Image,84,188699,2280,180,153,0.0138474501719669,Long,2613
Twitter,Image,60,159189,4071,509,566,0.0323263542078912,Medium,5146
Instagram,Text,14,118417,3332,562,315,0.0355438830573313,Short,4209
Instagram,Text,27,161555,4028,479,83,0.0284113769304571,Short,4590
Twitter,Image,52,189541,3449,356,178,0.0210139231089843,Medium,3983
Facebook,Text,56,152949,8774,1512,1034,0.0740115986374543,Medium,11320
Twitter,Image,118,195468,7630,873,204,0.0445443755499621,Long,8707
Facebook,Text,19,226311,20762,3881,3095,0.1225658496493763,Short,27738
Facebook,Video,59,6088,163,14,22,0.0326872536136662,Medium,199
Twitter,Image,47,156251,10040,1852,492,0.0792570927546063,Medium,12384
Instagram,Video,54,52954,4821,442,657,0.1117951429542621,Medium,5920
Twitter,Image,10,24011,342,31,37,0.0170755070592645,Short,410
Facebook,Image,37,15839,894,101,67,0.0670496874802702,Short,1062
Twitter,Video,66,185975,9402,1197,427,0.0592875386476677,Medium,11026
Twitter,Video,59,65561,6135,691,282,0.1084181144277848,Medium,7108
Facebook,Video,43,26625,1856,332,180,0.0889389671361502,Medium,2368
Instagram,Image,16,154553,6402,1084,474,0.0515033677767497,Short,7960
Twitter,Video,104,99289,7351,709,715,0.0883783702122088,Long,8775
Facebook,Video,35,22558,1408,178,88,0.0742087064456068,Short,1674
Facebook,Text,78,85307,3518,403,175,0.0480148170724559,Medium,4096
Twitter,Text,57,33104,2670,155,343,0.0956984050265828,Medium,3168
Instagram,Video,38,189658,13301,2157,1856,0.0912906389395649,Short,17314
Twitter,Video,45,46420,486,37,54,0.0124299870745368,Medium,577
Instagram,Video,14,271205,23828,4530,977,0.1081654099297579,Short,29335
Instagram,Video,56,169313,7744,849,247,0.0522109938398114,Medium,8840
Instagram,Text,79,67055,4565,654,411,0.0839609275967489,Medium,5630
Instagram,Image,61,217769,9954,1719,911,0.0577860025990843,Medium,12584
Twitter,Video,82,72593,6484,499,668,0.1053958370641797,Long,7651
Facebook,Video,7,245455,16832,2207,2319,0.0870139129371982,Short,21358
Facebook,Text,61,178245,11076,948,1152,0.0739207270891189,Medium,13176
Facebook,Video,37,248544,24412,3086,3395,0.1242958993176258,Short,30893
Facebook,Video,11,139361,4913,672,173,0.0413171547276497,Short,5758
Facebook,Text,8,68180,1082,81,121,0.0188325022000586,Short,1284
Facebook,Video,43,241016,13603,1865,1912,0.0721113950941016,Medium,17380
Twitter,Video,52,4221,203,24,16,0.0575692963752665,Medium,243
Instagram,Text,78,288779,14694,1885,2142,0.0648281211583944,Medium,18721
Facebook,Image,83,186835,12295,2283,1129,0.0840688307865228,Long,15707
Twitter,Video,20,53072,3468,425,494,0.0826612903225806,Short,4387
Facebook,Video,42,10075,456,55,53,0.0559801488833746,Medium,564
Facebook,Image,8,156450,13714,1653,1090,0.1051901565995525,Short,16457
Instagram,Text,8,40084,2751,394,67,0.0801317233809001,Short,3212
Instagram,Image,104,186498,16801,1766,1771,0.1090521077974026,Long,20338
Instagram,Video,31,36584,3372,573,178,0.1126995407828558,Short,4123
Facebook,Image,90,34245,858,79,49,0.0287925244561249,Long,986
Facebook,Text,90,193031,13753,1305,310,0.0796141552393139,Long,15368
Facebook,Video,21,7983,307,42,28,0.0472253538769886,Short,377
Instagram,Text,113,233857,19943,1774,1148,0.0977734256404554,Long,22865
Twitter,Text,102,32897,2498,158,368,0.0919232756786333,Long,3024
Facebook,Image,100,174674,4871,393,571,0.0334050860460057,Long,5835
Facebook,Image,74,88538,8365,1564,556,0.1184237276649574,Medium,10485
Facebook,Text,58,79034,5651,291,329,0.0793455980970215,Medium,6271
Twitter,Text,101,51411,4903,343,553,0.1127968722646904,Long,5799
Facebook,Video,12,202814,5713,935,303,0.034272781957853,Short,6951
Twitter,Text,118,80466,7103,1399,555,0.1125568563119827,Long,9057
Facebook,Text,57,209928,14721,2255,601,0.083728706985252,Medium,17577
Twitter,Image,104,105482,6297,1186,333,0.074097950361199,Long,7816
Facebook,Text,9,231425,19404,3459,636,0.1015404558712325,Short,23499
Instagram,Text,73,174198,11663,1422,880,0.0801673957221093,Medium,13965
Instagram,Image,51,206115,14482,1448,2034,0.0871552288770831,Medium,17964
Instagram,Video,78,291069,9555,1383,316,0.0386643716781931,Medium,11254
Instagram,Image,44,159761,13345,1735,1025,0.1008068302026151,Medium,16105
Facebook,Image,11,66942,4587,247,269,0.0762301694003764,Short,5103
Instagram,Text,16,190218,16357,3166,1098,0.1084071959541158,Short,20621
Twitter,Text,98,17238,717,97,86,0.0522102332057083,Long,900
Instagram,Video,29,160879,6411,1161,490,0.0501121961225517,Short,8062
Instagram,Text,32,241130,2930,469,306,0.0153651557251275,Short,3705
Instagram,Video,47,210529,16668,1685,2439,0.0987607408005547,Medium,20792
Facebook,Video,81,14204,564,104,56,0.0509715573078006,Long,724
Instagram,Video,51,256628,10123,1706,646,0.0486112193525258,Medium,12475
Twitter,Video,53,198317,14275,1634,1023,0.0853784597387011,Medium,16932
Instagram,Text,90,171769,5626,990,621,0.0421321658739353,Long,7237
Instagram,Image,58,137602,12633,1146,1392,0.1102527579540995,Medium,15171
Instagram,Image,22,232849,13604,2048,923,0.0711834708330291,Short,16575
Twitter,Text,31,26297,2557,171,291,0.1148039700346047,Short,3019
Instagram,Text,76,202323,3419,614,313,0.0214805039466595,Medium,4346
Twitter,Video,10,193820,7813,1245,1152,0.0526777422350634,Short,10210
Twitter,Text,79,42295,1875,136,258,0.0536470031918666,Medium,2269
Instagram,Image,97,57464,4352,231,553,0.0893776973409438,Long,5136
Twitter,Text,109,9223,269,29,6,0.0329610755719397,Long,304
Facebook,Text,73,147493,6457,976,448,0.0534330442800675,Medium,7881
Instagram,Video,75,98232,9033,835,853,0.1091395879143252,Medium,10721
Instagram,Video,26,288720,5863,1149,514,0.0260667775006927,Short,7526
Twitter,Video,63,84121,6483,1233,773,0.1009141593656756,Medium,8489
Twitter,Video,51,135212,9900,1382,1367,0.0935493891074756,Medium,12649
Instagram,Image,72,64016,1392,135,170,0.0265089977505623,Medium,1697
Facebook,Text,36,110552,7955,1467,386,0.0887184311455242,Short,9808
Twitter,Text,87,103975,6371,1086,529,0.0768069247415244,Long,7986
Twitter,Video,113,174450,6258,393,445,0.040676411579249,Long,7096
Facebook,Image,101,141442,5375,652,642,0.047150068579347,Long,6669
Facebook,Image,5,185822,15789,3113,2153,0.1133073586550569,Short,21055
Instagram,Text,58,128505,3956,467,226,0.0361775806388856,Medium,4649
Facebook,Video,50,229124,12865,2443,1074,0.0714984026116862,Medium,16382
Instagram,Text,45,279166,19905,3913,2292,0.0935285815607917,Medium,26110
Facebook,Text,112,62222,1349,145,35,0.0245733020475073,Long,1529
Twitter,Image,118,20328,1909,371,277,0.1257870916961826,Long,2557
Instagram,Image,45,7929,265,18,32,0.039727582292849,Medium,315
Instagram,Text,12,73919,2860,211,259,0.0450493107320174,Short,3330
Instagram,Video,36,266039,18609,1702,2255,0.0848221501358823,Short,22566
Facebook,Video,34,55692,948,113,122,0.0212418300653594,Short,1183
Twitter,Text,50,51545,3426,264,288,0.0771752837326607,Medium,3978
Instagram,Text,96,229040,21173,2139,1634,0.1089154732797764,Long,24946
Instagram,Video,109,81647,2646,173,341,0.0387031979129667,Long,3160
Instagram,Video,56,64962,2765,316,364,0.0530310027400634,Medium,3445
Instagram,Video,100,102435,3166,551,114,0.0373993264021086,Long,3831
Twitter,Text,93,25161,2105,293,290,0.1068320019077143,Long,2688
Facebook,Image,102,142895,3584,614,200,0.030777843871374,Long,4398
Twitter,Video,65,35089,1445,101,154,0.0484482316395451,Medium,1700
Instagram,Video,101,288197,18471,2030,2072,0.0783248958177913,Long,22573
Twitter,Video,17,118381,5494,307,309,0.0516130122232452,Short,6110
Instagram,Text,93,22447,356,37,21,0.0184434445582928,Long,414
Facebook,Image,110,92841,8847,1257,989,0.1194838487306254,Long,11093
Facebook,Image,44,6111,246,33,10,0.0472917689412534,Medium,289
Facebook,Video,107,61820,3097,182,407,0.0596247169200905,Long,3686
Instagram,Text,65,98029,2458,145,120,0.027777494414918,Medium,2723
Twitter,Image,48,119949,10541,1009,692,0.1020600421845951,Medium,12242
Facebook,Text,117,210593,7629,1264,417,0.0442084969585883,Long,9310
Instagram,Image,66,204694,2412,128,125,0.0130194338866796,Medium,2665
Instagram,Video,48,246538,9485,1350,1396,0.0496110133123494,Medium,12231
Twitter,Text,52,185575,18291,1418,968,0.1114212582513808,Medium,20677
Facebook,Video,78,92000,2135,409,203,0.0298586956521739,Medium,2747
Instagram,Image,63,207940,2663,304,311,0.0157641627392517,Medium,3278
Twitter,Image,61,175614,10894,622,277,0.0671529604701219,Medium,11793
Facebook,Video,99,240239,10438,1639,1405,0.0561191147149297,Long,13482
Twitter,Image,112,70712,5766,707,229,0.0947788211336124,Long,6702
Twitter,Video,15,135488,10279,1872,991,0.0969975200755786,Short,13142
Instagram,Video,29,176508,4710,696,486,0.0333809232442722,Short,5892
Instagram,Video,65,6229,378,58,38,0.0760956814898057,Medium,474
Instagram,Image,50,247193,3193,527,368,0.0165376851286241,Medium,4088
Twitter,Text,58,175419,8692,982,1226,0.0621369406962757,Medium,10900
Instagram,Video,113,266882,19819,3347,2784,0.0972339835582766,Long,25950
Twitter,Text,38,103101,4881,281,464,0.0545678509422799,Short,5626
Twitter,Image,88,3363,69,11,4,0.0249776984834968,Long,84
Instagram,Image,11,87372,1357,197,83,0.0187359794899967,Short,1637
Facebook,Text,101,219896,19093,2577,2582,0.1102885000181904,Long,24252
Facebook,Video,66,221988,20027,1957,2621,0.1108393246481791,Medium,24605
Facebook,Image,61,48869,1997,134,116,0.045980069164501,Medium,2247
Twitter,Video,103,51729,1281,188,50,0.0293645730634653,Long,1519
Twitter,Video,97,22303,2187,264,288,0.1228085907725418,Long,2739
Twitter,Text,80,74853,4425,365,438,0.0698435600443536,Long,5228
Instagram,Image,9,8264,437,24,26,0.0589303000968054,Short,487
Twitter,Text,80,151387,11618,1519,1154,0.0944004438954467,Long,14291
Instagram,Image,97,238618,6012,414,171,0.0276466989078778,Long,6597
Instagram,Text,39,258941,16105,3050,720,0.0767549364527054,Short,19875
Facebook,Image,88,81229,7319,531,665,0.1048270937719287,Long,8515
Facebook,Image,41,85102,1027,56,92,0.0138069610584945,Medium,1175
Facebook,Image,64,63521,4482,400,233,0.0805245509359109,Medium,5115
Instagram,Video,69,291955,17408,1327,2570,0.0729735746947303,Medium,21305
Instagram,Video,20,263226,25157,4243,1851,0.1187230744683276,Short,31251
Instagram,Text,34,24856,827,77,92,0.0400708078532346,Short,996
Twitter,Text,77,117212,10232,887,548,0.099537590007849,Medium,11667
Instagram,Image,46,125347,4739,944,356,0.048178257158129,Medium,6039
Facebook,Image,65,181042,8814,639,1128,0.0584450017123098,Medium,10581
Facebook,Video,78,234746,6853,430,893,0.0348291344687449,Medium,8176
Instagram,Video,81,112780,9893,948,371,0.0994147898563575,Long,11212
Instagram,Video,52,244291,6739,746,445,0.0324612859253922,Medium,7930
Facebook,Text,66,79174,6912,1134,320,0.1056660014651274,Medium,8366
Instagram,Video,88,127155,6485,1253,880,0.0677755495261688,Long,8618
Facebook,Text,97,23598,2009,330,237,0.1091617933723196,Long,2576
Twitter,Video,68,44541,1505,239,140,0.0422981073617565,Medium,1884
Facebook,Video,61,144724,3176,631,331,0.0285923551035073,Medium,4138
Twitter,Image,72,150035,8994,1482,1248,0.0781417669210517,Medium,11724
Instagram,Text,50,119047,6648,471,395,0.0631179282132267,Medium,7514
Instagram,Video,117,37223,1566,186,34,0.0479810869623619,Long,1786
Twitter,Image,32,33024,2300,288,53,0.0799721414728682,Short,2641
Instagram,Text,105,127538,2367,226,61,0.0208094842321504,Long,2654
Twitter,Text,81,5941,391,29,14,0.0730516748022218,Long,434
Instagram,Video,7,46617,1354,212,127,0.0363172233305446,Short,1693
Facebook,Text,41,93815,2026,185,298,0.0267441240739753,Medium,2509
Instagram,Image,52,31025,2850,409,212,0.1118775181305399,Medium,3471
Facebook,Image,23,86172,4427,435,498,0.0622011790372742,Short,5360
Facebook,Text,96,110019,8659,1090,1064,0.0982830238413365,Long,10813
Twitter,Image,87,45224,814,81,101,0.0220237042278436,Long,996
Instagram,Text,21,18277,277,30,21,0.0179460524156043,Short,328
Twitter,Image,86,181790,9914,1584,907,0.0682380769019198,Long,12405
Instagram,Text,86,299997,11519,2103,722,0.047813811471448,Long,14344
Facebook,Text,91,160883,1679,212,183,0.0128913558300131,Long,2074
Facebook,Text,44,95464,2529,357,176,0.032074918293807,Medium,3062
Instagram,Image,54,11909,353,63,21,0.0366949366025694,Medium,437
Instagram,Text,77,98605,3546,253,360,0.0421783885198519,Medium,4159
Twitter,Text,33,186505,16594,1233,1068,0.1013109568108093,Short,18895
Instagram,Video,55,239029,11438,1188,835,0.0563153424898234,Medium,13461
Instagram,Video,46,209641,14915,1437,1676,0.0859946289132373,Medium,18028
Instagram,Text,33,146820,1711,338,224,0.0154815420242473,Short,2273
Twitter,Video,70,72602,6044,813,462,0.1008098950442136,Medium,7319
Instagram,Text,21,198537,6279,807,551,0.0384663815812669,Short,7637
Facebook,Video,113,244880,9259,1266,1083,0.0474028095393662,Long,11608
Twitter,Image,35,116200,1635,296,80,0.0173063683304647,Short,2011
Twitter,Image,96,51408,2409,208,178,0.0543689698101462,Long,2795
Facebook,Text,111,14998,1300,164,163,0.1084811308174423,Long,1627
Facebook,Text,116,147836,6517,590,888,0.0540801969750263,Long,7995
Facebook,Image,56,102751,9429,1575,979,0.1166217360414983,Medium,11983
Instagram,Image,43,181451,15980,2661,1136,0.108993612600647,Medium,19777
Facebook,Video,64,215466,3356,649,331,0.0201238246405465,Medium,4336
Instagram,Text,98,195660,7332,858,317,0.0434784830828989,Long,8507
Twitter,Image,103,121287,11150,822,265,0.1008929233965717,Long,12237
Twitter,Image,116,103647,1314,242,39,0.0153887715032755,Long,1595
Facebook,Text,55,216685,17101,3139,582,0.0960934074809054,Medium,20822
Instagram,Video,88,198470,18175,1548,896,0.1038897566382828,Long,20619
Facebook,Video,20,209865,16651,1522,1332,0.0929406999737926,Short,19505
Facebook,Video,102,181282,13948,1353,700,0.0882657958319083,Long,16001
Instagram,Video,18,115716,9940,1170,954,0.1042552456012997,Short,12064
Facebook,Image,94,126362,8835,1540,1323,0.0925752995362529,Long,11698
Twitter,Text,88,71201,3423,245,290,0.055589106894566,Long,3958
Facebook,Text,46,128955,2017,312,238,0.0199061688185801,Medium,2567
Instagram,Image,55,113894,9215,948,534,0.0939206630726816,Medium,10697
Instagram,Image,28,21734,1988,157,288,0.1119444188828563,Short,2433
Twitter,Image,111,125107,7011,706,367,0.0646166881149735,Long,8084
Instagram,Text,86,27313,1582,205,154,0.0710650605938564,Long,1941
Instagram,Text,47,154277,7142,1344,1055,0.06184330781646,Medium,9541
Twitter,Text,77,14464,1260,181,157,0.1104811946902654,Medium,1598
Facebook,Video,23,112086,1270,179,189,0.0146137787056367,Short,1638
Twitter,Image,88,29132,1928,127,133,0.0751064121927777,Long,2188
Facebook,Image,65,53737,4925,305,148,0.100080019353518,Medium,5378
Twitter,Image,110,102584,1978,137,102,0.0216115573578725,Long,2217
Facebook,Text,98,203357,19588,1260,2830,0.1164356279842838,Long,23678
Twitter,Image,67,197621,19187,2618,1308,0.1169561939267588,Medium,23113
Facebook,Image,30,38306,3588,422,129,0.108050958074453,Short,4139
Twitter,Video,99,27592,1424,72,138,0.0592200637866048,Long,1634
Facebook,Text,39,118131,5252,539,446,0.0527973182314549,Short,6237
Twitter,Image,71,46758,3438,237,96,0.0806493006544334,Medium,3771
Instagram,Text,60,262579,10157,2013,801,0.0493984667471503,Medium,12971
Facebook,Text,44,234910,3794,451,388,0.0197224468945553,Medium,4633
Twitter,Text,33,100392,9148,1042,459,0.1060741891784206,Short,10649
Facebook,Video,10,121078,8128,1191,294,0.0793951006789012,Short,9613
Facebook,Text,56,221229,6336,656,839,0.0353977100651361,Medium,7831
Twitter,Text,5,8577,99,15,10,0.0144572694415296,Short,124
Facebook,Text,56,88230,6627,1230,266,0.0920661906381049,Medium,8123
Twitter,Image,28,141335,12261,1530,1247,0.1063996886829164,Short,15038
Instagram,Video,106,275216,12799,1375,1479,0.0568753270158711,Long,15653
Facebook,Image,38,63814,1102,141,107,0.0211552323941454,Short,1350
Instagram,Video,119,251575,17201,2417,603,0.080377620987777,Long,20221
Facebook,Video,11,119386,4384,776,158,0.0445445864674249,Short,5318
Facebook,Text,79,179378,4117,449,106,0.0260455574262172,Medium,4672
Facebook,Text,15,243484,13619,786,686,0.0619794319133906,Short,15091
Twitter,Image,40,110538,5898,852,163,0.0625395791492518,Medium,6913
Instagram,Video,24,141763,8010,1586,998,0.0747303598259066,Short,10594
Facebook,Text,67,221721,18658,3323,410,0.1009872768028287,Medium,22391
Twitter,Text,84,135025,7238,1185,691,0.0674986113682651,Long,9114
Facebook,Text,67,73499,6691,511,838,0.1093892433910665,Medium,8040
Twitter,Text,73,95405,8182,1327,1115,0.1113568471254127,Medium,10624
Facebook,Image,92,79981,5486,341,401,0.0778684937672697,Long,6228
Instagram,Image,34,156257,2362,293,237,0.0185079708429062,Short,2892
Instagram,Text,34,39699,3487,368,500,0.109700496234162,Short,4355
Facebook,Text,107,118799,10870,2019,1166,0.1183090766757296,Long,14055
Twitter,Text,116,101176,4426,327,606,0.0529671068237526,Long,5359
Facebook,Text,115,76490,4386,738,477,0.0732252582036867,Long,5601
Twitter,Text,105,55739,1967,112,56,0.0383035217711117,Long,2135
Facebook,Video,101,58631,663,102,30,0.0135593798502498,Long,795
Twitter,Video,88,151017,8026,754,1141,0.065694590675222,Long,9921
Instagram,Video,26,174366,3773,740,489,0.02868678526777,Short,5002
Facebook,Video,109,15920,421,63,31,0.0323492462311557,Long,515
Instagram,Text,65,231592,12335,1188,505,0.0605720404849908,Medium,14028
Instagram,Video,25,189681,16698,1424,675,0.0990979592051918,Short,18797
Facebook,Video,41,74096,6373,929,877,0.1103838263873893,Medium,8179
Facebook,Image,31,214997,20823,1893,866,0.1096852514221128,Short,23582
Twitter,Video,106,64358,3439,268,241,0.0613443550141396,Long,3948
Twitter,Video,39,157337,9389,1381,1287,0.0766316886682725,Short,12057
Instagram,Text,42,243461,20448,3243,497,0.0993506146775048,Medium,24188
Twitter,Video,108,142510,10399,891,1060,0.0866605852220896,Long,12350
Twitter,Video,64,117434,3106,404,203,0.0316177597629306,Medium,3713
Facebook,Text,74,73779,3381,505,114,0.0542159693137613,Medium,4000
Twitter,Video,36,161701,15139,2895,1419,0.1203022863185756,Short,19453
Instagram,Text,84,241202,5584,952,463,0.0290171723285876,Long,6999
Twitter,Video,96,195514,5639,637,185,0.0330462268686641,Long,6461
Instagram,Image,84,240493,11076,1956,606,0.0567085112664401,Long,13638
Facebook,Image,31,85926,8127,944,944,0.1165537788329492,Short,10015
Instagram,Video,7,91230,1846,128,218,0.0240271840403376,Short,2192
Twitter,Image,53,65605,4629,468,452,0.0845819678378172,Medium,5549
Facebook,Text,89,64666,1415,241,48,0.0263507871215167,Long,1704
Twitter,Video,106,110987,6349,1227,831,0.0757476100804598,Long,8407
Facebook,Text,106,83420,4862,960,206,0.0722608487173339,Long,6028
Facebook,Image,34,71412,988,144,112,0.0174200414496163,Short,1244
Twitter,Text,26,53178,5098,620,130,0.1099702884651547,Short,5848
Twitter,Image,23,73092,6037,448,381,0.0939364089093197,Short,6866
Facebook,Image,35,220099,8200,536,673,0.0427489447930249,Short,9409
Facebook,Image,24,41009,892,113,21,0.0250188982906191,Short,1026
Twitter,Text,115,116210,4776,760,202,0.049376129420876,Long,5738
Instagram,Image,23,68976,6241,615,383,0.1049495476687543,Short,7239
Twitter,Video,6,128202,2812,425,415,0.0284862950655996,Short,3652
Facebook,Image,44,247290,10247,1389,1243,0.0520805531966517,Medium,12879
Twitter,Video,43,165297,9006,1721,1164,0.071937179743129,Medium,11891
Instagram,Video,95,75935,984,80,105,0.0153947455060248,Long,1169
Twitter,Video,76,109237,3727,516,216,0.0408195025495024,Medium,4459
Facebook,Video,113,147720,9396,1053,1054,0.0778702951529921,Long,11503
Twitter,Text,58,176008,6891,614,741,0.0468501431753102,Medium,8246
Facebook,Video,31,174335,15402,1595,1529,0.1062666704907218,Short,18526
Facebook,Image,83,51373,4844,456,284,0.1086952290113483,Long,5584
Twitter,Video,16,185886,9245,1193,501,0.0588478960222932,Short,10939
Facebook,Image,115,199209,11530,1541,734,0.0692990778529082,Long,13805
Facebook,Text,82,221412,14784,2658,896,0.0828229725579462,Long,18338
Instagram,Video,75,164219,11463,1916,345,0.0835713285308033,Medium,13724
Instagram,Image,21,24295,381,36,47,0.0190985799547231,Short,464
Instagram,Text,94,274041,4064,770,276,0.0186468448151918,Long,5110
Instagram,Text,105,212884,18713,3373,2093,0.1135782867665019,Long,24179
Facebook,Image,88,172325,5133,738,289,0.0357464094008414,Long,6160
Twitter,Video,14,7838,490,25,48,0.0718295483541719,Short,563
Facebook,Text,23,216765,14354,1167,351,0.0732221530228588,Short,15872
Facebook,Image,86,201752,5003,842,169,0.0298088742614695,Long,6014
Facebook,Video,34,82942,6514,769,438,0.0930891466325866,Short,7721
Twitter,Text,34,28414,2498,172,137,0.0987893292039135,Short,2807
Instagram,Image,29,34483,1230,136,81,0.0419627062610561,Short,1447
Facebook,Text,92,247255,22007,1799,3102,0.1088269195769549,Long,26908
Facebook,Text,78,145585,2517,462,74,0.0209705670227015,Medium,3053
Instagram,Image,70,191621,15720,2882,1260,0.1036525224270826,Medium,19862
Facebook,Text,106,178874,12093,1306,553,0.0779990384292854,Long,13952
Twitter,Image,100,159523,9966,703,660,0.0710179723300088,Long,11329
Facebook,Video,39,43909,1348,139,145,0.037167778815277,Short,1632
Facebook,Image,55,51091,2174,150,318,0.0517116517586267,Medium,2642
Instagram,Video,105,177035,16274,1555,1795,0.1108481373739656,Long,19624
Facebook,Text,75,188806,9802,1623,1323,0.067519040708452,Medium,12748
Facebook,Image,75,222280,14113,1323,552,0.0719272989022854,Medium,15988
Twitter,Image,31,80167,7553,994,329,0.1107188743497948,Short,8876
Instagram,Image,14,70509,3665,248,491,0.0624601114751308,Short,4404
Instagram,Image,101,133104,5982,611,592,0.0539803461954561,Long,7185
Twitter,Video,47,34291,3099,173,381,0.106529410049284,Medium,3653
Facebook,Video,59,155889,14338,1895,702,0.1086349902815464,Medium,16935
Instagram,Text,75,89487,3751,383,245,0.0489344821035457,Medium,4379
Instagram,Text,10,266021,16833,3043,513,0.0766443250720807,Short,20389
Facebook,Text,10,113003,10931,1190,1491,0.1204569790182561,Short,13612
Facebook,Text,81,222744,3339,446,481,0.0191520310311388,Long,4266
Instagram,Image,52,138631,1882,369,247,0.0180190577864979,Medium,2498
Facebook,Video,81,17744,1002,146,76,0.0689810640216411,Long,1224
Instagram,Video,6,243906,8832,1104,568,0.0430657712397399,Short,10504
Facebook,Video,87,24021,1498,96,120,0.0713542317139169,Long,1714
Facebook,Video,55,85532,6430,1113,661,0.0959173174952064,Medium,8204
Twitter,Text,65,58898,955,139,72,0.0197969370776596,Medium,1166
Facebook,Image,23,81723,7307,484,546,0.1020153445174553,Short,8337
Twitter,Video,118,184108,6429,558,488,0.0406011688791361,Long,7475
Facebook,Image,106,56176,2489,325,290,0.0552549131301623,Long,3104
Instagram,Image,6,63399,2557,145,312,0.0475401820217984,Short,3014
Instagram,Image,55,154078,13186,2080,1755,0.1104700216773322,Medium,17021
Facebook,Image,30,215983,5477,460,282,0.0287939328558266,Short,6219
Facebook,Video,74,55434,697,86,28,0.0146300104628928,Medium,811
Instagram,Video,24,118214,11521,993,747,0.1121779146294009,Short,13261
Facebook,Video,27,67591,6641,819,495,0.1176931840037874,Short,7955
Twitter,Text,58,136141,4518,354,502,0.03947378085955,Medium,5374
Twitter,Video,19,8486,92,12,10,0.0134338911147772,Short,114
Twitter,Text,10,198461,13521,2522,2000,0.0909145877527574,Short,18043
Twitter,Text,96,168500,11518,1970,796,0.0847715133531157,Long,14284
Twitter,Text,39,30800,2914,251,210,0.109577922077922,Short,3375
Facebook,Video,79,94154,3470,432,313,0.0447670837139155,Medium,4215
Facebook,Video,12,171292,4634,525,586,0.033539219578264,Short,5745
Twitter,Video,61,126322,8270,1611,875,0.0851474802488877,Medium,10756
Facebook,Text,54,190326,11558,1962,1091,0.0767682817901915,Medium,14611
Facebook,Text,53,14869,1109,73,115,0.0872284619005985,Medium,1297
Twitter,Image,119,137248,12305,926,989,0.1036080671485194,Long,14220
Facebook,Text,119,39454,2382,369,282,0.0768743346682212,Long,3033
Facebook,Text,92,226088,5314,393,158,0.0259412264251088,Long,5865
Facebook,Video,25,128593,8208,1580,707,0.0816140847480033,Short,10495
Twitter,Image,117,72773,3177,632,396,0.0577824193038626,Long,4205
Facebook,Image,40,160525,8146,1358,483,0.0622146083164616,Medium,9987
Instagram,Image,75,71326,6872,371,890,0.1140257409640243,Medium,8133
Instagram,Video,73,52595,3152,385,383,0.0745317996007225,Medium,3920
Twitter,Image,62,43184,1013,112,96,0.0282743608743979,Medium,1221
Instagram,Image,67,263184,13128,2230,692,0.0609839503921211,Medium,16050
Twitter,Video,97,149681,4574,425,603,0.037426259845939,Long,5602
Instagram,Image,20,125036,2774,299,66,0.02510476982629,Short,3139
Instagram,Text,10,79539,5893,377,571,0.0860081218018833,Short,6841
Instagram,Text,82,32068,2134,216,259,0.08135836347761,Long,2609
Twitter,Text,56,48996,2685,526,223,0.0700873540697199,Medium,3434
Twitter,Text,6,194518,9354,1789,312,0.0588891516466342,Short,11455
Facebook,Text,93,203831,7949,1292,1020,0.0503407234424596,Long,10261
Twitter,Text,99,91440,1638,304,226,0.0237095363079615,Long,2168
Instagram,Text,118,172906,6386,521,595,0.0433877366892993,Long,7502
Instagram,Text,118,156818,13400,1919,1639,0.1081380963919958,Long,16958
Twitter,Text,81,98940,7967,995,791,0.0985748938750758,Long,9753
Twitter,Video,22,23407,2282,258,215,0.1176998333831759,Short,2755
Twitter,Video,85,100550,6942,685,256,0.0783988065638985,Long,7883
Facebook,Text,113,90657,5423,975,416,0.0751624254056498,Long,6814
Instagram,Video,96,31403,1150,141,124,0.0450593892303283,Long,1415
Facebook,Video,80,14637,247,39,19,0.0208376033340165,Long,305
Facebook,Text,39,142684,9363,1459,939,0.0824269014045022,Short,11761
Instagram,Text,90,166482,8979,632,1224,0.0650821109789647,Long,10835
Instagram,Video,43,65108,5099,292,344,0.0880844135897278,Medium,5735
Twitter,Text,5,140800,6627,1166,846,0.061356534090909,Short,8639
Twitter,Text,41,65594,6474,799,153,0.1132115742293502,Medium,7426
Facebook,Text,25,21464,982,168,128,0.0595415579575102,Short,1278
Twitter,Text,5,165015,6596,623,223,0.0450989304002666,Short,7442
Twitter,Video,8,32838,2902,520,179,0.1096595407759303,Short,3601
Instagram,Image,100,10919,497,86,43,0.0573312574411576,Long,626
Instagram,Video,62,274941,24299,2606,2539,0.107092067025289,Medium,29444
Twitter,Image,5,184959,2304,257,331,0.0156358976854329,Short,2892
Instagram,Image,17,93003,6727,690,403,0.0840833091405653,Short,7820
Twitter,Image,50,91272,1502,82,46,0.0178587080375142,Medium,1630
Instagram,Video,51,108638,2535,388,201,0.0287560522100922,Medium,3124
Instagram,Video,85,239316,17471,1588,1133,0.0843737986595129,Long,20192
Instagram,Video,80,82557,2978,543,291,0.0461741584602153,Long,3812
Instagram,Video,11,294402,8519,1572,1192,0.0383251472476409,Short,11283
Twitter,Video,55,117090,9617,1523,996,0.1036467674438466,Medium,12136
Facebook,Image,7,153431,14600,1127,1389,0.111555031251833,Short,17116
Instagram,Video,54,96714,2989,189,155,0.0344624356349649,Medium,3333
Twitter,Image,30,14914,574,98,31,0.0471369183317688,Short,703
Twitter,Video,35,140608,10442,1920,800,0.0936077605826126,Short,13162
Instagram,Video,104,191143,15936,1638,2165,0.103268233730767,Long,19739
Facebook,Text,66,124448,12435,1280,1185,0.1197287220365132,Medium,14900
Instagram,Image,30,38748,1340,145,112,0.0412150304531846,Short,1597
Twitter,Video,71,41448,2490,433,225,0.0759505886894422,Medium,3148
Facebook,Video,112,49132,1083,169,139,0.0283114874216396,Long,1391
Twitter,Video,59,78022,3103,211,335,0.0467688600651098,Medium,3649
Instagram,Text,32,81323,1142,165,160,0.018039177108567,Short,1467
Facebook,Image,48,168206,4873,250,465,0.033221169280525,Medium,5588
Twitter,Video,85,103242,5739,898,261,0.0668138935704461,Long,6898
Twitter,Video,42,124347,3076,506,69,0.0293613838693333,Medium,3651
Twitter,Video,115,62120,5593,963,342,0.1110431423052157,Long,6898
Instagram,Text,34,65592,4849,697,136,0.086626417855836,Short,5682
Facebook,Video,70,205795,2571,198,187,0.0143638086445248,Medium,2956
Instagram,Image,12,210103,18678,3157,829,0.1078709014150202,Short,22664
Instagram,Image,18,14885,1458,269,105,0.123076923076923,Short,1832
Instagram,Image,105,134006,7392,1072,531,0.067123860125666,Long,8995
Facebook,Image,103,98964,3791,345,211,0.0439250636595125,Long,4347
Instagram,Video,110,193133,6510,500,682,0.039827476402272,Long,7692
Instagram,Text,107,167394,2990,253,228,0.0207355102333416,Long,3471
Instagram,Text,66,55073,2987,156,406,0.0644417409619959,Medium,3549
Instagram,Text,79,292140,4239,218,126,0.0156876839871294,Medium,4583
Twitter,Video,67,94290,5218,493,382,0.064619790009545,Medium,6093
Instagram,Text,83,165321,5410,1019,653,0.0428378729864929,Long,7082
Twitter,Image,70,128379,6788,972,572,0.0649015804765577,Medium,8332
Instagram,Video,105,206295,9830,1060,1431,0.0597251508761724,Long,12321
Facebook,Text,111,237733,8905,459,380,0.0409871578619712,Long,9744
Twitter,Image,100,154195,7767,1541,474,0.063439151723467,Long,9782
Twitter,Image,44,35095,1848,218,64,0.0606924063256874,Medium,2130
Twitter,Video,17,94971,8075,1604,420,0.1063377241473713,Short,10099
Twitter,Video,111,89158,6233,984,669,0.0884497184773099,Long,7886
Facebook,Text,21,78821,3860,222,321,0.0558607477702642,Short,4403
Instagram,Text,19,95463,8732,1561,358,0.1115720226684684,Short,10651
Twitter,Text,37,186956,14585,1889,1191,0.0944874729882967,Short,17665
Facebook,Video,119,8291,139,16,18,0.0208659992763237,Long,173
Twitter,Text,20,174265,4153,679,320,0.0295641695119501,Short,5152
Instagram,Text,119,118844,2061,342,44,0.0205900171653596,Long,2447
Twitter,Image,17,5122,198,33,5,0.046075751659508,Short,236
Facebook,Image,90,7876,387,63,29,0.0608176739461655,Long,479
Instagram,Image,27,248082,13739,2008,1334,0.0688522343418708,Short,17081
Facebook,Text,40,208732,18081,2736,2445,0.111444340110764,Medium,23262
Instagram,Video,47,62147,721,128,106,0.015366791639178,Medium,955
Instagram,Image,54,137895,6694,1028,987,0.0631567497008593,Medium,8709
Instagram,Video,118,107377,5045,328,466,0.0543784981886251,Long,5839
Twitter,Text,78,128225,12216,1793,301,0.1116007018912068,Medium,14310
Facebook,Text,85,192276,6093,460,290,0.0355894651438557,Long,6843
Facebook,Image,98,184454,3876,202,296,0.0237132293146258,Long,4374
Facebook,Video,17,144459,3294,270,442,0.0277310517170962,Short,4006
Instagram,Image,34,107699,6118,447,139,0.0622475603301794,Short,6704
Twitter,Text,61,184247,8324,543,717,0.0520171291798509,Medium,9584
Instagram,Video,114,23980,1867,153,195,0.0923686405337781,Long,2215
Facebook,Image,34,158296,6187,832,355,0.0465836155051296,Short,7374
Twitter,Text,75,9121,196,14,11,0.0242297993641048,Medium,221
Twitter,Image,14,130946,5868,539,413,0.0520825378400256,Short,6820
Twitter,Video,103,144953,12969,2301,722,0.1103254158244396,Long,15992
Facebook,Video,70,216525,10067,1844,773,0.0585798406650502,Medium,12684
Twitter,Video,98,85176,7242,723,293,0.0969521931060392,Long,8258
Twitter,Video,87,52809,2293,423,105,0.053418924804484,Long,2821
Instagram,Video,43,129032,4558,628,113,0.0410673321346642,Medium,5299
Instagram,Image,41,121440,9683,812,711,0.0922760210803689,Medium,11206
Twitter,Image,7,25097,723,117,80,0.0366577678607004,Short,920
Twitter,Image,93,4978,153,28,13,0.038971474487746,Long,194
Instagram,Image,38,140404,2033,302,180,0.0179125950827611,Short,2515
Instagram,Text,90,237389,6387,512,501,0.0311724637620108,Long,7400
Instagram,Text,42,259652,11448,719,1099,0.0510914608784064,Medium,13266
Facebook,Image,18,18089,831,70,41,0.0520758471999557,Short,942
Facebook,Text,68,130550,6247,629,293,0.0549138261202604,Medium,7169
Instagram,Text,43,200824,10678,1068,1521,0.0660628211767517,Medium,13267
Twitter,Video,58,156556,9623,1200,755,0.0739543677661667,Medium,11578
Instagram,Image,6,59018,1596,200,203,0.0338710223999457,Short,1999
Facebook,Text,100,152220,9933,1199,1382,0.0822099592694783,Long,12514
Twitter,Text,47,129198,5205,528,520,0.0483985820213935,Medium,6253
Facebook,Image,57,249882,19006,1254,1118,0.0855523807237015,Medium,21378
Twitter,Video,7,5830,350,39,37,0.0730703259005145,Short,426
Facebook,Image,45,124388,7448,1473,566,0.0762694150561147,Medium,9487
Twitter,Video,12,70494,5053,748,740,0.0927880386983289,Short,6541
Twitter,Text,94,127200,5084,589,637,0.0496069182389937,Long,6310
Twitter,Video,100,27998,1361,85,171,0.0577541252946639,Long,1617
Twitter,Video,79,69076,4314,353,416,0.0735856158434188,Medium,5083
Facebook,Image,118,164749,7898,1075,166,0.0554722638680659,Long,9139
Facebook,Text,67,32101,1604,199,205,0.0625525684558113,Medium,2008
Twitter,Image,69,122155,4217,222,98,0.0371413368261634,Medium,4537
Twitter,Image,83,9053,324,20,11,0.0392135203799845,Long,355
Facebook,Text,8,139742,10188,1053,1314,0.0898441413461951,Short,12555
Twitter,Image,72,110994,1152,81,55,0.0116042308593257,Medium,1288
Twitter,Image,96,114566,2128,412,275,0.0245709896478885,Long,2815
Twitter,Video,14,115651,11032,608,559,0.1054811458612549,Short,12199
Instagram,Image,79,146353,3926,769,471,0.0352982173238676,Medium,5166
Twitter,Text,54,55341,2635,391,238,0.0589797799100124,Medium,3264
Instagram,Image,27,73069,6318,701,677,0.1053251036691346,Short,7696
Twitter,Video,65,143828,1439,188,185,0.0125983814000055,Medium,1812
Facebook,Image,51,199147,18573,2071,2747,0.1174559496251512,Medium,23391
Instagram,Image,7,190493,2821,383,87,0.0172762253731108,Short,3291
Instagram,Image,107,239452,6076,442,662,0.02998513271971,Long,7180
Twitter,Video,107,150120,1894,128,273,0.0152877697841726,Long,2295
Twitter,Text,21,185678,10538,1362,722,0.0679778972199183,Short,12622
Instagram,Text,26,277020,26283,1595,1665,0.1066457295502129,Short,29543
Facebook,Video,95,192147,16431,1542,1781,0.1028067052829344,Long,19754
Facebook,Video,20,105591,7135,1348,515,0.0852155960261764,Short,8998
Twitter,Image,84,17171,458,83,21,0.0327296022363286,Long,562
Facebook,Text,108,45204,3989,696,163,0.1072471462702415,Long,4848
Facebook,Video,7,139238,10850,1367,488,0.0912466424395639,Short,12705
Twitter,Text,56,87794,2986,161,333,0.0396382440713488,Medium,3480
Facebook,Image,115,46734,3853,262,537,0.0995420892711944,Long,4652
Twitter,Video,37,93251,8294,1558,1034,0.1167386944912119,Short,10886
Instagram,Text,46,101621,7402,1298,579,0.0913098670550378,Medium,9279
Twitter,Text,6,197513,3759,400,333,0.0227428068025902,Short,4492
Instagram,Image,43,50078,4936,786,496,0.124166300571109,Medium,6218
Instagram,Video,50,294922,4966,884,473,0.0214395670719715,Medium,6323
Facebook,Text,52,210998,14538,2079,2121,0.0888065289718385,Medium,18738
Facebook,Image,31,154996,3091,550,418,0.0261877725876796,Short,4059
Facebook,Text,19,48832,4467,387,114,0.1017365661861074,Short,4968
Twitter,Image,11,110540,4587,547,590,0.0517821603039623,Short,5724
Facebook,Text,113,239852,13440,1839,468,0.0656529860080382,Long,15747
Instagram,Text,61,71243,1858,268,203,0.0326909310388389,Medium,2329
Facebook,Image,46,241000,14264,2824,814,0.0742821576763485,Medium,17902
Facebook,Video,13,159120,15036,2659,1812,0.1225930115635998,Short,19507
Twitter,Image,109,34815,3173,184,67,0.0983484130403561,Long,3424
Twitter,Video,10,36682,577,43,40,0.0179924758737255,Short,660
Instagram,Text,61,22489,990,147,22,0.0515363066388011,Medium,1159
Twitter,Text,80,119868,4083,351,587,0.0418877431841692,Long,5021
Facebook,Image,34,193306,10307,761,226,0.0584255015364241,Short,11294
Twitter,Image,59,115694,9838,1475,395,0.1011979877953913,Medium,11708
Instagram,Video,88,243047,18592,2425,1675,0.0933646578645282,Long,22692
Facebook,Video,88,184090,7539,1287,784,0.0522027269270465,Long,9610
Instagram,Video,58,147524,6555,641,752,0.0538759795016404,Medium,7948
Twitter,Image,114,30635,2110,209,109,0.0792557532234372,Long,2428
Twitter,Text,31,101332,2784,202,164,0.0310859353412544,Short,3150
Instagram,Image,88,254488,4897,723,250,0.0230659205935053,Long,5870
Facebook,Text,63,172353,5486,857,283,0.0384443554797421,Medium,6626
Twitter,Image,11,120214,2544,180,309,0.0252300064884289,Short,3033
Twitter,Image,44,154259,6429,566,920,0.0513098101245308,Medium,7915
Facebook,Video,108,25953,2449,179,238,0.1104303934034601,Long,2866
Twitter,Text,98,166890,3475,563,140,0.0250344538318653,Long,4178
Instagram,Image,76,273422,22871,1860,651,0.0928308621837306,Medium,25382
Twitter,Image,6,177638,10324,751,527,0.0653126020333487,Short,11602
Twitter,Text,18,61722,4132,249,178,0.0738634522536534,Short,4559
Facebook,Image,14,21036,532,92,50,0.0320403118463586,Short,674
Instagram,Text,54,118031,2788,191,308,0.0278486160415484,Medium,3287
Facebook,Video,22,158655,3910,212,80,0.0264851407141281,Short,4202
Twitter,Video,22,72244,5059,301,390,0.0795913847516748,Short,5750
Twitter,Text,20,142548,11019,1157,1112,0.0932177231529028,Short,13288
Facebook,Video,56,73854,6855,956,308,0.1099331112735938,Medium,8119
Facebook,Text,73,97805,4483,491,614,0.0571340933490107,Medium,5588
Facebook,Image,56,172699,8907,1053,813,0.0623802106555336,Medium,10773
Instagram,Image,35,160826,8405,1579,545,0.0654682700558367,Short,10529
Twitter,Text,105,197823,6783,1111,152,0.0406727225853414,Long,8046
Facebook,Image,88,22979,908,91,75,0.0467383262979241,Long,1074
Twitter,Video,27,72446,6245,456,397,0.0979764238191204,Short,7098
Instagram,Image,100,197233,8073,1310,1178,0.0535458062291807,Long,10561
Instagram,Image,46,9453,833,113,57,0.1061038823653866,Medium,1003
Instagram,Text,85,62260,2333,453,325,0.0499678766463218,Long,3111
Instagram,Video,66,222789,9042,1684,987,0.0525744089699222,Medium,11713
Twitter,Image,81,93862,5671,763,167,0.0703266497624171,Long,6601
Instagram,Image,117,176777,3408,206,481,0.0231647782234114,Long,4095
Instagram,Text,54,59029,5488,299,229,0.1019160073862,Medium,6016
Facebook,Text,81,138249,11590,2035,906,0.1051074510484705,Long,14531
Instagram,Video,85,37952,2669,412,373,0.0910096964586846,Long,3454
Facebook,Image,19,235509,23299,3122,2975,0.1248190090399942,Short,29396
Instagram,Text,94,206586,2363,362,197,0.0141442304899654,Long,2922
Instagram,Text,48,125825,5913,774,277,0.0553467117027617,Medium,6964
Facebook,Text,96,213381,18617,2545,1604,0.1066917860540535,Long,22766
Instagram,Video,46,134959,6609,554,602,0.0575359924125104,Medium,7765
Twitter,Text,49,73710,771,91,115,0.0132546465879799,Medium,977
Twitter,Video,98,23796,575,29,73,0.0284501596907043,Long,677
Instagram,Video,111,186420,9146,1374,1207,0.0629063405214032,Long,11727
Twitter,Image,39,79413,5568,555,825,0.0874919723470968,Short,6948
Facebook,Image,26,187405,4617,685,406,0.0304580987700434,Short,5708
Instagram,Video,78,284866,14335,2708,1377,0.0646619814228444,Medium,18420
Instagram,Image,79,224163,2499,346,197,0.0135704821937607,Medium,3042
Facebook,Image,42,115761,6132,608,222,0.0601411528925976,Medium,6962
Facebook,Text,101,82098,7440,603,656,0.1059587322468269,Long,8699
Facebook,Image,74,75082,4783,419,457,0.075370927785621,Medium,5659
Instagram,Video,68,30258,1502,297,76,0.061967083085465,Medium,1875
Facebook,Image,105,14706,361,51,43,0.0309397524819801,Long,455
Facebook,Text,11,31943,901,104,32,0.0324640766365087,Short,1037
Twitter,Video,48,66324,1119,94,95,0.0197213678306495,Medium,1308
Twitter,Image,80,24315,1867,309,198,0.0976352046062101,Long,2374
Instagram,Video,11,15352,260,28,7,0.01921573736321,Short,295
Twitter,Image,70,36497,1626,154,202,0.0543058333561662,Medium,1982
Twitter,Text,64,77145,5977,498,355,0.0885345777432108,Medium,6830
Facebook,Image,5,179046,13276,1033,1504,0.0883180858550316,Short,15813
Facebook,Video,66,101322,6279,571,213,0.0697084542350131,Medium,7063
Twitter,Video,91,122659,7533,1085,758,0.0764395600812007,Long,9376
Twitter,Video,93,29228,529,45,48,0.0212809634596961,Long,622
Twitter,Image,22,117152,3015,178,119,0.0282709642174269,Short,3312
Instagram,Image,112,13882,806,83,81,0.0698746578302838,Long,970
Instagram,Image,11,259962,10743,1479,1180,0.0515536886160285,Short,13402
Instagram,Text,119,152340,1783,105,151,0.013384534593672,Long,2039
Twitter,Text,58,72846,5961,702,567,0.0992504736018449,Medium,7230
Twitter,Text,71,26463,1821,105,246,0.082076862033783,Medium,2172
Instagram,Video,97,81789,3216,531,356,0.0501656702001491,Long,4103
Instagram,Video,14,90940,1713,309,236,0.0248295579502969,Short,2258
Twitter,Video,65,182386,11528,2243,1058,0.0813055826653361,Medium,14829
Facebook,Video,63,12827,530,81,22,0.049349029391128,Medium,633
Instagram,Video,63,212546,7010,1015,364,0.0394691031588456,Medium,8389
Twitter,Image,111,166134,12448,1918,534,0.0896866384966352,Long,14900
Twitter,Video,73,92690,3664,652,232,0.0490667817456036,Medium,4548
Facebook,Image,67,141312,3143,537,257,0.0278603374094202,Medium,3937
Twitter,Text,102,130743,6974,807,371,0.0623513304727595,Long,8152
Twitter,Text,12,3585,303,44,24,0.103486750348675,Short,371
Instagram,Text,82,272571,23569,1750,1587,0.0987118952493111,Long,26906
Instagram,Text,108,86156,7447,1148,686,0.1077231997771484,Long,9281
Facebook,Text,59,248954,11920,1902,902,0.0591434562208279,Medium,14724
Facebook,Video,10,12033,976,166,74,0.1010554308983628,Short,1216
Twitter,Video,5,164142,14201,2451,1189,0.1086924735899404,Short,17841
Instagram,Video,60,117458,6032,699,895,0.0649253350133664,Medium,7626
Facebook,Text,101,131767,5097,945,470,0.0494205681240371,Long,6512
Facebook,Text,108,183176,13404,2642,1528,0.0959405162248329,Long,17574
Facebook,Image,79,15199,1389,273,103,0.1161260609250608,Medium,1765
Twitter,Video,118,145848,14219,1960,886,0.1170053754593823,Long,17065
Instagram,Text,92,158799,5735,768,798,0.0459763600526451,Long,7301
Facebook,Text,14,5931,569,67,66,0.1183611532625189,Short,702
Instagram,Text,112,85379,4690,445,448,0.065390786961665,Long,5583
Facebook,Image,27,190265,7143,714,455,0.0436864373373978,Short,8312
Facebook,Text,20,8699,860,70,46,0.1121968042303713,Short,976
Instagram,Image,105,259031,23054,4457,1216,0.1109017839563604,Long,28727
Instagram,Image,20,163393,11816,1689,1010,0.088834895007742,Short,14515
Instagram,Video,60,12636,1144,217,152,0.1197372586261475,Medium,1513
Twitter,Text,112,69396,4950,534,665,0.0886074125309816,Long,6149
Facebook,Image,99,123249,6117,579,714,0.0601221916607842,Long,7410
Twitter,Text,10,117618,11211,783,1014,0.1105953170433097,Short,13008
Instagram,Video,34,282133,27280,2592,1378,0.1107633633782648,Short,31250
Facebook,Video,67,54086,2070,379,170,0.0484228820766926,Medium,2619
Twitter,Image,105,38062,1594,218,175,0.0522042982502233,Long,1987
Facebook,Video,5,213409,9484,1117,923,0.0539995970179327,Short,11524
Twitter,Video,55,195197,16395,2217,1423,0.1026398971295665,Medium,20035
Instagram,Video,110,35398,2874,528,217,0.1022374145431945,Long,3619
Twitter,Text,93,72283,7118,561,838,0.1178285350635695,Long,8517
Facebook,Text,50,105696,5482,1068,709,0.0686780956706024,Medium,7259
Facebook,Image,25,73774,5629,843,641,0.0964160815463442,Short,7113
Facebook,Image,103,5834,508,90,72,0.1148440178265341,Long,670
Facebook,Video,42,51203,1531,197,185,0.0373610921235083,Medium,1913
Instagram,Video,73,31230,2056,175,161,0.0765930195325008,Medium,2392
Twitter,Image,67,74652,4426,598,443,0.073233135080105,Medium,5467
Instagram,Video,117,98715,7586,456,649,0.0880413311046953,Long,8691
Instagram,Image,54,236048,17134,3046,1559,0.0920956754558394,Medium,21739
Instagram,Text,16,275334,22894,3375,3123,0.1067503468514604,Short,29392
Facebook,Video,73,92364,3510,324,207,0.0437508120046771,Medium,4041
Facebook,Video,77,138422,4079,371,88,0.0327838060423921,Medium,4538
Facebook,Video,48,37055,3055,566,337,0.106814195115369,Medium,3958
Twitter,Text,56,176758,7503,1321,326,0.0517656909446814,Medium,9150
Facebook,Text,13,84572,3034,498,121,0.0431939649056425,Short,3653
Twitter,Video,103,161772,6521,731,971,0.0508307989021585,Long,8223
Facebook,Image,69,75146,1200,217,65,0.0197216086019215,Medium,1482
Facebook,Text,115,110554,8798,765,409,0.0902002641243193,Long,9972
Instagram,Video,14,264365,19659,1054,881,0.0816825222703459,Short,21594
Instagram,Video,50,292321,17463,2006,1285,0.0709972940705594,Medium,20754
Instagram,Text,107,212778,15840,2976,1159,0.0938771865512411,Long,19975
Twitter,Image,104,56339,2455,333,250,0.0539235698184206,Long,3038
Twitter,Video,62,51282,1876,158,62,0.0408720408720408,Medium,2096
Facebook,Image,41,240420,21062,3109,2161,0.1095249979203061,Medium,26332
Twitter,Image,56,174142,8362,1352,660,0.0595720733654144,Medium,10374
Facebook,Text,116,95683,2643,350,124,0.0325763197224167,Long,3117
Twitter,Video,103,193775,15000,2645,1817,0.1004360727648045,Long,19462
Twitter,Video,85,103038,4145,575,338,0.0490886857275956,Long,5058
Twitter,Image,17,158478,4606,296,521,0.0342192607175759,Short,5423
Instagram,Text,10,6066,75,12,10,0.0159907682162875,Short,97
Twitter,Text,62,54940,5348,384,352,0.1107389879868948,Medium,6084
Instagram,Text,105,266803,13888,2533,1898,0.068661146988602,Long,18319
Instagram,Image,52,55469,1362,174,62,0.0288088842416484,Medium,1598
Twitter,Image,36,116972,9147,1461,447,0.0945097972164278,Short,11055
Facebook,Video,15,157422,14150,2770,1503,0.117029385981629,Short,18423
Facebook,Text,85,228843,13162,1510,438,0.0660278007192704,Long,15110
Facebook,Image,9,240170,3014,358,238,0.0150310196943831,Short,3610
Twitter,Text,10,137186,5880,1022,281,0.0523595702185354,Short,7183
Facebook,Image,78,227762,7260,483,683,0.0369947576856543,Medium,8426
Instagram,Video,101,185271,12464,674,1556,0.0793108473533364,Long,14694
Facebook,Text,98,127648,7237,1017,184,0.0661036600651792,Long,8438
Twitter,Image,25,67133,2820,211,207,0.0482326128729536,Short,3238
Facebook,Text,46,24245,1657,146,190,0.0822025159826768,Medium,1993
Instagram,Image,85,113574,7109,1396,458,0.0789177100392695,Long,8963
Twitter,Image,31,45266,4145,613,105,0.1074316263862501,Short,4863
Facebook,Image,7,92762,5910,1054,572,0.0812401629977792,Short,7536
Twitter,Text,64,145667,8112,1498,288,0.0679495012597225,Medium,9898
Twitter,Image,97,95254,8013,546,545,0.0955760388015201,Long,9104
Twitter,Video,70,41218,1163,220,173,0.0377504973555242,Medium,1556
Facebook,Text,97,159215,5082,914,364,0.0399459849888515,Long,6360
Twitter,Video,53,179250,14433,819,1870,0.0955202231520223,Medium,17122
Facebook,Video,104,205772,10249,2014,1350,0.0661557451937095,Long,13613
Instagram,Text,38,12787,598,71,32,0.0548213028857433,Short,701
Facebook,Image,41,215532,19362,3798,1886,0.1162054822485756,Medium,25046
Instagram,Video,46,50286,3264,566,467,0.0854512190271646,Medium,4297
Facebook,Text,69,220057,18102,2100,1788,0.0999286548485165,Medium,21990
Twitter,Image,64,2081,172,21,21,0.102835175396444,Medium,214
Facebook,Text,94,6005,124,11,9,0.0239800166527893,Long,144
Twitter,Text,5,75944,5227,643,593,0.0851021805540925,Short,6463
Instagram,Text,63,136406,13057,863,298,0.1042329516296937,Medium,14218
Facebook,Image,8,126438,6726,1253,823,0.0696151473449437,Short,8802
Twitter,Video,107,78639,5968,936,640,0.0959320438967942,Long,7544
Instagram,Video,18,63217,3856,658,257,0.075470205799073,Short,4771
Instagram,Text,114,112248,3191,413,236,0.0342099636519136,Long,3840
Facebook,Text,22,113257,3122,214,194,0.0311680514228701,Short,3530
Instagram,Image,38,30169,1479,193,130,0.0597301866153999,Short,1802
Twitter,Text,5,111247,5948,591,202,0.0605948924465378,Short,6741
Instagram,Text,57,159524,8818,454,1144,0.0652942503949249,Medium,10416
Instagram,Text,26,205505,19718,2804,1619,0.1174715943651006,Short,24141
Twitter,Video,84,59110,1124,200,28,0.0228726103874132,Long,1352
Instagram,Text,65,62253,2754,431,253,0.0552262541564261,Medium,3438
Instagram,Video,26,80210,4516,377,636,0.0689315546689939,Short,5529
Instagram,Image,54,97246,9401,1625,294,0.1164058161775291,Medium,11320
Instagram,Image,20,156042,8642,833,311,0.0627138847233437,Short,9786
Twitter,Video,32,136866,10918,903,767,0.0919731708386304,Short,12588
Instagram,Video,96,34184,2647,513,306,0.1013924643107886,Long,3466
Twitter,Video,90,113178,6901,362,680,0.0701814840339995,Long,7943
Instagram,Video,74,43365,943,70,75,0.0250893577770091,Medium,1088
Instagram,Text,93,36217,1075,129,160,0.0376618714968108,Long,1364
Instagram,Video,46,10051,317,23,13,0.0351208834941796,Medium,353
Instagram,Video,70,87662,1181,88,149,0.0161757660103579,Medium,1418
Twitter,Video,75,145947,6440,934,232,0.0521148088004549,Medium,7606
Twitter,Text,85,71891,4669,807,202,0.0789806790836127,Long,5678
Twitter,Text,39,153064,3518,525,205,0.0277530967438457,Short,4248
Facebook,Text,24,120959,3115,203,415,0.0308616969386321,Short,3733
Instagram,Image,112,187734,13822,2547,1074,0.0929133774382903,Long,17443
Instagram,Text,6,262962,6635,1250,474,0.0317878628851316,Short,8359
Twitter,Video,11,108589,2408,221,201,0.0260615716140677,Short,2830
Facebook,Text,100,245684,24078,3201,2456,0.1210294524673971,Long,29735
Instagram,Text,53,252135,2855,350,214,0.0135601959267852,Medium,3419
Twitter,Video,87,60475,2375,356,344,0.0508474576271186,Long,3075
Instagram,Text,80,298218,3919,770,147,0.0162163249703237,Long,4836
Instagram,Image,13,73052,6240,1235,510,0.1093057000492799,Short,7985
Twitter,Text,31,24622,1539,194,113,0.0749736008447729,Short,1846
Twitter,Image,82,116778,1671,106,183,0.0167839832845227,Long,1960
Instagram,Image,6,118707,7761,777,1126,0.0814105318136251,Short,9664
Instagram,Image,89,203087,4280,479,246,0.0246446104378911,Long,5005
Twitter,Video,72,94543,5163,672,744,0.0695873835186105,Medium,6579
Instagram,Text,64,45982,3230,626,412,0.0928189291461876,Medium,4268
Instagram,Image,119,195141,4559,407,571,0.0283743549535976,Long,5537
Twitter,Image,89,178150,9750,1272,287,0.063480213303396,Long,11309
Instagram,Text,116,122993,6293,589,895,0.063231240802322,Long,7777
Instagram,Video,90,194856,18008,3384,2324,0.1217103912632918,Long,23716
Facebook,Video,53,155908,15530,3082,1692,0.1302306488441901,Medium,20304
Twitter,Image,6,70083,4828,871,176,0.0838291739794244,Short,5875
Facebook,Video,21,106227,9235,930,688,0.1021679987197228,Short,10853
Facebook,Text,87,31130,2123,194,274,0.0832316093800192,Long,2591
Facebook,Video,108,248948,22122,2536,1700,0.1058775326574224,Long,26358
Instagram,Text,92,150511,7374,1195,565,0.0606865943352977,Long,9134
Instagram,Image,24,140787,9111,468,502,0.0716046225858921,Short,10081
Facebook,Text,106,160179,13785,2746,367,0.1054944780526785,Long,16898
Facebook,Image,80,225552,20892,3813,1811,0.1175604738596864,Long,26516
Facebook,Text,93,231372,2827,151,341,0.0143448645471362,Long,3319
Instagram,Text,91,48394,936,100,36,0.022151506385089,Long,1072
Facebook,Video,118,96103,9014,1380,1227,0.1209223437353672,Long,11621
Facebook,Text,102,41665,2548,219,234,0.072026881075243,Long,3001
Twitter,Image,36,165497,16403,1171,2060,0.1186365915998477,Short,19634
Twitter,Text,55,192946,15693,2266,1674,0.1017538585925595,Medium,19633
Instagram,Image,92,135753,11353,2106,426,0.1022813492151186,Long,13885
Twitter,Image,46,177021,7921,1531,1091,0.0595579055592274,Medium,10543
Twitter,Text,67,86360,2865,147,324,0.0386289949050486,Medium,3336
Twitter,Video,93,110889,7079,1282,174,0.0769688607526445,Long,8535
Instagram,Text,65,219367,19548,2621,1864,0.1095561319615074,Medium,24033
Twitter,Text,66,90604,6823,584,562,0.0879541742086442,Medium,7969
Instagram,Video,7,84918,4457,635,586,0.0668645045808898,Short,5678
Facebook,Image,93,149508,11629,2318,418,0.096081815019932,Long,14365
Twitter,Text,96,169102,12198,1115,1180,0.0857056687679625,Long,14493
Instagram,Video,80,9638,888,81,53,0.1060385972193401,Long,1022
Twitter,Video,30,59000,1989,307,103,0.0406610169491525,Short,2399
Facebook,Image,52,12251,254,14,5,0.0222838951922292,Medium,273
Instagram,Video,112,244949,12811,2217,809,0.0646542749715246,Long,15837
Instagram,Image,12,231519,9838,1454,703,0.0518100026347729,Short,11995
Instagram,Text,9,264229,25825,4549,2019,0.1225944162071536,Short,32393
Facebook,Video,15,60245,643,54,74,0.012797742551249,Short,771
Facebook,Text,46,153170,14398,2549,1043,0.1174511980152771,Medium,17990
Facebook,Video,103,141480,13576,1592,616,0.1115634718688153,Long,15784
Instagram,Video,95,74676,1089,76,78,0.0166452407734747,Long,1243
Facebook,Text,45,66982,6032,1117,175,0.1093428085157206,Medium,7324
Twitter,Video,112,104346,5464,851,799,0.0681770264312958,Long,7114
Facebook,Text,106,95154,7512,565,214,0.0871324379427034,Long,8291
Instagram,Text,23,57203,980,85,45,0.0194045766830411,Short,1110
Twitter,Image,52,56617,5433,490,410,0.1118568627797304,Medium,6333
Facebook,Text,57,99311,6423,1249,907,0.0863851939865674,Medium,8579
Twitter,Image,59,108037,9818,1795,424,0.1114155335672038,Medium,12037
Twitter,Text,65,82212,5801,591,417,0.0828224590084172,Medium,6809
Instagram,Video,36,260752,15205,1824,2259,0.0739706694483647,Short,19288
Twitter,Text,50,8005,204,18,20,0.0302311055590256,Medium,242
Twitter,Video,96,181307,4716,761,471,0.0328062347289404,Long,5948
Instagram,Image,40,279117,14662,1087,2149,0.0641236470727329,Medium,17898
Instagram,Video,22,22804,2014,202,172,0.1047184704437818,Short,2388
Instagram,Text,78,93613,1906,268,38,0.0236291967995898,Medium,2212
Twitter,Video,100,195008,19472,3536,467,0.120379676731211,Long,23475
Twitter,Image,22,49276,4377,636,475,0.1113726763536001,Short,5488
Twitter,Video,16,26680,1209,230,57,0.056071964017991,Short,1496
Instagram,Video,119,21862,716,135,58,0.041578995517336,Long,909
Facebook,Text,76,90438,8408,1326,770,0.1161458678873924,Medium,10504
Twitter,Text,101,172625,3640,334,388,0.0252686459087617,Long,4362
Facebook,Video,50,142956,5897,899,182,0.0488122219424158,Medium,6978
Instagram,Image,59,204646,3591,283,426,0.0210118937091367,Medium,4300
Twitter,Video,42,62313,5970,596,833,0.1187392678895254,Medium,7399
Facebook,Image,82,167033,10955,1793,583,0.0798105763531757,Long,13331
Twitter,Image,6,33562,1351,239,93,0.0501459984506286,Short,1683
Twitter,Image,13,159137,5536,622,646,0.0427556130880939,Short,6804
Twitter,Video,112,165156,8252,1060,431,0.0589927099227397,Long,9743
Facebook,Image,9,117746,2145,231,194,0.0218266437925704,Short,2570
Instagram,Video,102,255982,23048,2809,2438,0.1105351157503262,Long,28295
Twitter,Image,23,70116,3925,497,527,0.0705830338296537,Short,4949
Instagram,Image,75,97080,7306,1123,474,0.0917078697981046,Medium,8903
Instagram,Video,43,67278,2088,339,175,0.038675347067392,Medium,2602
Facebook,Text,46,113549,6283,1233,276,0.06862235686796,Medium,7792
Facebook,Text,21,166526,4828,558,289,0.0340787624755293,Short,5675
Instagram,Video,67,116937,9758,609,315,0.0913483328629946,Medium,10682
Twitter,Video,94,55796,4451,682,203,0.0956340956340956,Long,5336
Facebook,Text,50,145349,3392,423,220,0.0277607689079388,Medium,4035
Twitter,Text,95,100524,1679,295,126,0.0208905336039154,Long,2100
Twitter,Text,111,68411,5758,414,644,0.0996330999400681,Long,6816
Twitter,Video,96,193141,3837,563,305,0.0243604413356045,Long,4705
Instagram,Image,24,71732,4258,506,112,0.0679752411754865,Short,4876
Twitter,Video,74,184933,10745,1213,1270,0.0715286076579085,Medium,13228
Instagram,Text,12,266200,7524,1013,671,0.0345905334335086,Short,9208
Instagram,Image,100,290542,18368,2803,2610,0.081850472565068,Long,23781
Twitter,Video,23,81906,4525,803,464,0.0707152101189168,Short,5792
Twitter,Text,36,30517,1703,145,152,0.0655372415375036,Short,2000
Twitter,Video,23,96395,4084,383,237,0.0487992115773639,Short,4704
Twitter,Image,28,199855,17079,2259,866,0.1010932926371619,Short,20204
Instagram,Text,28,291708,5132,523,256,0.0202634140990305,Short,5911
Twitter,Video,60,127570,6311,853,460,0.0597632672258367,Medium,7624
Twitter,Image,85,113554,3790,303,160,0.0374535463303802,Long,4253
Instagram,Image,22,12111,1045,100,135,0.1056890430187433,Short,1280
Facebook,Video,16,155045,4691,463,584,0.0370086104034312,Short,5738
Facebook,Image,45,103190,8155,1621,935,0.1037988177148948,Medium,10711
Instagram,Text,91,136382,8869,1580,233,0.0783241190186388,Long,10682
Facebook,Image,52,210368,18666,3278,547,0.1069126483115302,Medium,22491
Instagram,Video,86,154060,9773,1241,1004,0.0780085680903544,Long,12018
Twitter,Text,68,155115,9319,1118,1093,0.0743319472649324,Medium,11530
Twitter,Image,20,186206,15287,925,358,0.0889874654952042,Short,16570
Facebook,Image,84,93480,5667,451,327,0.0689452289259734,Long,6445
Twitter,Text,104,103850,8932,1646,336,0.1050938854116514,Long,10914
Facebook,Text,27,189398,2734,352,136,0.0170117952671094,Short,3222
Facebook,Image,90,133874,7304,1447,638,0.0701331102379849,Long,9389
Twitter,Text,43,91937,7643,1060,261,0.097501549974439,Medium,8964
Twitter,Video,37,150453,12992,1385,648,0.0998650741427555,Short,15025
Facebook,Image,28,36264,3084,281,288,0.1007335098168983,Short,3653
Twitter,Video,65,155141,9990,1875,859,0.0820157147369167,Medium,12724
Instagram,Image,59,179036,17806,1880,2341,0.1230311222324001,Medium,22027
Twitter,Video,65,199806,5259,378,208,0.0292533757745012,Medium,5845
Twitter,Video,88,110841,2848,261,193,0.0297904205122653,Long,3302
Instagram,Text,101,273054,3537,519,495,0.0166670328945922,Long,4551
Twitter,Image,99,73020,7231,505,892,0.1181594083812654,Long,8628
Twitter,Text,44,179237,7406,472,723,0.047986743808477,Medium,8601
Facebook,Text,62,200184,15731,1866,1887,0.0973304559804979,Medium,19484
Twitter,Image,76,34821,535,33,41,0.017489446023951,Medium,609
Twitter,Video,78,116293,4289,467,593,0.0459958896924148,Medium,5349
Instagram,Image,5,136065,9000,885,881,0.0791239481130342,Short,10766
Facebook,Image,89,35996,2060,223,227,0.0697299699966663,Long,2510
Facebook,Image,29,93890,2694,331,282,0.035222068377889,Short,3307
Facebook,Text,100,248566,12811,996,1376,0.0610823684655182,Long,15183
Twitter,Image,57,97765,1934,225,199,0.0241190610136551,Medium,2358
Facebook,Image,65,211630,12453,1297,368,0.0667107687945943,Medium,14118
Instagram,Image,50,202592,3793,642,373,0.0237324277365345,Medium,4808
Facebook,Video,114,212268,14271,2200,1738,0.0857830666892796,Long,18209
Instagram,Video,78,30044,720,130,14,0.0287578218612701,Medium,864
Facebook,Video,64,218459,12941,1945,1758,0.0761882092291917,Medium,16644
Facebook,Video,55,45809,990,67,142,0.0261738959593093,Medium,1199
Instagram,Text,116,169371,7801,983,286,0.0535510801731111,Long,9070
Facebook,Text,77,82247,3426,552,306,0.0520870062129925,Medium,4284
Facebook,Image,88,210835,16461,2901,565,0.0945146678682382,Long,19927
Facebook,Text,52,196719,13318,1028,756,0.0767694020404739,Medium,15102
Twitter,Video,88,84481,7969,665,803,0.1117055906061718,Long,9437
Instagram,Image,44,43503,4044,725,240,0.1151414844953221,Medium,5009
Facebook,Image,11,199289,14996,1841,1012,0.0895633978794614,Short,17849
Instagram,Video,79,162054,12859,1515,1504,0.097979685783751,Medium,15878
Instagram,Video,89,263416,17449,2165,1653,0.080735414705257,Long,21267
Instagram,Video,106,274703,19847,1508,1733,0.0840471345416686,Long,23088
Facebook,Text,115,39549,2592,373,161,0.0790411894106045,Long,3126
Facebook,Image,23,121755,4633,793,516,0.0488029239045624,Short,5942
Instagram,Video,114,186442,7748,1360,581,0.0519679042275882,Long,9689
Twitter,Image,19,61289,3783,206,517,0.0735205338641518,Short,4506
Instagram,Image,74,223147,16694,2625,1639,0.0939201512904049,Medium,20958
Twitter,Text,65,80740,3758,239,338,0.0536908595491701,Medium,4335
Instagram,Image,60,269396,6153,1200,765,0.0301340777145911,Medium,8118
Instagram,Video,14,238267,12234,1496,1016,0.0618885535974348,Short,14746
Instagram,Video,50,145938,14110,2346,794,0.1182008798256794,Medium,17250
Facebook,Image,84,118463,3467,496,139,0.0346268455129449,Long,4102
Twitter,Image,113,171069,11703,2256,1088,0.0879586599559242,Long,15047
Twitter,Text,79,129661,12762,2501,960,0.125118578446873,Medium,16223
Instagram,Video,61,262519,11514,1057,825,0.0510286874473847,Medium,13396
Facebook,Video,39,128645,11566,1416,756,0.1067900034979983,Short,13738
Facebook,Image,76,224408,19694,2474,2113,0.1082002424156001,Medium,24281
Twitter,Image,96,9553,387,29,33,0.0470009421124254,Long,449
Facebook,Image,7,166903,3148,584,282,0.0240498972457055,Short,4014
Twitter,Video,70,69323,1807,185,108,0.0302929763570532,Medium,2100
Twitter,Image,57,121744,5224,329,521,0.0498915757655408,Medium,6074
Twitter,Text,82,46810,4508,329,326,0.1102969450972014,Long,5163
Facebook,Text,56,109373,3795,481,455,0.0432556481032796,Medium,4731
Twitter,Image,97,60719,5672,1033,503,0.1187107824568915,Long,7208
Twitter,Text,57,144798,3811,549,219,0.0316233649636044,Medium,4579
Instagram,Text,58,247020,24030,1975,942,0.1090883329285078,Medium,26947
Twitter,Text,51,133164,4850,458,538,0.043900753957526,Medium,5846
Twitter,Text,7,31995,2142,420,146,0.0846382247226129,Short,2708
Instagram,Text,69,234077,3808,220,108,0.0176693993856722,Medium,4136
Instagram,Video,19,199029,7358,1465,1022,0.0494651533193655,Short,9845
Facebook,Image,88,135749,3931,730,276,0.0363685920338271,Long,4937
Twitter,Text,90,95778,987,149,115,0.0130614546137943,Long,1251
Facebook,Image,38,24892,600,114,47,0.0305720713482243,Short,761
Facebook,Text,54,156186,9898,721,1344,0.0765945731371569,Medium,11963
Instagram,Video,37,32057,1445,276,34,0.0547462332719842,Short,1755
Facebook,Video,77,196637,14753,1208,792,0.0851975976037063,Medium,16753
Twitter,Text,7,118089,8313,1096,756,0.0860791436967033,Short,10165
Instagram,Text,6,65753,5387,664,334,0.0971058354751874,Short,6385
Twitter,Text,8,177103,15590,1977,1817,0.1094504327989926,Short,19384
Twitter,Video,20,183121,15342,1382,1679,0.1004963930952758,Short,18403
Instagram,Video,58,183953,9257,1546,215,0.0598957342364625,Medium,11018
Twitter,Image,37,185937,7025,1133,688,0.0475752539838762,Short,8846
Instagram,Video,13,122819,6780,1309,872,0.0729610239458064,Short,8961
Twitter,Text,61,183756,10687,1347,652,0.0690372015063453,Medium,12686
Instagram,Image,44,80705,3081,407,117,0.0446688557090638,Medium,3605
Facebook,Video,106,59438,3483,646,403,0.0762475184225579,Long,4532
Twitter,Video,56,102102,1993,374,273,0.0258564964447317,Medium,2640
Instagram,Text,86,62314,1918,282,202,0.0385467150239111,Long,2402
Twitter,Image,20,183575,14161,2450,1840,0.1005093286122838,Short,18451
Twitter,Video,12,32740,866,108,129,0.0336896762370189,Short,1103
Twitter,Video,91,179248,4035,436,342,0.0268510666785682,Long,4813
Instagram,Text,64,212360,7615,1367,1078,0.0473723865134676,Medium,10060
Facebook,Image,40,141123,6123,1020,396,0.0534214833868327,Medium,7539
Facebook,Image,7,59010,2334,201,272,0.0475682087781731,Short,2807
Facebook,Image,19,128871,5633,321,772,0.0521917266103312,Short,6726
Instagram,Image,106,113159,2556,344,224,0.0276071722090156,Long,3124
Facebook,Text,101,13589,338,59,34,0.0317168297887997,Long,431
Instagram,Video,86,278539,8697,757,1271,0.0385044823166594,Long,10725
Twitter,Video,27,145905,6737,1112,354,0.0562215139988348,Short,8203
Twitter,Image,111,68134,2741,307,181,0.0473919041888044,Long,3229
Facebook,Image,7,213975,17379,1744,2092,0.0991470966234373,Short,21215
Instagram,Image,34,154500,8852,672,569,0.0653268608414239,Short,10093
Twitter,Video,49,149714,9254,1759,787,0.0788169443071456,Medium,11800
Instagram,Video,21,91491,5530,463,146,0.0670994961253019,Short,6139
Instagram,Image,118,126656,5812,533,543,0.0543835270338554,Long,6888
Twitter,Text,62,143169,14065,1402,1427,0.1180004051156325,Medium,16894
Instagram,Video,62,261971,3499,324,107,0.0150016604891381,Medium,3930
Twitter,Video,100,90096,2651,197,137,0.033131326584976,Long,2985
Twitter,Image,114,25426,905,93,69,0.0419649178006764,Long,1067
Twitter,Text,61,125267,11188,1351,1360,0.1109550001197442,Medium,13899
Instagram,Image,11,260813,24176,3209,551,0.1071112252840157,Short,27936
Twitter,Image,43,112128,9659,709,609,0.0978970462328767,Medium,10977
Instagram,Text,82,202405,9619,1605,198,0.0564314122674835,Long,11422
Twitter,Text,62,45463,4196,405,368,0.1092976706332622,Medium,4969
Twitter,Text,60,73249,1381,259,117,0.0239866755860148,Medium,1757
Facebook,Video,19,43079,2960,294,349,0.0836370389284802,Short,3603
Facebook,Image,48,154476,14574,2615,298,0.1132020508040083,Medium,17487
Facebook,Video,16,127805,9961,1024,1181,0.0951918939008646,Short,12166
Instagram,Text,12,140026,4902,617,665,0.0441632268293031,Short,6184
Instagram,Video,84,101411,7562,800,463,0.0870221179162023,Long,8825
Twitter,Text,45,57331,2094,226,132,0.0427691824667283,Medium,2452
Twitter,Text,38,189003,3788,540,76,0.023301217440993,Short,4404
Twitter,Image,50,20440,1523,234,115,0.0915851272015655,Medium,1872
Twitter,Image,92,60407,1578,284,157,0.0334232787590842,Long,2019
Instagram,Image,33,217436,4347,588,156,0.0234137861255725,Short,5091
Twitter,Video,20,32898,1962,161,206,0.0707945771779439,Short,2329
Twitter,Image,9,179792,11840,2349,799,0.0833629972412565,Short,14988
Facebook,Text,9,239478,3495,533,375,0.0183858224972648,Short,4403
Twitter,Image,34,123332,1282,136,67,0.0120406707099536,Short,1485
Twitter,Video,54,47428,4239,827,511,0.1175887661297124,Medium,5577
Twitter,Image,118,17427,355,68,32,0.0261089114592299,Long,455
Instagram,Image,9,158241,9898,612,884,0.0720040950196219,Short,11394
Facebook,Image,111,102751,9845,521,821,0.1088748527994861,Long,11187
Twitter,Video,17,47419,2658,150,344,0.0664712457031991,Short,3152
Twitter,Text,103,184137,4158,635,382,0.0281040746835236,Long,5175
Facebook,Text,53,247488,11239,1760,457,0.05437031290406,Medium,13456
Twitter,Text,93,89490,5920,938,600,0.083338920549782,Long,7458
Instagram,Image,54,103632,8151,1178,707,0.096842674077505,Medium,10036
Twitter,Image,18,10985,709,65,20,0.0722803823395539,Short,794
Instagram,Video,112,168713,2208,165,210,0.0153100235310853,Long,2583
Instagram,Text,50,158969,3637,688,110,0.0278985210953078,Medium,4435
Twitter,Image,94,178724,7767,1452,887,0.0565452877061838,Long,10106
Facebook,Image,86,140045,10295,889,1082,0.0875861330286693,Long,12266
Instagram,Image,88,107776,6745,507,567,0.0725486193586698,Long,7819
Facebook,Video,38,59718,837,88,98,0.0171305134130412,Short,1023
Twitter,Text,75,103578,8464,484,478,0.0910038811330591,Medium,9426
Instagram,Video,51,73809,4757,353,371,0.0742592366784538,Medium,5481
Twitter,Text,64,24627,2212,236,48,0.1013521744426848,Medium,2496
Facebook,Text,78,55621,2646,227,392,0.0587008503982308,Medium,3265
Twitter,Image,83,99729,5397,866,147,0.0642741830360276,Long,6410
Twitter,Image,85,188156,8749,1625,293,0.0566923191394374,Long,10667
Instagram,Image,15,20151,1511,281,127,0.0952310059054141,Short,1919
Twitter,Image,102,77691,6035,848,415,0.0939362345702848,Long,7298
Twitter,Image,95,159813,12000,1866,1070,0.0934592304756183,Long,14936
Twitter,Text,89,90484,3279,406,421,0.0453781884090004,Long,4106
Instagram,Image,99,75172,5054,363,205,0.0747884850742297,Long,5622
Facebook,Image,54,237722,9620,1397,992,0.0505169904342046,Medium,12009
Facebook,Video,8,194988,16589,1700,370,0.095693068291382,Short,18659
Twitter,Video,45,192291,2876,146,352,0.0175463230208382,Medium,3374
Instagram,Text,63,251996,3375,459,425,0.0169010619216178,Medium,4259
Twitter,Text,64,99185,1899,151,131,0.0219892120784392,Medium,2181
Facebook,Video,117,112242,3166,579,134,0.0345592558935157,Long,3879
Instagram,Video,85,42236,565,107,70,0.0175679515105597,Long,742
Facebook,Image,117,201954,3321,246,458,0.0199302811531338,Long,4025
Facebook,Image,66,148056,5558,302,165,0.0406940617063813,Medium,6025
Instagram,Text,116,268186,5090,257,485,0.0217461015862125,Long,5832
Instagram,Video,88,189990,15614,2919,2216,0.1092110111058476,Long,20749
Twitter,Text,29,153562,2280,165,236,0.0174587463044242,Short,2681
Twitter,Image,108,174039,15961,1840,2021,0.1138940122616195,Long,19822
Facebook,Text,91,190544,16839,986,839,0.0979511293979343,Long,18664
Instagram,Text,83,262648,7552,800,251,0.0327548658280283,Long,8603
Instagram,Text,37,120148,1974,331,136,0.0203166095149315,Short,2441
Twitter,Image,23,62650,1221,135,87,0.0230327214684756,Short,1443
Facebook,Text,61,136374,8225,1368,1005,0.0777127604968689,Medium,10598
Facebook,Image,19,153089,9810,1504,714,0.0785686757376428,Short,12028
Twitter,Video,45,44311,1701,217,86,0.0452257904357834,Medium,2004
Instagram,Text,73,126834,4656,748,629,0.0475661100335872,Medium,6033
Twitter,Text,84,19171,1108,201,134,0.0752699389703197,Long,1443
Twitter,Image,64,43226,1621,273,173,0.0478184426039883,Medium,2067
Twitter,Text,113,31327,2947,453,138,0.1129377214543365,Long,3538
Twitter,Image,116,72628,3227,501,150,0.0533953847001156,Long,3878
Instagram,Text,100,87473,2605,193,218,0.0344792107278817,Long,3016
Twitter,Video,26,66223,1532,295,136,0.0296422693022061,Short,1963
Instagram,Video,47,242401,16205,1310,863,0.0758165189087503,Medium,18378
Twitter,Video,36,77315,3046,311,109,0.0448295932225312,Short,3466
Facebook,Text,17,204124,5509,703,370,0.0322451059160118,Short,6582
Instagram,Text,42,109755,3822,263,289,0.0398523985239852,Medium,4374
Facebook,Video,30,66624,2512,349,67,0.0439481268011527,Short,2928
Twitter,Video,85,97650,6476,501,604,0.0776344086021505,Long,7581
Twitter,Image,9,147602,3796,715,76,0.0310768146773078,Short,4587
Twitter,Image,53,142382,10814,1982,428,0.0928769085979969,Medium,13224
Instagram,Video,101,39281,1470,193,57,0.0437870726305338,Long,1720
Facebook,Video,95,62270,3359,394,367,0.0661634816123333,Long,4120
Instagram,Text,9,182176,12558,821,1044,0.0791706920779905,Short,14423
Instagram,Video,105,26735,1575,273,202,0.0766785113147559,Long,2050
Twitter,Image,75,111899,7788,832,423,0.0808139482926567,Medium,9043
Facebook,Image,52,206357,8054,700,381,0.0442679434184447,Medium,9135
Twitter,Image,22,95173,9204,1834,1144,0.1279984869658411,Short,12182
Instagram,Image,99,143077,7341,1102,570,0.0629940521537354,Long,9013
Twitter,Image,10,59564,2321,141,129,0.043499429185414,Short,2591
Facebook,Image,70,54496,1998,340,148,0.0456180270111567,Medium,2486
Twitter,Video,81,31898,441,71,33,0.0170857107028653,Long,545
Facebook,Image,46,223146,15984,1761,1508,0.0862798347270396,Medium,19253
Facebook,Image,56,119659,4023,275,100,0.03675444387802,Medium,4398
Twitter,Image,15,104742,10087,1257,526,0.1133260774092532,Short,11870
Instagram,Image,30,116184,3362,553,271,0.0360290573572953,Short,4186
Twitter,Video,25,154780,8923,547,807,0.0663974673730456,Short,10277
Instagram,Text,70,244552,18632,1388,757,0.084959436029965,Medium,20777
Instagram,Text,44,250735,22142,3162,1000,0.104907571739087,Medium,26304
Twitter,Text,60,147484,3551,475,406,0.0300507173659515,Medium,4432
Instagram,Text,55,296522,29262,5435,3573,0.1290629363082671,Medium,38270
Instagram,Image,24,124849,11437,1969,340,0.1101010020104285,Short,13746
Twitter,Text,85,95638,9244,1736,1374,0.1291745958719337,Long,12354
Twitter,Text,84,80580,6989,837,533,0.10373541821792,Long,8359
Twitter,Video,61,164381,14628,2459,1406,0.1125008364713683,Medium,18493
Instagram,Video,110,138507,8849,507,859,0.0737507851588728,Long,10215
Facebook,Video,9,112470,9681,911,629,0.0997688272428203,Short,11221
Instagram,Image,18,265236,15399,2258,1398,0.0718416806165075,Short,19055
Facebook,Image,28,235474,13760,2264,1318,0.073647196718109,Short,17342
Twitter,Image,119,136458,8273,1121,983,0.0760453765993932,Long,10377
Facebook,Video,72,205048,20436,2495,2166,0.1223957317311068,Medium,25097
Twitter,Text,56,47503,921,78,71,0.0225248931646422,Medium,1070
Twitter,Video,52,110312,9101,692,408,0.0924740735368772,Medium,10201
Facebook,Image,92,206044,7128,1292,165,0.0416658577779503,Long,8585
Twitter,Video,51,118465,5035,359,527,0.0499810070484953,Medium,5921
Facebook,Text,64,75939,1309,150,107,0.0206218148777308,Medium,1566
Twitter,Image,77,176536,7351,1347,1069,0.0553258258938686,Medium,9767
Instagram,Text,7,87758,8702,627,285,0.1095512659814489,Short,9614
Instagram,Text,13,163349,7470,516,219,0.0502298759098617,Short,8205
Twitter,Image,86,122413,8602,1323,374,0.084133221144813,Long,10299
Twitter,Text,104,88679,1850,184,127,0.0243687908072937,Long,2161
Facebook,Video,87,57012,5303,611,226,0.1076966252718725,Long,6140
Instagram,Text,28,139210,11762,1691,944,0.1034192945909058,Short,14397
Facebook,Text,8,183399,8210,877,526,0.0524157710783592,Short,9613
Twitter,Text,13,4752,196,33,29,0.0542929292929292,Short,258
Twitter,Video,101,27765,1357,265,197,0.0655141365027912,Long,1819
Facebook,Text,5,114193,5265,1000,354,0.0579632727049819,Short,6619
Twitter,Text,119,2837,94,12,11,0.0412407472682411,Long,117
Instagram,Video,39,99010,9819,1013,504,0.1144934855065144,Short,11336
Facebook,Image,78,130977,10864,1250,298,0.0947647296853646,Medium,12412
Instagram,Image,16,248762,8486,844,214,0.0383659883744301,Short,9544
Instagram,Image,22,61997,6097,708,145,0.1121021984934755,Short,6950
Instagram,Text,82,171573,1955,101,226,0.0133004610282503,Long,2282
Facebook,Image,14,178842,8836,514,569,0.0554623634269355,Short,9919
Twitter,Video,78,91608,5611,929,713,0.0791743079207056,Medium,7253
Instagram,Text,22,108510,1452,145,193,0.0164961754676988,Short,1790
Instagram,Text,28,204261,5003,846,298,0.0300938505147825,Short,6147
Instagram,Text,5,126907,4217,514,242,0.0391861757034678,Short,4973
Twitter,Image,98,62594,4683,800,281,0.092085503402882,Long,5764
Twitter,Image,83,87269,8253,1234,675,0.1164445564862666,Long,10162
Facebook,Image,76,104614,6926,555,152,0.0729634656929282,Medium,7633
Twitter,Text,103,39448,2392,280,51,0.0690275806124518,Long,2723
Facebook,Video,86,218378,12733,1981,1472,0.0741191878302759,Long,16186
Facebook,Text,109,172031,7150,712,894,0.050897803302893,Long,8756
Facebook,Video,20,183597,15512,1225,721,0.0950886997064222,Short,17458
Facebook,Text,89,105979,6217,814,604,0.0720425744723011,Long,7635
Facebook,Video,19,81340,2497,227,120,0.034964347184657,Short,2844
Instagram,Text,66,209241,4669,649,539,0.0279916459967214,Medium,5857
Twitter,Text,9,141384,13954,1266,1041,0.1150130142024557,Short,16261
Instagram,Video,49,90765,1050,195,133,0.0151820635707596,Medium,1378
Facebook,Video,56,5884,553,56,79,0.1169272603670972,Medium,688
Twitter,Video,75,111113,3294,613,303,0.03788935588095,Medium,4210
Instagram,Video,116,25522,1765,162,241,0.0849463208212522,Long,2168
Instagram,Video,11,10623,394,55,9,0.0431139979290219,Short,458
Facebook,Video,31,14460,1263,87,101,0.1003457814661134,Short,1451
Instagram,Video,93,15234,897,149,76,0.0736510437179992,Long,1122
Instagram,Video,90,199650,4531,362,335,0.0261858251940896,Long,5228
Instagram,Text,116,225708,7738,1389,471,0.0425239690219221,Long,9598
Instagram,Video,17,165492,6425,757,732,0.0478210427090131,Short,7914
Instagram,Video,21,171885,15423,989,1416,0.1037205108066439,Short,17828
Facebook,Text,109,134454,10622,1110,326,0.0896812292680024,Long,12058
Facebook,Text,48,118492,10031,1674,1440,0.1109357593761604,Medium,13145
Instagram,Image,17,43353,637,39,86,0.0175766382949276,Short,762
Facebook,Image,94,143441,8906,1281,587,0.0751110212561262,Long,10774
Facebook,Video,77,37985,3795,478,197,0.1176780308016322,Medium,4470
Twitter,Video,9,44255,3569,344,362,0.0965992543215455,Short,4275
Instagram,Image,107,66590,1389,226,35,0.0247784952695599,Long,1650
Facebook,Image,37,179558,12765,738,1078,0.081204958843382,Short,14581
Facebook,Video,8,124282,9579,1193,1029,0.0949534124008303,Short,11801
Instagram,Image,96,191390,10771,1357,784,0.0674643398296671,Long,12912
Twitter,Video,30,53566,915,57,133,0.0206287570473808,Short,1105
Instagram,Text,72,5650,74,5,8,0.0153982300884955,Medium,87
Twitter,Text,20,174009,16426,1830,2323,0.1182639978391922,Short,20579
Instagram,Image,105,26299,872,113,120,0.042016806722689,Long,1105
Instagram,Text,26,31862,1405,81,52,0.0482706672525265,Short,1538
Instagram,Text,40,283456,23122,1196,2472,0.0945120230300293,Medium,26790
Instagram,Text,106,278087,20031,1580,1954,0.084739667801803,Long,23565
Twitter,Text,62,70734,6873,846,186,0.1117567223683094,Medium,7905
Twitter,Video,59,150397,2760,154,169,0.0204990791039714,Medium,3083
Facebook,Video,39,208340,15338,2453,1372,0.0919794566573869,Short,19163
Instagram,Image,29,130560,2271,165,207,0.0202435661764705,Short,2643
Twitter,Text,76,54879,549,91,69,0.0129193316204741,Medium,709
Twitter,Text,85,199810,4160,335,400,0.0244982733596917,Long,4895
Twitter,Text,65,121652,7968,812,642,0.0774504323808897,Medium,9422
Instagram,Image,22,200082,14177,1727,1669,0.0878289901140532,Short,17573
Facebook,Video,118,216642,10713,1093,1009,0.0591528881749614,Long,12815
Twitter,Text,62,136078,1925,103,259,0.0168065374270638,Medium,2287
Instagram,Video,80,275649,18486,3443,2545,0.0887868267252919,Long,24474
Twitter,Image,61,22498,398,37,39,0.0210685394257267,Medium,474
Twitter,Video,101,109679,2495,175,232,0.0264590304433847,Long,2902
Facebook,Text,91,245481,13779,962,1531,0.0662861891551688,Long,16272
Twitter,Video,67,149577,6077,1192,694,0.0532367944269506,Medium,7963
Twitter,Video,16,195590,10137,693,1161,0.0613068152768546,Short,11991
Instagram,Image,15,291888,19602,1999,1973,0.0807638546291728,Short,23574
Instagram,Image,17,33544,818,49,97,0.0287383734796088,Short,964
Facebook,Image,39,9864,891,142,34,0.1081711273317112,Short,1067
Instagram,Image,31,33593,2027,282,257,0.076384961152621,Short,2566
Instagram,Video,93,268873,3223,419,194,0.0142669587500418,Long,3836
Facebook,Video,108,47515,3162,564,427,0.0874039776912554,Long,4153
Twitter,Image,71,187353,9683,1316,359,0.0606235288466157,Medium,11358
Facebook,Image,117,249878,18277,3533,374,0.0887793243102634,Long,22184
Instagram,Text,93,17413,1402,201,30,0.0937805088152529,Long,1633
Facebook,Text,49,50652,4786,493,226,0.1086827765932243,Medium,5505
Twitter,Image,78,31764,3171,176,110,0.1088339000125928,Medium,3457
Facebook,Video,85,66784,3971,630,365,0.0743591279348346,Long,4966
Instagram,Image,71,181813,11006,1167,861,0.0716890431377294,Medium,13034
Instagram,Video,113,209276,2515,351,248,0.014879871557178,Long,3114
Facebook,Video,26,81796,7187,1304,323,0.1077558804831532,Short,8814
Twitter,Text,106,78844,992,50,117,0.0146999137537415,Long,1159
Facebook,Image,82,130610,8743,1433,868,0.0845570783247837,Long,11044
Twitter,Image,95,192845,3639,419,177,0.021960641966346,Long,4235
Twitter,Video,46,126887,4533,311,325,0.0407370337386808,Medium,5169
Facebook,Image,24,249810,5653,776,640,0.0282975061046395,Short,7069
Twitter,Text,52,76432,1709,221,185,0.0276716558509524,Medium,2115
Instagram,Text,22,155355,2596,457,241,0.0212030510765665,Short,3294
Facebook,Image,81,219199,8463,1085,1246,0.0492429253783092,Long,10794
Twitter,Image,110,27282,1313,228,48,0.0582435305329521,Long,1589
Instagram,Text,74,232448,12041,1585,1005,0.0629431098568281,Medium,14631
Facebook,Image,78,55984,2775,324,280,0.0603565304372677,Medium,3379
Instagram,Video,105,271865,15532,1641,2317,0.071689993195152,Long,19490
Instagram,Image,97,296341,25894,1969,2344,0.1019332458215366,Long,30207
Instagram,Video,10,162245,10847,1492,840,0.0812290055163487,Short,13179
Twitter,Image,43,3066,35,4,4,0.0140247879973907,Medium,43
Facebook,Image,15,111442,2849,559,244,0.0327704097198542,Short,3652
Facebook,Text,116,226983,9398,1051,1335,0.0519157822391985,Long,11784
Twitter,Video,29,61418,5860,663,688,0.1174085772900452,Short,7211
Facebook,Text,112,70454,1199,89,50,0.0189911147699208,Long,1338
Instagram,Image,112,150354,11112,1551,464,0.0873072881333386,Long,13127
Facebook,Text,98,158887,2062,365,126,0.0160680231862896,Long,2553
Twitter,Image,59,155666,6635,578,191,0.0475633728624105,Medium,7404
Instagram,Image,88,209056,16580,851,1500,0.0905546839124445,Long,18931
Twitter,Image,62,189583,7764,1193,1023,0.0526418507988585,Medium,9980
Instagram,Video,41,122911,5988,327,431,0.0548852421670965,Medium,6746
Instagram,Video,20,90768,8303,924,865,0.1111845584346906,Short,10092
Facebook,Video,99,69951,1116,158,164,0.0205572472159082,Long,1438
Instagram,Text,97,11374,653,70,29,0.0661157024793388,Long,752
Twitter,Image,74,28974,1244,110,82,0.0495616759853661,Medium,1436
Facebook,Text,97,233136,22554,3831,524,0.1154218996637156,Long,26909
Twitter,Text,100,33914,2761,262,138,0.093206345462051,Long,3161
Instagram,Image,77,55014,1154,88,140,0.0251208783218817,Medium,1382
Twitter,Text,41,194451,18174,1967,1914,0.1134218903476968,Medium,22055
Twitter,Image,57,11347,329,22,40,0.0344584471666519,Medium,391
Instagram,Image,91,195087,3440,528,259,0.0216672561472573,Long,4227
Facebook,Image,20,92129,5411,846,625,0.074699605987257,Short,6882
Twitter,Image,22,199936,15254,796,1494,0.0877480793854033,Short,17544
Instagram,Text,23,154832,11526,1777,722,0.0905820502221762,Short,14025
Facebook,Text,48,219233,12729,1207,937,0.0678410640733831,Medium,14873
Facebook,Text,6,95103,5168,767,467,0.0673164884388505,Short,6402
Facebook,Video,62,80599,7838,1222,1131,0.1264407746994379,Medium,10191
Twitter,Text,14,132774,11133,1020,1570,0.1033560787503577,Short,13723
Twitter,Text,80,136212,9926,772,1471,0.0893386779432061,Long,12169
Twitter,Video,50,76266,2102,365,46,0.0329504628536962,Medium,2513
Facebook,Image,86,196248,16441,2644,1861,0.1067322979087685,Long,20946
Twitter,Image,23,126737,9819,1723,1338,0.101627780364061,Short,12880
Instagram,Image,42,264578,26267,3030,3049,0.1222550627792182,Medium,32346
Twitter,Video,41,16057,352,41,26,0.0260945382076353,Medium,419
Twitter,Text,95,31114,2314,235,264,0.0904094619785305,Long,2813
Facebook,Text,116,212819,20881,2607,1623,0.1179922845234683,Long,25111
Twitter,Text,82,189287,9773,1436,1102,0.0650388035100139,Long,12311
Instagram,Text,49,248762,18907,3255,2296,0.0983188750693433,Medium,24458
Facebook,Video,38,21580,2110,163,273,0.117979610750695,Short,2546
Instagram,Text,6,219942,13036,1444,1494,0.0726282383537478,Short,15974
Facebook,Image,48,12802,933,111,38,0.0845180440556163,Medium,1082
Facebook,Video,101,90857,1072,132,151,0.0149135454615494,Long,1355
Twitter,Video,87,103467,5873,771,280,0.0669198875003624,Long,6924
Instagram,Image,31,140747,4647,791,308,0.0408250264659282,Short,5746
Facebook,Image,52,148130,3231,591,244,0.0274488624856544,Medium,4066
Twitter,Text,98,182073,13432,992,1512,0.0875253332454565,Long,15936
Facebook,Image,11,171591,2319,363,257,0.0171279379454633,Short,2939
Facebook,Video,31,205827,18820,2293,2729,0.1158351431056178,Short,23842
Facebook,Video,89,149517,8462,953,376,0.0654841924329674,Long,9791
Facebook,Video,75,208026,14216,952,1117,0.0782834837952948,Medium,16285
Facebook,Text,116,92450,3033,180,140,0.036268253109789,Long,3353
Facebook,Text,93,229238,6051,1190,650,0.0344227396853924,Long,7891
Twitter,Image,106,108039,3450,504,164,0.0381158655670637,Long,4118
Facebook,Text,22,241159,7453,878,989,0.0386467019684108,Short,9320
Instagram,Text,37,295839,25976,4266,3838,0.11519779339438,Short,34080
Twitter,Video,37,97970,7921,504,484,0.0909360008165765,Short,8909
Instagram,Video,100,187299,16247,2292,1886,0.1090502351854521,Long,20425
Facebook,Image,29,214064,16298,2429,1454,0.094275543762613,Short,20181
Instagram,Video,18,297329,20194,2379,1347,0.0804496029650656,Short,23920
Facebook,Text,42,92692,5330,468,239,0.06512967677901,Medium,6037
Facebook,Image,42,48908,1657,320,188,0.0442667866197759,Medium,2165
Twitter,Image,8,176703,12984,1235,527,0.0834507620130954,Short,14746
Twitter,Video,112,181065,4036,277,227,0.0250738685002623,Long,4540
Facebook,Video,66,119710,6703,969,935,0.0718987553253696,Medium,8607
Twitter,Video,86,4078,112,15,9,0.0333496812162824,Long,136
Instagram,Image,14,246518,13664,2230,1790,0.0717351268467211,Short,17684
Twitter,Video,39,156850,5717,932,684,0.0467516735734778,Short,7333
Twitter,Text,103,156469,2317,331,159,0.0179396557784609,Long,2807
Instagram,Image,108,148409,8212,666,396,0.0624894716627697,Long,9274
Twitter,Video,27,8011,211,38,6,0.0318312320559231,Short,255
Facebook,Text,93,120124,2943,256,426,0.030177150278046,Long,3625
Instagram,Text,69,175927,7845,502,488,0.0502196933955561,Medium,8835
Facebook,Video,86,78532,3342,318,359,0.0511765904344725,Long,4019
Instagram,Text,83,236106,20783,2545,2388,0.1089171812660415,Long,25716
Facebook,Image,29,49845,3031,245,138,0.0684923262112549,Short,3414
Facebook,Image,100,154118,13394,1340,1475,0.1051726599099391,Long,16209
Twitter,Text,57,89030,2066,262,43,0.0266314725373469,Medium,2371
Facebook,Image,88,9618,405,39,30,0.0492825951341235,Long,474
Twitter,Video,21,74435,4464,283,292,0.0676966480822193,Short,5039
Instagram,Text,61,169251,4025,320,568,0.0290278934836426,Medium,4913
Facebook,Image,79,201589,4339,733,642,0.0283448005595543,Medium,5714
Facebook,Video,81,241915,16819,3248,965,0.086939627555133,Long,21032
Instagram,Video,93,123158,8478,612,841,0.0806362558664479,Long,9931
Instagram,Image,24,83014,2579,392,301,0.0394150384272532,Short,3272
Facebook,Text,29,128713,3918,728,175,0.0374554240830374,Short,4821
Instagram,Video,46,116550,8984,852,981,0.0928099528099528,Medium,10817
Twitter,Video,49,93965,1928,336,103,0.025190230404938,Medium,2367
Instagram,Video,117,173435,16145,2998,677,0.1142791247441404,Long,19820
Instagram,Video,35,263627,25027,2375,3268,0.1163386147852837,Short,30670
Facebook,Text,69,118503,10474,612,893,0.1010860484544695,Medium,11979
Twitter,Image,56,144769,4192,786,245,0.0360781659056842,Medium,5223
Instagram,Image,84,151494,1744,173,126,0.0134856826012911,Long,2043
Twitter,Image,116,40380,3807,198,280,0.1061168895492818,Long,4285
Twitter,Video,96,97877,4008,485,481,0.0508188849270002,Long,4974
Twitter,Text,25,62857,2384,160,322,0.0455955581717231,Short,2866
Facebook,Image,34,201645,6765,1253,553,0.0425053931414118,Short,8571
Instagram,Text,7,211130,6757,494,418,0.0363235920996542,Short,7669
Facebook,Image,102,24259,1846,176,211,0.0920483119666927,Long,2233
Instagram,Video,74,77622,7118,1199,980,0.1197727448403803,Medium,9297
Instagram,Image,47,27792,2244,383,78,0.0973301669545192,Medium,2705
Facebook,Video,33,150462,10633,1969,1314,0.0924884688492775,Short,13916
Twitter,Video,7,167276,6004,748,554,0.04367631937636,Short,7306
Twitter,Image,62,169090,10014,1982,1329,0.0788041871192855,Medium,13325
Instagram,Text,37,157543,4935,628,428,0.0380277130688129,Short,5991
Facebook,Video,79,17263,345,58,45,0.0259514568730811,Medium,448
Twitter,Text,49,62309,1297,135,119,0.0248920701664286,Medium,1551
Twitter,Image,73,54451,3503,669,136,0.0791170042790766,Medium,4308
Instagram,Video,118,82969,1117,170,23,0.0157890296375754,Long,1310
Instagram,Text,36,147631,14407,886,1449,0.1134043662916325,Short,16742
Facebook,Video,115,66728,6645,440,644,0.1158284378371897,Long,7729
Instagram,Image,86,9952,233,42,11,0.0287379421221864,Long,286
Twitter,Video,115,63726,3087,529,403,0.0630668800803439,Long,4019
Twitter,Image,88,121735,9632,958,1279,0.0974986651332813,Long,11869
Twitter,Text,56,42610,4088,524,509,0.1201830556207463,Medium,5121
Twitter,Video,68,88467,7981,1419,1131,0.1190387376083737,Medium,10531
Facebook,Text,107,136225,4485,293,385,0.0379005322077445,Long,5163
Facebook,Image,117,97447,1721,121,191,0.0208626227590382,Long,2033
Instagram,Image,44,102167,3676,578,505,0.046580598431979,Medium,4759
Instagram,Text,96,242099,11947,744,947,0.0563323268580208,Long,13638
Instagram,Text,17,123818,5249,540,526,0.051002277536384,Short,6315
Facebook,Image,94,128803,10258,900,888,0.0935226663975218,Long,12046
Twitter,Text,84,181546,6027,988,890,0.0435426833970453,Long,7905
Instagram,Image,93,15623,1363,68,104,0.0982525763297702,Long,1535
Twitter,Text,78,87504,2651,178,162,0.0341812945693911,Medium,2991
Instagram,Image,33,8809,374,24,38,0.0494948348280168,Short,436
Instagram,Image,114,128690,6473,632,365,0.0580464682570518,Long,7470
Instagram,Video,67,97907,3545,300,466,0.0440315809901232,Medium,4311
Instagram,Image,106,187118,14777,1244,2009,0.0963563099220812,Long,18030
Instagram,Image,88,114502,5365,566,347,0.0548287366159543,Long,6278
Twitter,Video,30,64496,5793,475,385,0.1031536839493922,Short,6653
Instagram,Video,100,240614,23272,1534,727,0.106116019849219,Long,25533
Twitter,Text,107,164811,14401,1979,767,0.1040403856538702,Long,17147
Facebook,Text,106,187524,10695,2061,308,0.0696657494507369,Long,13064
Instagram,Image,63,209396,11701,1650,1385,0.0703738371315593,Medium,14736
Twitter,Text,53,140049,4121,674,179,0.0355161407792986,Medium,4974
Facebook,Text,57,238785,15116,2960,457,0.0776137529576816,Medium,18533
Facebook,Image,92,168910,16172,1180,668,0.106684032916938,Long,18020
Facebook,Video,35,202264,3489,415,240,0.0204880749911007,Short,4144
Twitter,Video,108,137206,10663,1463,798,0.0941941314519773,Long,12924
Instagram,Image,16,189492,16724,1644,2288,0.1090072404112047,Short,20656
Instagram,Image,62,296575,29302,4159,1651,0.1183916378656326,Medium,35112
Twitter,Image,40,51565,2069,297,234,0.0504217977310191,Medium,2600
Instagram,Image,14,115613,4855,856,661,0.0551149092230112,Short,6372
Twitter,Image,10,40916,1255,219,164,0.0400332388307752,Short,1638
Instagram,Image,11,156765,12700,906,582,0.0905048958632347,Short,14188
Facebook,Text,35,172631,3902,293,219,0.0255689881886799,Short,4414
Instagram,Text,95,221202,7542,628,204,0.0378568005714234,Long,8374
Twitter,Text,76,144930,5300,472,438,0.0428482715793831,Medium,6210
Twitter,Video,7,45324,1982,266,144,0.052775571441179,Short,2392
Facebook,Image,108,184016,8823,874,801,0.0570493870098252,Long,10498
Twitter,Image,51,92687,5590,1078,444,0.0767313647005513,Medium,7112
Instagram,Text,89,180259,17188,1164,1987,0.1128320916015289,Long,20339
Instagram,Video,5,33147,1069,92,114,0.0384650194587745,Short,1275
Facebook,Text,49,80914,6483,1168,490,0.1006129965148182,Medium,8141
Twitter,Image,58,124879,8850,1218,220,0.0823837474675485,Medium,10288
Facebook,Image,54,221153,4521,597,292,0.0244627022920783,Medium,5410
Instagram,Text,83,263808,21878,3044,1359,0.0996216945657447,Long,26281
Facebook,Text,11,243934,4428,388,139,0.020312871514426,Short,4955
Twitter,Image,67,80593,6165,1012,367,0.093606144454233,Medium,7544
Facebook,Text,19,135432,10078,1254,1495,0.0947117372555969,Short,12827
Twitter,Image,93,4048,291,16,36,0.0847332015810276,Long,343
Twitter,Text,71,172092,6006,459,746,0.0419020059038188,Medium,7211
Instagram,Video,34,48935,3014,519,390,0.0801675692244814,Short,3923
Instagram,Image,82,158554,12453,1267,1649,0.0969322754392825,Long,15369
Instagram,Video,72,122884,8280,1374,515,0.0827528400768204,Medium,10169
Twitter,Text,40,93199,7678,1147,475,0.0997864783956909,Medium,9300
Facebook,Video,71,167045,12012,1143,765,0.0833308389954802,Medium,13920
Twitter,Text,9,111982,3885,268,491,0.0414709506885035,Short,4644
Instagram,Video,29,60885,1447,247,178,0.0307464892830746,Short,1872
Instagram,Video,99,285205,19073,2793,423,0.0781508038077873,Long,22289
Facebook,Video,15,80015,6271,596,899,0.0970568018496532,Short,7766
Instagram,Image,76,114508,2611,335,149,0.0270286792189192,Medium,3095
Instagram,Video,94,122700,3157,447,320,0.0319804400977995,Long,3924
Instagram,Text,70,180669,2002,100,206,0.0127747427616248,Medium,2308
Facebook,Text,32,144964,8387,1262,291,0.0685687481029772,Short,9940
Twitter,Image,116,25931,1524,226,168,0.0739655238903243,Long,1918
Instagram,Image,64,105175,5785,360,516,0.06333254100309,Medium,6661
Facebook,Text,14,27654,1063,178,105,0.0486728863817169,Short,1346
Instagram,Video,54,93478,4533,787,354,0.0606987740430903,Medium,5674
Facebook,Text,43,192892,15231,1424,1897,0.0961781722414615,Medium,18552
Instagram,Image,41,264220,6965,517,714,0.0310196048747256,Medium,8196
Facebook,Image,67,56886,1600,244,72,0.0336813978834862,Medium,1916
Instagram,Text,65,221220,15491,1061,1825,0.0830711508905162,Medium,18377
Twitter,Video,107,102029,8980,1604,766,0.111242881925727,Long,11350
Instagram,Video,89,210914,8570,1045,212,0.0465924500033188,Long,9827
Facebook,Image,96,238361,22393,4175,1597,0.1181611085706134,Long,28165
Instagram,Text,42,70027,1063,155,76,0.0184785868307938,Medium,1294
Twitter,Text,37,3425,70,6,8,0.0245255474452554,Short,84
Instagram,Image,79,137805,7082,851,357,0.0601574688871956,Medium,8290
Facebook,Text,49,179447,13478,1744,1062,0.0907454568758463,Medium,16284
Facebook,Image,48,67411,2923,503,79,0.0519944816127931,Medium,3505
Twitter,Video,5,12603,755,135,101,0.0786320717289534,Short,991
Facebook,Video,57,15152,190,28,14,0.0153115100316789,Medium,232
Instagram,Text,51,228543,11784,1109,1547,0.0631828583680095,Medium,14440
Instagram,Video,37,113051,3598,465,388,0.0393716110428036,Short,4451
Instagram,Video,71,288212,16276,1132,1002,0.0638765908428517,Medium,18410
Facebook,Image,94,16531,947,80,106,0.068537898493739,Long,1133
Instagram,Image,19,105694,8221,784,665,0.0914905292637235,Short,9670
Instagram,Text,109,227089,13304,810,856,0.0659212907714596,Long,14970
Instagram,Image,18,103197,6737,1231,719,0.0841788036473928,Short,8687
Twitter,Text,27,173140,9984,682,1204,0.0685572369181009,Short,11870
Facebook,Text,58,242092,23999,3708,2628,0.1253036035887183,Medium,30335
Facebook,Image,12,146531,11905,1498,954,0.0979792671857832,Short,14357
Facebook,Video,58,220713,17217,3008,924,0.0958212701562662,Medium,21149
Twitter,Video,40,106445,7073,1139,886,0.0854713701911785,Medium,9098
Facebook,Video,88,219072,12608,2067,820,0.0707301709027169,Long,15495
Twitter,Video,56,165626,6795,766,677,0.0497385676161955,Medium,8238
Twitter,Text,10,108243,8719,1526,305,0.0974658869395711,Short,10550
Facebook,Video,101,73313,1984,127,230,0.0319315810292853,Long,2341
Instagram,Text,32,264392,3513,409,505,0.0167440769766104,Short,4427
Instagram,Image,54,258025,18793,3743,1473,0.0930491231469818,Medium,24009
Facebook,Image,42,211040,4861,934,443,0.0295583775587566,Medium,6238
Facebook,Text,34,148343,13550,844,1855,0.1095366818791584,Short,16249
Twitter,Video,114,129286,10260,1394,1265,0.0999257460204507,Long,12919
Facebook,Text,111,6801,436,42,63,0.0795471254227319,Long,541
Twitter,Video,85,74593,2853,454,155,0.0464118617028407,Long,3462
Facebook,Video,77,160583,10825,1735,877,0.0836763542840774,Medium,13437
Instagram,Text,96,209118,11065,553,876,0.0597461720177124,Long,12494
Instagram,Text,58,85729,3103,548,252,0.0455271844999941,Medium,3903
Facebook,Video,75,58233,5535,462,767,0.116154070715917,Medium,6764
Twitter,Text,50,22011,540,105,25,0.0304393257916496,Medium,670
Instagram,Video,32,199035,15485,2877,2111,0.1028613058004873,Short,20473
Twitter,Text,21,50900,4173,327,393,0.0961296660117878,Short,4893
Facebook,Image,108,154836,14811,2154,1329,0.1181508176393087,Long,18294
Facebook,Video,52,185766,11043,1043,818,0.0694637339448553,Medium,12904
Instagram,Image,48,85085,4946,323,445,0.0671563730387259,Medium,5714
Facebook,Text,112,141032,13091,2370,1628,0.1211710817403142,Long,17089
Instagram,Image,64,21583,1771,136,148,0.0952138256961497,Medium,2055
Twitter,Text,64,132283,10414,1178,1258,0.0971402220995895,Medium,12850
Instagram,Video,9,220175,17839,3364,1322,0.1023049846712842,Short,22525
Instagram,Text,73,281345,15301,937,669,0.0600934795358012,Medium,16907
Twitter,Text,82,62019,851,112,62,0.0165271932794788,Long,1025
Instagram,Video,74,287564,8006,1087,912,0.0347922549415086,Medium,10005
Instagram,Text,11,45602,3094,508,404,0.0878470242533222,Short,4006
Facebook,Video,57,186717,8524,1483,1025,0.0590840684029842,Medium,11032
Twitter,Text,21,186196,12029,1366,826,0.0763765064770456,Short,14221
Instagram,Video,63,105156,6272,1013,597,0.0749553044999809,Medium,7882
Twitter,Image,13,51031,2524,470,168,0.0619623366189179,Short,3162
Twitter,Text,99,14629,455,83,50,0.040194134937453,Long,588
Instagram,Text,26,33675,2515,315,192,0.0897401633259094,Short,3022
Facebook,Text,49,130652,11995,1691,1432,0.1157119676698404,Medium,15118
Twitter,Video,77,134734,10683,1612,231,0.0929683673014977,Medium,12526
Instagram,Text,63,12589,261,45,16,0.0255778854555564,Medium,322
Twitter,Video,84,110954,6481,817,869,0.0736070804117021,Long,8167
Facebook,Text,104,183436,15625,1043,969,0.0961479753156414,Long,17637
Facebook,Image,102,7655,483,52,34,0.0743305029392553,Long,569
Facebook,Text,113,77285,3830,605,470,0.063466390632076,Long,4905
Instagram,Image,17,146869,5229,750,168,0.0418536246587094,Short,6147
Instagram,Video,87,233538,9279,1512,561,0.0486087917169796,Long,11352
Facebook,Image,16,9645,306,38,36,0.0393986521513737,Short,380
Instagram,Text,40,157504,4349,331,628,0.0337007314099959,Medium,5308
Facebook,Text,14,181962,11463,771,1395,0.0749002538991657,Short,13629
Instagram,Video,20,179683,10034,1226,425,0.0650311938246801,Short,11685
Facebook,Text,96,231612,17633,1425,2266,0.0920677685094036,Long,21324
Twitter,Text,23,159743,6024,1188,493,0.0482337254214582,Short,7705
Facebook,Video,108,39760,2046,163,249,0.0618209255533199,Long,2458
Facebook,Video,10,228049,16244,2193,830,0.084486228836785,Short,19267
Instagram,Image,8,33233,3213,161,206,0.1077242499924773,Short,3580
Instagram,Video,34,237893,9848,867,1351,0.0507202818073671,Short,12066
Instagram,Text,107,203876,7510,667,1039,0.0452039474974984,Long,9216
Instagram,Video,99,250382,12628,2029,720,0.0614141591647961,Long,15377
Instagram,Text,50,140510,10559,1312,325,0.0867980926624439,Medium,12196
Instagram,Image,31,245877,23736,1229,3341,0.1151226019513822,Short,28306
Twitter,Video,49,106602,6213,664,366,0.0679443162417215,Medium,7243
Facebook,Text,89,87905,7306,1071,260,0.0982537967123599,Long,8637
Facebook,Video,41,179968,9321,1356,608,0.0627055921052631,Medium,11285
Facebook,Video,13,95139,1292,75,73,0.0151357487465708,Short,1440
Twitter,Video,65,13319,1205,228,36,0.1102935655830017,Medium,1469
Facebook,Video,39,83258,3004,261,444,0.0445482716375603,Short,3709
Twitter,Image,110,105293,2366,434,137,0.0278935921666207,Long,2937
Twitter,Text,51,139100,13861,1136,768,0.1133357296908698,Medium,15765
Twitter,Video,25,113930,4701,635,350,0.0499078381462301,Short,5686
Facebook,Text,21,113629,2532,280,187,0.0263929102605848,Short,2999
Twitter,Image,59,27940,1062,145,81,0.0460987831066571,Medium,1288
Facebook,Text,92,231056,12995,1620,1791,0.0710044318260508,Long,16406
Facebook,Text,99,142494,2552,128,71,0.0193060760453071,Long,2751
Instagram,Image,10,258380,10783,1107,1535,0.0519583559099001,Short,13425
Instagram,Video,39,179513,12601,651,1342,0.0812977333117935,Short,14594
Twitter,Text,54,22688,2097,319,232,0.1167136812411847,Medium,2648
Twitter,Text,41,179352,8208,1461,332,0.0557618537847361,Medium,10001
Facebook,Video,17,17472,1062,114,66,0.0710851648351648,Short,1242
Twitter,Video,29,82436,5543,713,148,0.0776845067688873,Short,6404
Twitter,Text,100,37671,616,36,64,0.01900666295028,Long,716
Facebook,Image,5,194881,7951,856,510,0.0478086627223793,Short,9317
Twitter,Video,53,75299,5390,381,494,0.0832016361439063,Medium,6265
Twitter,Video,39,12960,987,58,116,0.0895833333333333,Short,1161
Facebook,Image,87,210692,8856,671,814,0.0490811231560761,Long,10341
Facebook,Text,57,125652,1332,240,39,0.0128211250119377,Medium,1611
Instagram,Video,56,129118,1370,270,38,0.012995864248207,Medium,1678
Facebook,Text,58,136146,7955,1446,1055,0.0767999059832826,Medium,10456
Instagram,Text,80,209433,12489,2440,675,0.0745059279101192,Long,15604
Twitter,Text,108,36833,2210,352,148,0.0735753264735427,Long,2710
Facebook,Image,108,224813,16851,1246,815,0.0841232491003634,Long,18912
Facebook,Text,51,38976,3621,486,401,0.1156609195402298,Medium,4508
Facebook,Text,47,204282,20247,3234,1421,0.1219001184636923,Medium,24902
Twitter,Video,24,109549,8007,1017,635,0.0881705903294416,Short,9659
Instagram,Video,37,135120,7601,1012,818,0.0697972172883363,Short,9431
Twitter,Image,97,67658,1535,211,155,0.0280971947145939,Long,1901
Twitter,Image,20,52108,2322,278,280,0.0552698242112535,Short,2880
Facebook,Video,82,155552,9569,895,1122,0.0744831310429952,Long,11586
Instagram,Video,11,14443,1444,210,111,0.1222045281451222,Short,1765
Twitter,Image,74,71969,1542,89,69,0.0236212813850407,Medium,1700
Facebook,Text,25,135062,10990,831,538,0.0915061231138292,Short,12359
Twitter,Image,40,125781,12566,2372,1405,0.1299321837161415,Medium,16343
Twitter,Text,90,94198,7769,958,419,0.0970933565468481,Long,9146
Facebook,Video,108,64336,5085,880,392,0.0988093757771698,Long,6357
Facebook,Video,58,32097,1068,169,36,0.0396610275103592,Medium,1273
Instagram,Video,23,206317,2125,208,76,0.0116762070018466,Short,2409
Twitter,Text,29,152258,4619,787,242,0.0370949309724283,Short,5648
Facebook,Image,71,54356,4407,280,136,0.0887298550298035,Medium,4823
Facebook,Text,104,233247,4584,830,255,0.0243047070273143,Long,5669
Instagram,Image,113,248968,9124,1387,856,0.0456564699077793,Long,11367
Instagram,Image,57,93015,5639,1066,658,0.0791592753856904,Medium,7363
Facebook,Image,102,227086,14120,2602,342,0.0751433377663088,Long,17064
Instagram,Video,79,228687,13462,1440,1320,0.0709353832968205,Medium,16222
Facebook,Image,52,164838,16200,2892,1088,0.1224232276538176,Medium,20180
Twitter,Video,46,152859,1697,228,83,0.0131362889983579,Medium,2008
Instagram,Image,51,58034,3127,230,75,0.0591377468380604,Medium,3432
Twitter,Image,95,99431,5508,960,343,0.068499763655198,Long,6811
Twitter,Video,46,178614,6501,1210,797,0.0476334441869058,Medium,8508
Twitter,Video,6,136279,7802,489,693,0.0659235832373293,Short,8984
Facebook,Text,10,31234,2204,417,266,0.0924313248383172,Short,2887
Twitter,Image,50,32568,2297,322,169,0.0856055023335789,Medium,2788
Twitter,Video,70,70633,1264,68,163,0.0211657440573103,Medium,1495
Twitter,Text,110,119766,9847,1292,389,0.0962543626738807,Long,11528
Facebook,Text,85,218630,20499,3474,2595,0.1215203768924667,Long,26568
Twitter,Video,44,111582,2357,306,192,0.0255865641411697,Medium,2855
Twitter,Image,62,56703,2693,420,315,0.0604553550958503,Medium,3428
Instagram,Text,116,122634,6874,1250,352,0.0691162320400541,Long,8476
Facebook,Image,82,186695,4132,745,343,0.0279600417793727,Long,5220
Twitter,Image,78,186526,10315,792,1188,0.0659157436496788,Medium,12295
Instagram,Text,113,217576,6226,710,516,0.0342501011140934,Long,7452
Facebook,Video,37,210757,19849,1323,1579,0.107948964921687,Short,22751
Facebook,Image,110,194703,9805,1365,1229,0.0636816073712269,Long,12399
Facebook,Video,66,78253,7789,1504,320,0.1228451305381263,Medium,9613
Facebook,Text,16,119170,1690,130,138,0.0164303096416883,Short,1958
Facebook,Image,100,19642,421,46,53,0.0264738824966907,Long,520
Facebook,Video,53,82176,4099,791,532,0.0659803348909657,Medium,5422
Twitter,Video,92,84373,7483,1216,264,0.1062306662083842,Long,8963
Twitter,Image,82,10990,659,39,86,0.0713375796178343,Long,784
Twitter,Video,9,186694,14172,1619,305,0.086215946950625,Short,16096
Twitter,Video,55,184735,8889,1761,1166,0.063961891357891,Medium,11816
Instagram,Text,73,9170,125,14,6,0.0158124318429661,Medium,145
Twitter,Text,115,157889,10784,1557,1026,0.0846607426736504,Long,13367
Facebook,Video,36,139208,9335,1448,198,0.0788819608068501,Short,10981
Twitter,Video,113,134784,2214,331,254,0.0207665598290598,Long,2799
Twitter,Image,53,75687,1920,245,146,0.0305336451438159,Medium,2311
Facebook,Text,101,248046,13110,916,1703,0.063411625263056,Long,15729
Twitter,Image,64,185551,9314,1455,858,0.0626620174507278,Medium,11627
Twitter,Video,50,143545,11155,2119,1433,0.102455675920443,Medium,14707
Twitter,Image,72,125376,5625,1075,559,0.0578978432873915,Medium,7259
Instagram,Video,98,258795,18037,2507,2109,0.0875326030255607,Long,22653
Twitter,Text,45,87031,6387,790,748,0.091059507531799,Medium,7925
Facebook,Text,85,24625,1675,167,87,0.0783350253807106,Long,1929
Facebook,Video,71,147833,9409,616,894,0.073860369470957,Medium,10919
Twitter,Text,17,76454,6308,1151,842,0.1085750909043346,Short,8301
Twitter,Video,112,3821,264,18,35,0.0829625752420832,Long,317
Twitter,Image,116,102120,8688,809,608,0.0989522130826478,Long,10105
Facebook,Video,104,182718,12297,1980,765,0.0823235805996125,Long,15042
Facebook,Image,22,248851,6048,941,635,0.0306368067638868,Short,7624
Instagram,Video,91,41200,1559,237,188,0.0481553398058252,Long,1984
Instagram,Text,103,184322,7323,1180,180,0.047107778778442,Long,8683
Instagram,Video,117,165256,3049,400,98,0.0214636684901002,Long,3547
Facebook,Video,101,183826,13292,973,1611,0.0863642792640866,Long,15876
Instagram,Video,55,162667,10339,2065,793,0.081128932112844,Medium,13197
Twitter,Text,40,93568,5902,1084,630,0.0813953488372093,Medium,7616
Twitter,Video,85,108502,5757,660,729,0.065860537132956,Long,7146
Facebook,Text,107,107567,6333,820,749,0.073461191629403,Long,7902
Instagram,Video,38,284901,3056,333,382,0.0132361767771962,Short,3771
Twitter,Image,16,109136,2036,296,176,0.0229805013927576,Short,2508
Facebook,Video,9,146026,10441,1667,422,0.0858066371742018,Short,12530
Instagram,Image,52,231401,7759,657,632,0.0391009546199022,Medium,9048
Twitter,Text,108,194421,3832,440,556,0.0248327084008414,Long,4828
Instagram,Text,95,174002,6886,1005,411,0.0477120952632728,Long,8302
Facebook,Video,44,95342,3137,621,233,0.0418598309244614,Medium,3991
Instagram,Text,17,93760,1185,116,141,0.0153796928327645,Short,1442
Facebook,Video,30,228844,10744,1737,320,0.0559376693293247,Short,12801
Instagram,Text,18,139883,1739,177,205,0.0151626716613169,Short,2121
Twitter,Image,100,163440,1640,104,91,0.0112273617229564,Long,1835
Facebook,Text,15,235682,19166,3172,1049,0.0992311674205072,Short,23387
Facebook,Image,42,166791,6396,942,612,0.0476644423260247,Medium,7950
Facebook,Video,84,142709,8717,1108,463,0.0720907581161664,Long,10288
Instagram,Video,61,279277,10276,1554,1062,0.0461620541612807,Medium,12892
Instagram,Video,26,51986,4871,886,672,0.123667910591313,Short,6429
Twitter,Image,115,161943,12247,2002,889,0.0934773346177358,Long,15138
Facebook,Video,20,227179,9819,1754,1400,0.0571047499988995,Short,12973
Facebook,Video,81,175544,5083,475,724,0.0357858998313813,Long,6282
Instagram,Image,80,60508,1355,230,63,0.0272360679579559,Long,1648
Instagram,Text,86,268545,21112,2195,1607,0.0927740229756651,Long,24914
Twitter,Video,33,143076,7264,385,1080,0.0610095333948391,Short,8729
Twitter,Text,86,168373,5198,293,190,0.0337405641046961,Long,5681
Instagram,Text,114,141973,13170,2101,1077,0.1151486550259556,Long,16348
Facebook,Video,6,72621,3275,297,249,0.0526156345960534,Short,3821
Twitter,Video,58,121673,7168,689,898,0.0719551584985987,Medium,8755
Instagram,Image,6,263978,23019,3300,945,0.1032813340505648,Short,27264
Instagram,Image,7,184881,15715,2533,766,0.1028445324289678,Short,19014
Facebook,Video,97,129545,8733,1168,373,0.0793083484503454,Long,10274
Instagram,Text,60,63171,5683,886,236,0.1077234807110857,Medium,6805
Instagram,Image,76,277498,26553,5075,1420,0.1190927502180195,Medium,33048
Twitter,Image,15,60860,5730,1020,508,0.1192573118632928,Short,7258
Instagram,Video,80,276648,11456,986,1281,0.0496045516323992,Long,13723
Instagram,Video,36,190392,8709,1620,604,0.0574236312450102,Short,10933
Twitter,Video,8,136595,4322,408,337,0.0370950620447307,Short,5067
Facebook,Video,13,77243,6589,982,810,0.1085017412581075,Short,8381
Facebook,Image,92,131890,2764,500,244,0.0265979225111835,Long,3508
Twitter,Image,117,88703,3721,534,359,0.0520162790435498,Long,4614
Twitter,Image,60,166859,1814,310,158,0.0136762176448378,Medium,2282
Facebook,Text,20,94407,5996,1133,735,0.0832989079199635,Short,7864
Facebook,Image,85,26982,1868,364,81,0.0857238158772515,Long,2313
Facebook,Image,115,4049,131,14,19,0.0405038281057051,Long,164
Facebook,Video,90,16381,1249,248,167,0.1015811000549417,Long,1664
Facebook,Image,75,201948,8954,812,644,0.0515479232277616,Medium,10410
Twitter,Image,14,50390,1917,228,141,0.0453661440762055,Short,2286
Instagram,Image,97,237361,22799,3741,2972,0.1243338206360775,Long,29512
Facebook,Video,40,15061,948,185,73,0.0800743642520417,Medium,1206
Facebook,Image,28,74241,2428,140,208,0.0373917377190501,Short,2776
Instagram,Image,68,263565,25958,4979,3036,0.1288979948020412,Medium,33973
Instagram,Text,60,69535,3120,623,219,0.0569785000359531,Medium,3962
Instagram,Text,114,56576,3864,720,305,0.0864147341628959,Long,4889
Instagram,Text,82,33147,2490,164,61,0.0819078649651552,Long,2715
Instagram,Text,82,121622,5838,1028,217,0.0582378188156747,Long,7083
Instagram,Video,93,234155,13635,1990,1085,0.0713629860562447,Long,16710
Twitter,Text,114,43929,1387,71,35,0.0339866602927451,Long,1493
Instagram,Image,26,67637,3511,693,210,0.0652601386814909,Short,4414
Instagram,Text,56,158084,6002,435,461,0.043635029477999,Medium,6898
Twitter,Video,54,68313,4048,443,134,0.0677030726216093,Medium,4625
Instagram,Text,51,14525,1020,55,29,0.0760068846815834,Medium,1104
Facebook,Text,27,242685,15837,1527,350,0.0729917382615324,Short,17714
Facebook,Video,100,132228,10565,1428,877,0.0973318812959433,Long,12870
Instagram,Video,94,48348,664,125,25,0.0168362703731281,Long,814
Twitter,Video,119,62447,1066,211,116,0.0223069162649927,Long,1393
Facebook,Video,95,202722,5773,655,485,0.0341008869288977,Long,6913
Twitter,Video,113,112709,11126,1270,249,0.1121915729888473,Long,12645
Facebook,Video,80,235312,19301,1429,534,0.090365132249949,Long,21264
Instagram,Image,87,91030,8481,1058,1181,0.1177633747116335,Long,10720
Twitter,Text,23,199953,6896,1317,249,0.0423199451871189,Short,8462
Twitter,Text,56,135113,8329,623,986,0.073553248022026,Medium,9938
Twitter,Video,38,81866,4907,441,255,0.0684411110839664,Short,5603
Facebook,Video,100,212806,13035,2394,805,0.0762854430796124,Long,16234
Facebook,Image,33,54826,4088,588,94,0.0870025170539525,Short,4770
Facebook,Image,65,108808,4946,492,456,0.0541688111168296,Medium,5894
Instagram,Video,89,211355,14995,2577,1210,0.0888647062998273,Long,18782
Facebook,Image,39,151145,12236,811,1429,0.095775579741308,Short,14476
Instagram,Image,110,100822,3631,649,500,0.0474102874372656,Long,4780
Twitter,Video,9,30028,2856,364,260,0.1158918342879978,Short,3480
Twitter,Video,80,156512,8862,1449,1274,0.0740198834594152,Long,11585
Instagram,Video,11,37887,2877,367,112,0.0885791960303006,Short,3356
Facebook,Video,45,173009,13080,1137,847,0.0870706148235063,Medium,15064
Instagram,Text,6,70045,4263,622,545,0.0775215932614747,Short,5430
Twitter,Text,93,106136,4143,303,380,0.0454699630662546,Long,4826
Twitter,Video,14,194575,13625,1151,1241,0.0823178722857509,Short,16017
Instagram,Image,106,263507,4705,622,375,0.0216388938434273,Long,5702
Facebook,Video,48,247025,24289,2635,544,0.111195223155551,Medium,27468
Facebook,Text,74,211854,5626,910,171,0.0316585950701898,Medium,6707
Instagram,Image,95,32428,1128,155,35,0.0406438879980263,Long,1318
Instagram,Text,39,137685,13203,1415,589,0.1104477611940298,Short,15207
Facebook,Video,66,51343,1375,136,44,0.0302865044894143,Medium,1555
Twitter,Text,78,75159,1902,355,64,0.0308811985257919,Medium,2321
Instagram,Text,77,106337,8763,490,900,0.0954794662253025,Medium,10153
Facebook,Text,24,194199,6333,973,224,0.0387746589838258,Short,7530
Facebook,Image,105,55088,1020,110,82,0.0220011617775196,Long,1212
Twitter,Text,39,178095,5413,577,152,0.0344872118812993,Short,6142
Twitter,Image,41,31653,2847,420,156,0.1081414083973083,Medium,3423
Twitter,Video,108,79512,2801,497,392,0.0464080893450045,Long,3690
Twitter,Video,76,111122,8062,1279,193,0.085797591836,Medium,9534
Twitter,Text,114,17718,807,121,108,0.0584716107912857,Long,1036
Instagram,Image,58,79877,2683,333,318,0.0417391739799942,Medium,3334
Facebook,Video,99,57219,1313,158,183,0.0289064821125849,Long,1654
Instagram,Image,117,190026,18527,2206,2265,0.1210255438729437,Long,22998
Instagram,Image,111,31285,1780,127,226,0.0681796388045389,Long,2133
Instagram,Text,84,115545,2348,314,79,0.0237223592539703,Long,2741
Instagram,Text,32,263531,7350,715,945,0.0341895260899097,Short,9010
Instagram,Image,74,136527,6369,909,522,0.0571315563954382,Medium,7800
Twitter,Image,36,75179,4433,576,291,0.0704984104603679,Short,5300
Twitter,Text,96,129185,3405,650,136,0.0324418469636567,Long,4191
Facebook,Image,15,204228,7147,823,143,0.0397252090800477,Short,8113
Instagram,Text,46,276011,22228,3326,2301,0.1009198908739144,Medium,27855
Facebook,Image,27,28577,1359,188,155,0.0595583861147076,Short,1702
Twitter,Text,34,161719,1637,249,115,0.0123733142055046,Short,2001
Twitter,Image,13,181966,2703,243,111,0.0167998417286745,Short,3057
Twitter,Text,96,93007,4607,408,178,0.0558345070801122,Long,5193
Instagram,Image,92,206707,3185,426,133,0.0181125941550116,Long,3744
Instagram,Video,63,149959,3846,682,105,0.0308951113304303,Medium,4633
Twitter,Video,32,45314,3421,540,228,0.0924438363419693,Short,4189
Facebook,Image,92,182275,9703,1196,971,0.0651213825264024,Long,11870
Facebook,Video,83,227277,12141,1071,948,0.0623028287068203,Long,14160
Twitter,Image,107,2059,131,21,4,0.0757649344341913,Long,156
Facebook,Image,118,146745,11881,2244,1498,0.1064635933081195,Long,15623
Twitter,Video,37,188423,4573,374,262,0.0276452450072443,Short,5209
Facebook,Image,51,91231,2333,396,229,0.0324231894860299,Medium,2958
Twitter,Text,102,123696,2588,196,134,0.0235900918380545,Long,2918
Facebook,Image,26,4794,452,83,44,0.120775969962453,Short,579
Instagram,Image,33,267141,16551,2421,609,0.0732983705234314,Short,19581
Twitter,Video,38,128142,2349,181,247,0.0216712709338078,Short,2777
Twitter,Text,46,12721,379,21,35,0.0341954248879805,Medium,435
Facebook,Image,56,193358,14560,2245,1274,0.0935001396373566,Medium,18079
Twitter,Image,51,7686,96,13,4,0.0147020556856622,Medium,113
Twitter,Image,78,180515,13594,1926,1207,0.0926626596127745,Medium,16727
Twitter,Image,55,97003,8927,1092,1219,0.1158520870488541,Medium,11238
Instagram,Image,49,239363,3608,512,130,0.0177554592815096,Medium,4250
Instagram,Image,98,200335,5364,970,598,0.0346020415803529,Long,6932
Facebook,Text,79,65722,671,129,23,0.0125224430175588,Medium,823
Instagram,Text,38,188645,3737,379,239,0.0230856900527445,Short,4355
Facebook,Image,25,146960,9630,1186,1048,0.080729450190528,Short,11864
Instagram,Image,17,280677,3938,358,365,0.0166062769660499,Short,4661
Facebook,Video,58,155988,7538,842,815,0.0589468420647742,Medium,9195
Instagram,Text,29,66422,3673,622,533,0.0726867604107072,Short,4828
Instagram,Text,25,275288,25215,2868,3682,0.1153882479439714,Short,31765
Facebook,Image,5,110578,5825,633,809,0.0657183164824829,Short,7267
Twitter,Text,62,93045,2124,377,179,0.0288032672362835,Medium,2680
Twitter,Text,73,193003,6955,349,447,0.040159997512992,Medium,7751
Instagram,Video,90,199784,14084,2504,793,0.0869989588755856,Long,17381
Facebook,Video,75,139509,2802,216,265,0.0235325319513436,Medium,3283
Twitter,Text,17,92083,2841,259,224,0.0360978682275772,Short,3324
Facebook,Text,113,166590,16595,1729,2477,0.1248634371811033,Long,20801
Twitter,Text,56,25830,271,49,24,0.0133178474641889,Medium,344
Facebook,Image,27,113581,2691,501,168,0.029582412551395,Short,3360
Instagram,Video,25,223957,19245,2870,1975,0.1075652915515031,Short,24090
Facebook,Image,10,228897,4377,507,112,0.0218264110058235,Short,4996
Twitter,Video,24,138987,1810,230,62,0.0151237166065891,Short,2102
Instagram,Video,80,295839,6188,848,657,0.0260040089372935,Long,7693
Facebook,Video,44,209342,15161,2927,546,0.08901223834682,Medium,18634
Twitter,Text,13,16703,1659,324,196,0.1304556067772256,Short,2179
Instagram,Video,54,157550,9950,1762,279,0.0761091716915265,Medium,11991
Facebook,Image,32,70918,1502,206,146,0.0261428692292506,Short,1854
Twitter,Video,15,32128,852,92,92,0.0322460159362549,Short,1036
Facebook,Image,100,56250,3284,277,398,0.0703822222222222,Long,3959
Facebook,Video,79,225191,16756,2181,2264,0.0941467465396041,Medium,21201
Instagram,Video,92,112777,7856,800,476,0.0809739574558642,Long,9132
Instagram,Text,60,111616,6889,419,781,0.0724716886467889,Medium,8089
Twitter,Image,83,48799,4819,585,146,0.1137318387671878,Long,5550
Instagram,Video,109,230300,6407,869,819,0.0351498046026921,Long,8095
Twitter,Video,39,191320,4890,692,663,0.032641647501568,Short,6245
Facebook,Image,85,35907,3135,191,367,0.1028490266521848,Long,3693
Facebook,Video,29,10644,385,47,21,0.0425591882750845,Short,453
Twitter,Text,117,36583,1460,216,41,0.0469343684224913,Long,1717
Facebook,Image,103,57560,3417,663,255,0.0753127171646977,Long,4335
Instagram,Text,23,110589,4900,263,270,0.049127851775493,Short,5433
Facebook,Image,109,44988,1614,244,143,0.0444785276073619,Long,2001
Instagram,Image,35,290306,26866,1594,1912,0.1046206416677574,Short,30372
Twitter,Image,85,147222,3185,235,120,0.0240453193136895,Long,3540
Twitter,Video,54,174376,8088,614,1041,0.0558735147038583,Medium,9743
Facebook,Image,91,98373,1009,100,133,0.0126254155103534,Long,1242
Facebook,Image,67,39003,3224,563,405,0.1074789118785734,Medium,4192
Instagram,Image,51,56746,1427,254,67,0.0308039333168857,Medium,1748
Instagram,Text,5,71923,5722,607,433,0.094017212852634,Short,6762
Facebook,Image,62,211817,4951,567,209,0.0270374899087419,Medium,5727
Facebook,Video,14,135055,6415,529,683,0.0564732886601754,Short,7627
Twitter,Image,12,129310,9767,1122,1217,0.0936199829866213,Short,12106
Twitter,Image,110,49114,1688,153,161,0.0407623080995235,Long,2002
Twitter,Text,30,99687,3813,290,346,0.0446296909326191,Short,4449
Facebook,Video,38,54274,3802,280,429,0.0831153038287209,Short,4511
Facebook,Video,23,221411,5954,990,206,0.0322928851773398,Short,7150
Facebook,Video,82,22378,2140,144,111,0.1070247564572347,Long,2395
Twitter,Image,76,9548,257,36,15,0.032258064516129,Medium,308
Facebook,Image,119,42621,3303,248,294,0.0902137443983013,Long,3845
Instagram,Video,5,253660,20859,3664,3063,0.1087518725853504,Short,27586
Facebook,Video,52,200383,8755,798,1157,0.05344764775455,Medium,10710
Facebook,Text,29,89901,2163,122,112,0.0266626622618213,Short,2397
Facebook,Video,28,230315,5742,676,288,0.0291166445954453,Short,6706
Facebook,Image,51,118423,11687,2337,895,0.1259805949857713,Medium,14919
Facebook,Image,88,92673,6977,1199,1023,0.0992630000107906,Long,9199
Instagram,Image,98,285014,14394,1950,573,0.0593549790536605,Long,16917
Instagram,Text,73,50738,1682,131,242,0.0405021877094091,Medium,2055
Facebook,Video,71,70537,825,55,36,0.0129860924054042,Medium,916
Twitter,Image,36,147828,10398,1827,1406,0.0922085125957193,Short,13631
Facebook,Text,21,60707,5835,981,746,0.124565536099626,Short,7562
Facebook,Text,65,174902,3430,409,462,0.0245909137688534,Medium,4301
Facebook,Image,110,227471,17720,2006,2408,0.0973047113698009,Long,22134
Twitter,Text,73,143118,3404,552,164,0.0287874341452507,Medium,4120
Twitter,Text,15,156724,12740,1661,1544,0.1017393634669865,Short,15945
Twitter,Image,42,57029,2472,273,268,0.0528327692928159,Medium,3013
Instagram,Text,72,281030,20820,1827,2795,0.0905312600078283,Medium,25442
Twitter,Image,107,88281,8242,563,690,0.1075542868793964,Long,9495
Instagram,Image,23,175020,11518,1603,849,0.079819449205805,Short,13970
Instagram,Text,107,209402,19445,3381,2224,0.119626364600147,Long,25050
Twitter,Image,114,113705,3542,573,195,0.0379051053163889,Long,4310
Twitter,Image,117,117431,11512,1778,1457,0.1255801279048973,Long,14747
Twitter,Video,91,8162,722,136,41,0.1101445724087233,Long,899
Instagram,Image,21,87293,1718,187,44,0.0223271052661725,Short,1949
Facebook,Video,17,139977,6609,466,605,0.0548661565828671,Short,7680
Twitter,Video,95,120815,11288,737,1452,0.1115507180399784,Long,13477
Twitter,Video,5,128614,2190,423,240,0.0221826550764302,Short,2853
Twitter,Video,6,112580,5723,791,850,0.0654112631017942,Short,7364
Instagram,Text,86,43457,3264,560,124,0.0908484248797662,Long,3948
Instagram,Text,104,89940,1170,152,75,0.015532577273738,Long,1397
Facebook,Image,113,149452,11620,1275,806,0.0916749190375505,Long,13701
Twitter,Image,101,148580,6315,505,174,0.0470722842912908,Long,6994
Instagram,Image,104,24676,800,142,20,0.038985248824769,Long,962
Facebook,Text,70,91796,5676,337,135,0.0669745958429561,Medium,6148
Twitter,Video,72,74433,4390,812,321,0.0742009592519447,Medium,5523
Instagram,Text,20,149942,13293,1073,1725,0.1073148284003147,Short,16091
Twitter,Text,8,16219,1148,59,128,0.0823108699673222,Short,1335
Twitter,Image,61,152952,7336,481,572,0.05484727234688,Medium,8389
Instagram,Image,77,125082,8569,1564,465,0.0847284181576885,Medium,10598
Instagram,Image,117,190366,14755,900,324,0.0839383083113581,Long,15979
Instagram,Video,89,7948,749,77,32,0.1079516859587317,Long,858
Twitter,Video,27,37902,2781,243,195,0.0849295551685926,Short,3219
Twitter,Text,6,10969,646,35,44,0.0660953596499225,Short,725
Facebook,Video,71,65805,2867,371,154,0.0515462350885191,Medium,3392
Twitter,Image,91,22646,2043,408,305,0.1216991963260619,Long,2756
Instagram,Video,30,196638,15991,2845,1249,0.1021420071400238,Short,20085
Twitter,Video,115,57818,979,73,53,0.0191116953197966,Long,1105
Facebook,Video,11,197523,14411,2632,1050,0.0915994593034735,Short,18093
Facebook,Video,104,6678,390,45,21,0.0682839173405211,Long,456
Instagram,Image,48,245116,4737,431,311,0.0223526819954633,Medium,5479
Instagram,Image,37,98055,5966,871,216,0.0719290194278721,Short,7053
Facebook,Text,117,118686,3243,267,65,0.0301214970594678,Long,3575
Facebook,Text,68,126439,9322,1696,782,0.0933256352865808,Medium,11800
Facebook,Text,40,133395,4677,671,390,0.0430151055136999,Medium,5738
Instagram,Video,8,123189,2898,204,117,0.0261305798407325,Short,3219
Facebook,Video,27,7014,121,16,15,0.0216709438266324,Short,152
Facebook,Image,29,139179,7539,954,338,0.0634506642525093,Short,8831
Instagram,Text,109,42423,1186,143,142,0.0346745868986163,Long,1471
Twitter,Image,94,122015,10610,1111,474,0.0999467278613285,Long,12195
Twitter,Text,96,124308,1276,154,72,0.0120828908839334,Long,1502
Facebook,Text,96,238234,20470,2822,1127,0.1025000629633049,Long,24419
Twitter,Text,89,105924,6026,964,300,0.0688229296476719,Long,7290
Twitter,Video,78,109416,10174,1909,1463,0.1238027345178036,Medium,13546
Twitter,Text,31,34332,975,55,52,0.0315157870208551,Short,1082
Twitter,Text,55,107308,2060,278,171,0.0233812949640287,Medium,2509
Facebook,Video,119,168082,11134,1812,1286,0.0846729572470579,Long,14232
Twitter,Text,83,90935,6693,450,411,0.0830703249573871,Long,7554
Twitter,Video,85,4661,202,37,4,0.0521347350354001,Long,243
Instagram,Video,107,140870,1582,137,188,0.0135373038972101,Long,1907
Facebook,Image,103,200148,9332,1633,531,0.0574374962527729,Long,11496
Instagram,Video,73,192132,5963,890,796,0.0398111714862698,Medium,7649
Instagram,Video,84,292994,12092,1619,1013,0.0502535888106923,Long,14724
Facebook,Video,27,218777,12165,2194,1230,0.0712552050718311,Short,15589
Twitter,Text,107,136229,9973,1948,1432,0.098018777206028,Long,13353
Instagram,Image,116,47280,4571,912,608,0.1288282571912013,Long,6091
Facebook,Text,13,186217,4275,651,526,0.0292776706745356,Short,5452
Twitter,Video,37,118779,8455,852,752,0.0846866870406385,Short,10059
Facebook,Video,39,116032,3595,651,151,0.0378947186982901,Short,4397
Instagram,Image,108,10209,304,45,39,0.0380056812616318,Long,388
Twitter,Image,54,63402,4249,418,136,0.0757547080533737,Medium,4803
Twitter,Video,28,9645,770,146,104,0.1057542768273717,Short,1020
Facebook,Video,92,41508,4067,659,486,0.12556615592175,Long,5212
Twitter,Text,118,104458,8272,975,1029,0.0983744662926726,Long,10276
Instagram,Video,28,142090,3432,405,236,0.0286649306777394,Short,4073
Instagram,Text,23,162446,4919,980,152,0.0372493013062802,Short,6051
Instagram,Image,43,116375,9138,969,1046,0.0958367346938775,Medium,11153
Facebook,Text,65,98608,5662,363,833,0.0695481096868408,Medium,6858
Twitter,Video,29,98856,3616,472,475,0.0461580480699198,Short,4563
Twitter,Text,99,115631,6066,1108,784,0.0688223746227222,Long,7958
Twitter,Text,106,3026,279,38,28,0.1140118968935889,Long,345
Instagram,Image,29,75009,5850,988,205,0.0938953992187604,Short,7043
Twitter,Text,31,184178,9312,542,1231,0.0601863414740088,Short,11085
Instagram,Video,36,229497,22548,3404,1101,0.117879536551676,Short,27053
Twitter,Text,15,93676,7638,472,415,0.0910051667449506,Short,8525
Instagram,Text,73,217549,2290,305,270,0.0131694468832309,Medium,2865
Twitter,Text,112,96564,1942,242,219,0.0248850503293152,Long,2403
Facebook,Video,37,36452,2181,418,64,0.0730549764073301,Short,2663
Facebook,Text,23,222034,9213,643,486,0.0465784519488006,Short,10342
Instagram,Video,111,270412,22479,1155,2839,0.0978987618892652,Long,26473
Instagram,Text,115,85729,7768,548,1114,0.1099977837137958,Long,9430
Twitter,Image,20,95602,3026,228,165,0.0357628501495784,Short,3419
Twitter,Image,103,133730,10523,922,1251,0.0949375607567486,Long,12696
Facebook,Image,15,37064,2156,371,184,0.0731437513490179,Short,2711
Twitter,Video,79,167365,7577,807,525,0.0532309622680966,Medium,8909
Instagram,Video,78,48042,3882,683,530,0.106053036926023,Medium,5095
Instagram,Video,102,143864,8753,794,798,0.0719081910693432,Long,10345
Instagram,Text,73,183893,12353,2212,1357,0.0865829585682978,Medium,15922
Instagram,Video,91,43557,679,34,65,0.0178616525472369,Long,778
Instagram,Video,59,12420,779,148,80,0.0810789049919484,Medium,1007
Facebook,Video,29,172593,6396,1035,558,0.0462880881611652,Short,7989
Facebook,Video,97,196023,10662,1193,952,0.0653341699698504,Long,12807
Instagram,Image,108,260023,7795,1064,1019,0.0379889471315999,Long,9878
Twitter,Text,81,25018,1633,310,96,0.0815013190502838,Long,2039
Instagram,Image,115,130200,3030,416,350,0.0291551459293394,Long,3796
Facebook,Text,100,66076,1391,117,76,0.0239723954234517,Long,1584
Instagram,Text,38,10108,272,36,7,0.031163434903047,Short,315
Facebook,Image,16,95686,7996,1445,1098,0.1101415045043162,Short,10539
Facebook,Video,92,73783,960,190,70,0.0165349741810444,Long,1220
Instagram,Image,108,78937,5972,821,649,0.0942777151399217,Long,7442
Instagram,Text,25,146069,2203,161,261,0.0179709589303685,Short,2625
Twitter,Text,33,7261,459,76,56,0.081393747417711,Short,591
Facebook,Video,55,203876,16232,3238,802,0.0994329886793933,Medium,20272
Twitter,Image,27,73520,2264,274,238,0.0377584330794341,Short,2776
Instagram,Text,37,25926,716,77,85,0.033865617526807,Short,878
Facebook,Image,12,231470,8338,1107,296,0.0420832073270834,Short,9741
Twitter,Video,46,198618,14492,1082,556,0.081211169179027,Medium,16130
Twitter,Video,81,150216,4947,968,332,0.0415867817010172,Long,6247
Twitter,Text,73,158975,8768,1540,519,0.0681050479635162,Medium,10827
Instagram,Video,45,264831,5853,391,723,0.026307343173571,Medium,6967
Instagram,Text,78,137249,7069,1355,732,0.0667108685673484,Medium,9156
Instagram,Text,67,65952,4367,835,370,0.0844856865599223,Medium,5572
Facebook,Video,18,143240,2358,229,79,0.0186121195196872,Short,2666
Instagram,Video,92,273508,22807,3258,789,0.0981835997484534,Long,26854
Facebook,Image,66,132133,12469,830,1087,0.1088751485245926,Medium,14386
Twitter,Image,79,29033,796,49,107,0.0327902731374642,Medium,952
Twitter,Text,50,50545,3960,496,478,0.0976159857552675,Medium,4934
Instagram,Image,71,16865,644,36,86,0.0454195078565075,Medium,766
Twitter,Text,97,20936,1484,268,138,0.0902751241880015,Long,1890
Instagram,Video,57,264848,9958,1884,485,0.0465436778831631,Medium,12327
Facebook,Video,116,80863,7084,425,170,0.0949630857128723,Long,7679
Twitter,Image,56,99788,4115,234,585,0.0494448230248126,Medium,4934
Instagram,Text,98,105614,9124,759,746,0.1006400666578294,Long,10629
Twitter,Text,117,136813,10801,2046,1422,0.1042956444197554,Long,14269
Twitter,Image,105,107589,2976,492,343,0.0354218368048778,Long,3811
Instagram,Text,11,139911,3375,511,432,0.0308624768602897,Short,4318
Twitter,Text,85,107885,8649,1439,409,0.0972980488483107,Long,10497
Twitter,Video,88,21139,953,76,103,0.0535503098538246,Long,1132
Twitter,Text,58,179977,17177,1519,1957,0.1147535518427354,Medium,20653
Twitter,Text,15,54749,5193,507,476,0.1128057133463625,Short,6176
Facebook,Text,112,28036,2030,285,261,0.0918818661720645,Long,2576
Twitter,Image,29,105541,5810,820,862,0.0709866307880349,Short,7492
Twitter,Image,63,178344,4912,399,104,0.03036266989638,Medium,5415
Instagram,Image,92,220116,19681,2273,1557,0.1068118628359592,Long,23511
Facebook,Text,70,61788,1073,164,126,0.0220592995403638,Medium,1363
Instagram,Text,31,36611,1586,152,181,0.0524159405643112,Short,1919
Instagram,Image,87,206899,8013,491,647,0.0442293099531655,Long,9151
Instagram,Image,62,167181,16092,1281,2083,0.1163768610069326,Medium,19456
Facebook,Text,97,22481,463,34,49,0.0242871758373737,Long,546
Instagram,Text,105,272391,24546,3554,2240,0.1113840031425414,Long,30340
Instagram,Video,15,189693,9689,584,537,0.0569868155387916,Short,10810
Instagram,Image,59,292463,4174,762,282,0.0178415731220701,Medium,5218
Twitter,Text,23,172406,13033,816,1936,0.0915571383826548,Short,15785
Instagram,Image,96,28728,548,76,75,0.0243316624895572,Long,699
Facebook,Image,43,102156,3200,606,353,0.0407122440189514,Medium,4159
Facebook,Image,89,164514,13486,800,1775,0.0976269496820939,Long,16061
Twitter,Video,94,88846,2125,228,80,0.0273844630033991,Long,2433
Facebook,Text,90,45521,1788,177,97,0.0452977746534566,Long,2062
Facebook,Text,74,67777,2879,292,388,0.0525104386443778,Medium,3559
Twitter,Image,15,145209,9147,1281,742,0.0769236066634988,Short,11170
Instagram,Text,18,179708,14573,1301,1410,0.096178244708082,Short,17284
Twitter,Video,64,147977,4553,246,614,0.0365800090554613,Medium,5413
Instagram,Image,40,92309,2632,511,190,0.0361069884843298,Medium,3333
Instagram,Video,108,297168,8906,1445,735,0.0373054972271577,Long,11086
Facebook,Video,45,199038,8826,620,305,0.0489906450024618,Medium,9751
Twitter,Text,6,19702,1145,135,170,0.0735965891787635,Short,1450
Facebook,Text,61,150577,1687,100,247,0.0135080390763529,Medium,2034
Facebook,Video,111,203862,16355,886,957,0.0892662683580068,Long,18198
Instagram,Text,64,135225,12630,721,1652,0.1109484193011647,Medium,15003
Facebook,Video,24,64071,5504,899,637,0.1098781039783989,Short,7040
Twitter,Video,26,141570,1889,220,73,0.0154128699583245,Short,2182
Facebook,Image,107,80710,4617,815,106,0.0686160327097014,Long,5538
Facebook,Video,8,61456,5116,490,111,0.0930259047123145,Short,5717
Instagram,Video,60,231030,9465,1574,270,0.0489503527680387,Medium,11309
Twitter,Text,97,162805,14771,911,1500,0.1055372992229968,Long,17182
Facebook,Image,114,201504,18098,2629,1519,0.1103997935524853,Long,22246
Instagram,Text,62,247254,5625,585,841,0.0285172332904624,Medium,7051
Facebook,Image,92,107280,5838,534,334,0.0625093214019388,Long,6706
Twitter,Text,69,59158,728,125,83,0.0158220359038507,Medium,936
Facebook,Video,92,126225,4464,257,313,0.0398811645870469,Long,5034
Facebook,Image,62,133299,11072,2130,362,0.1017562022220721,Medium,13564
Instagram,Image,34,8911,871,146,116,0.1271462237683761,Short,1133
Facebook,Image,80,183177,16888,1745,1215,0.1083542147758725,Long,19848
Instagram,Image,23,78876,1091,216,151,0.0184847101780009,Short,1458
Twitter,Text,105,197394,18437,1481,2614,0.1141473398380903,Long,22532
Facebook,Text,66,170744,14349,1583,1816,0.1039450873822799,Medium,17748
Twitter,Image,108,72412,6379,1165,150,0.1062531072197978,Long,7694
Twitter,Image,111,199311,18403,3671,2679,0.1241928443487815,Long,24753
Facebook,Image,72,66804,3603,309,130,0.0605053589605412,Medium,4042
Instagram,Text,83,66727,1935,312,272,0.037750835493878,Long,2519
Twitter,Image,88,8440,100,9,9,0.0139810426540284,Long,118
Twitter,Image,48,148823,1803,297,124,0.014943926678,Medium,2224
Facebook,Image,88,146802,9956,684,1132,0.080189643192872,Long,11772
Facebook,Text,65,67792,2735,274,234,0.0478375029502006,Medium,3243
Facebook,Video,25,155452,8492,520,1046,0.0647016442374495,Short,10058
Facebook,Video,14,31972,697,86,60,0.0263668209683473,Short,843
Facebook,Text,34,67385,6589,1022,447,0.1195815092379609,Short,8058
Facebook,Video,28,124257,2695,287,180,0.025447258504551,Short,3162
Instagram,Image,52,173185,8664,1232,572,0.0604440338366486,Medium,10468
Twitter,Image,59,143221,7146,967,582,0.0607103706858631,Medium,8695
Instagram,Text,108,60014,646,60,22,0.0121305028826607,Long,728
Instagram,Text,56,43402,3042,374,322,0.0861250633611354,Medium,3738
Facebook,Video,108,128679,7519,453,484,0.0657139082523177,Long,8456
Twitter,Video,42,84917,4651,553,432,0.0663706913809955,Medium,5636
Instagram,Image,71,245416,20523,2436,1815,0.1009469635231606,Medium,24774
Facebook,Text,97,134315,4258,231,559,0.0375832930052488,Long,5048
Facebook,Video,12,125655,10994,1397,1451,0.1101587680553897,Short,13842
Twitter,Video,33,135486,11899,1911,1768,0.1149786693828144,Short,15578
Instagram,Image,14,139928,11812,1391,607,0.0986936138585558,Short,13810
Instagram,Image,73,76799,3127,459,76,0.0476829125379236,Medium,3662
Instagram,Image,79,249561,6146,798,462,0.0296761112513573,Medium,7406
Facebook,Image,72,215407,11366,1906,1552,0.0688185620708704,Medium,14824
Twitter,Video,53,124626,4160,529,407,0.0408903439089756,Medium,5096
Twitter,Text,62,132551,1948,194,133,0.0171632051059592,Medium,2275
Instagram,Text,39,63949,2247,391,270,0.0454737368840795,Short,2908
Facebook,Image,54,44392,2318,139,261,0.0612272481528203,Medium,2718
Instagram,Image,44,148542,2992,279,337,0.0242894265594915,Medium,3608
Twitter,Video,16,146844,13948,1934,1212,0.1164092506333251,Short,17094
Facebook,Image,89,161454,11148,1988,991,0.0874986064142108,Long,14127
Instagram,Text,20,129052,2874,174,265,0.0256718222112016,Short,3313
Instagram,Image,82,149656,12434,800,1141,0.0960536162933661,Long,14375
Facebook,Text,89,157463,14727,1360,689,0.106539313997574,Long,16776
Twitter,Image,52,87376,2940,298,152,0.0387978392235854,Medium,3390
Facebook,Image,95,171037,3915,691,268,0.0284967580114244,Long,4874
Instagram,Text,104,17097,667,129,87,0.0516464876878984,Long,883
Instagram,Video,5,154911,13152,691,1053,0.0961584393619562,Short,14896
Instagram,Video,69,127202,3276,171,460,0.0307149258659455,Medium,3907
Instagram,Image,26,219382,17581,3159,2164,0.1044023666481297,Short,22904
Twitter,Image,19,39693,2955,207,390,0.0894868112765475,Short,3552
Twitter,Text,88,53988,3704,373,138,0.07807290509002,Long,4215
Instagram,Text,71,54769,2683,244,105,0.0553597838193138,Medium,3032
Twitter,Image,18,127476,5482,505,278,0.0491465060089742,Short,6265
Twitter,Text,77,129266,2284,226,242,0.0212894341899648,Medium,2752
Twitter,Video,23,135541,5714,573,468,0.0498373185973247,Short,6755
Instagram,Video,44,175097,11235,1606,472,0.0760321421840465,Medium,13313
Facebook,Text,102,131237,11921,1720,1394,0.11456372821689,Long,15035
Facebook,Text,8,240481,20436,2624,1783,0.1033054586433023,Short,24843
Facebook,Text,37,137237,1770,316,203,0.0166791754410253,Short,2289
Instagram,Video,47,212978,4791,847,662,0.0295805200537144,Medium,6300
Twitter,Image,41,45251,3908,322,542,0.1054562330114251,Medium,4772
Twitter,Text,70,49526,4682,615,276,0.1125267536243589,Medium,5573
Instagram,Text,31,107734,1618,271,65,0.0181372640020791,Short,1954
Instagram,Text,49,240368,17573,3163,1342,0.0918508287292817,Medium,22078
Facebook,Image,85,31942,1370,120,42,0.0479619309999373,Long,1532
Facebook,Text,117,48017,2054,254,52,0.0491492596372118,Long,2360
Instagram,Text,54,65555,4447,572,654,0.0865380215086568,Medium,5673
Facebook,Video,99,166281,13787,2136,2017,0.107889656665524,Long,17940
Twitter,Text,67,41365,1436,142,94,0.0404206454732261,Medium,1672
Instagram,Video,109,30976,2276,213,288,0.0896500516528925,Long,2777
Instagram,Image,10,46969,3157,491,154,0.0809470076007579,Short,3802
Twitter,Text,99,171397,9694,1065,719,0.0669673331505218,Long,11478
Twitter,Text,71,189813,12189,616,1394,0.0748052030155995,Medium,14199
Twitter,Video,108,17515,203,38,18,0.0147873251498715,Long,259
Facebook,Image,71,170246,1764,127,223,0.0124173255171927,Medium,2114
Instagram,Image,101,78663,4683,338,690,0.0726008415646492,Long,5711
Facebook,Video,63,56379,3223,556,68,0.0682346263679739,Medium,3847
Twitter,Image,17,29391,482,48,67,0.0203123405124017,Short,597
Facebook,Image,25,210348,11418,1132,842,0.0636659250385076,Short,13392
Twitter,Image,68,69081,5400,774,394,0.0950767939086,Medium,6568
Facebook,Image,41,223299,13109,771,263,0.063336602492622,Medium,14143
Facebook,Image,84,60284,3411,291,438,0.0686749386238471,Long,4140
Twitter,Image,89,84054,6271,363,744,0.0877769053227687,Long,7378
Facebook,Image,52,196278,4998,468,680,0.0313127299035042,Medium,6146
Instagram,Image,60,83593,4277,771,178,0.0625171964159678,Medium,5226
Facebook,Text,48,62485,1457,271,69,0.0287589021365127,Medium,1797
Facebook,Video,17,205611,11749,1132,698,0.0660421864588956,Short,13579
Instagram,Image,8,23156,1465,114,130,0.0738037657626533,Short,1709
Twitter,Video,99,51316,1075,75,69,0.0237547743393873,Long,1219
Instagram,Image,77,184859,3104,338,183,0.0196095402441861,Medium,3625
Facebook,Image,116,116881,2922,508,127,0.030432662280439,Long,3557
Twitter,Text,37,95099,5969,1061,242,0.0764676810481708,Short,7272
Facebook,Video,41,175651,4754,270,387,0.0308054038975012,Medium,5411
Facebook,Video,57,191646,6663,542,519,0.0403034762009121,Medium,7724
Instagram,Text,105,208333,15256,1227,1862,0.0880561408898254,Long,18345
Instagram,Text,28,127441,4122,718,523,0.0420822184383361,Short,5363
Twitter,Video,93,95263,4360,516,484,0.0562652866275468,Long,5360
Twitter,Image,55,107118,10025,1055,1283,0.1154147762280849,Medium,12363
Twitter,Image,45,61235,5159,998,176,0.1034212460194333,Medium,6333
Facebook,Video,33,55904,1844,348,146,0.0418216943331425,Short,2338
Instagram,Image,63,78130,4983,578,285,0.0748240112632791,Medium,5846
Instagram,Text,44,185626,12979,898,684,0.078442675056296,Medium,14561
Instagram,Text,55,143271,13040,986,1468,0.1081447047902227,Medium,15494
Twitter,Text,54,172104,10200,681,1306,0.0708118347045972,Medium,12187
Instagram,Video,115,166507,10076,1532,351,0.0718228062483859,Long,11959
Instagram,Video,40,166192,14950,1991,540,0.1051855684990853,Medium,17481
Instagram,Video,83,208227,3101,413,319,0.0184077953387408,Long,3833
Twitter,Image,113,4607,306,19,11,0.0729324940308226,Long,336
Instagram,Video,64,221396,10515,1776,1260,0.0612070678783717,Medium,13551
Twitter,Video,22,155098,14250,1857,1820,0.1155849849772402,Short,17927
Instagram,Text,24,260725,25146,1600,2212,0.1110672164157637,Short,28958
Instagram,Image,9,284317,7199,1166,994,0.0329174829503687,Short,9359
Instagram,Image,22,39262,1387,273,31,0.0430696347613468,Short,1691
Twitter,Text,44,184975,6402,743,316,0.0403351804297878,Medium,7461
Twitter,Image,5,49156,936,63,112,0.022601513548702,Short,1111
Instagram,Video,23,208318,11137,726,1608,0.0646655593851707,Short,13471
Facebook,Image,91,102124,5737,309,831,0.0673397046727507,Long,6877
Twitter,Text,30,121828,7500,1241,150,0.0729799389302951,Short,8891
Twitter,Image,117,79764,5556,856,567,0.0874956120555639,Long,6979
Instagram,Text,33,69314,1085,149,25,0.018163718729261,Short,1259
Facebook,Video,63,230760,15235,2511,1691,0.0842303692147685,Medium,19437
Instagram,Video,67,266270,24561,4909,2943,0.1217298231118789,Medium,32413
Twitter,Text,102,32466,1654,182,217,0.0632353847101583,Long,2053
Twitter,Video,87,118151,2316,360,205,0.0243840509178932,Long,2881
Instagram,Video,66,29279,519,55,67,0.021892824208477,Medium,641
Instagram,Image,52,278981,9864,1014,1381,0.0439420605704331,Medium,12259
Facebook,Video,66,27209,2114,375,188,0.0983865632695064,Medium,2677
Facebook,Text,22,15220,509,69,44,0.0408672798948751,Short,622
Twitter,Video,70,137037,11413,777,978,0.0960908367813072,Medium,13168
Facebook,Image,31,245414,20558,2272,1759,0.1001939579649082,Short,24589
Facebook,Text,10,176348,9018,1528,1088,0.0659718284301494,Short,11634
Twitter,Video,107,106304,3940,752,113,0.0452005568934376,Long,4805
Twitter,Video,74,160302,10225,1453,805,0.0778717670397125,Medium,12483
Twitter,Video,63,43920,3643,397,321,0.0992941712204007,Medium,4361
Twitter,Text,10,198237,3134,275,150,0.0179532579689967,Short,3559
Instagram,Image,35,133260,12767,1446,1153,0.1153084196307969,Short,15366
Twitter,Text,109,127534,8689,1171,688,0.0827073564696473,Long,10548
Twitter,Text,108,95406,4372,221,506,0.0534452759784499,Long,5099
Twitter,Image,98,84909,4715,425,310,0.0641863642252293,Long,5450
Facebook,Text,60,97691,4367,658,626,0.0578456562016971,Medium,5651
Twitter,Text,58,114958,5418,818,399,0.0577167313279632,Medium,6635
Instagram,Video,89,28036,1783,263,181,0.0794335853902125,Long,2227
Instagram,Text,45,131995,2035,391,99,0.0191295124815333,Medium,2525
Twitter,Video,112,67322,1735,234,190,0.0320697543150827,Long,2159
Instagram,Text,22,9847,299,27,25,0.0356453742256524,Short,351
Facebook,Video,91,220322,10283,1766,663,0.0576973702126887,Long,12712
Twitter,Video,106,52772,2290,248,149,0.0509171530357007,Long,2687
Instagram,Video,27,280037,21002,1803,1445,0.0865956998539478,Short,24250
Instagram,Image,96,16613,553,73,42,0.0402094745079154,Long,668
Twitter,Text,40,55833,845,78,44,0.0173195063851127,Medium,967
Instagram,Text,29,67423,1010,110,56,0.0174421191581507,Short,1176
Twitter,Text,11,91964,1013,155,146,0.0142881997303292,Short,1314
Instagram,Image,86,123268,1654,329,97,0.0168738034201901,Long,2080
Facebook,Video,24,115242,10058,1475,1020,0.1089273008104684,Short,12553
Instagram,Text,9,177454,12910,1180,837,0.0841175741318877,Short,14927
Instagram,Image,22,188420,18773,1193,2354,0.1184587623394544,Short,22320
Twitter,Image,110,90069,1065,111,117,0.0143556606601605,Long,1293
Instagram,Text,108,189777,16398,867,1027,0.0963868118897442,Long,18292
Twitter,Video,37,77642,5640,675,638,0.0895520465727312,Short,6953
Facebook,Image,83,231921,15685,2337,1856,0.0857102202905299,Long,19878
Twitter,Text,39,188889,7949,1007,301,0.0490076182308128,Short,9257
Twitter,Video,115,82984,3643,654,346,0.0559505446833124,Long,4643
Instagram,Image,114,206254,17758,2203,2219,0.1075373083673528,Long,22180
Facebook,Image,69,147780,10967,1308,291,0.085031804033022,Medium,12566
Twitter,Text,67,139162,9787,943,841,0.0831476983659332,Medium,11571
Instagram,Text,89,188974,2411,423,311,0.0166425010848053,Long,3145
Instagram,Video,76,97170,2583,479,371,0.0353298343110013,Medium,3433
Twitter,Text,75,93757,9060,1781,953,0.1257932741022003,Medium,11794
Instagram,Text,45,85928,4373,862,273,0.0641001768922819,Medium,5508
Twitter,Video,54,176824,14203,2798,1400,0.1040639279735782,Medium,18401
Twitter,Text,112,102840,4631,726,109,0.0531505250875145,Long,5466
Twitter,Video,108,152715,12032,1617,953,0.0956160167632518,Long,14602
Facebook,Video,108,173719,3601,273,412,0.0246720278150346,Long,4286
Twitter,Video,34,198154,2732,450,67,0.0163963382016007,Short,3249
Instagram,Text,42,216401,11243,1801,1106,0.0653878678934016,Medium,14150
Facebook,Video,39,231402,14635,2581,1412,0.0805006006862516,Short,18628
Instagram,Text,70,209046,8180,976,365,0.0455449996651454,Medium,9521
Facebook,Video,50,87431,6508,1196,611,0.0951035673845661,Medium,8315
Facebook,Text,12,152546,8332,1314,610,0.0672321791459625,Short,10256
Facebook,Video,106,171474,16041,1213,1319,0.1083137968438363,Long,18573
Facebook,Image,72,216559,3822,309,238,0.0201746406291126,Medium,4369
Instagram,Image,41,273912,4380,753,549,0.0207438885481468,Medium,5682
Twitter,Image,89,115661,10578,1204,714,0.1080398751523849,Long,12496
Instagram,Video,17,156519,10990,959,1349,0.0849609312607415,Short,13298
Twitter,Text,77,21118,1486,168,44,0.0804053414149067,Medium,1698
Instagram,Video,49,198123,2472,183,138,0.0140973031904423,Medium,2793
Facebook,Video,33,180671,17053,3133,1233,0.118552507043189,Short,21419
Facebook,Video,45,200566,15937,967,1156,0.0900451721627793,Medium,18060
Twitter,Video,60,12200,961,98,74,0.0928688524590164,Medium,1133
Twitter,Text,92,101066,9305,1242,975,0.1140047097936002,Long,11522
Instagram,Video,20,63704,3951,715,373,0.0791002134873791,Short,5039
Twitter,Image,16,55487,2525,422,221,0.0570944545569232,Short,3168
Instagram,Image,70,182537,9722,518,1253,0.0629625774500512,Medium,11493
Twitter,Image,66,31840,2545,442,115,0.0974246231155779,Medium,3102
Twitter,Video,23,20435,1618,235,213,0.1011010521164668,Short,2066
Twitter,Text,34,49897,3236,226,406,0.0775196905625588,Short,3868
Facebook,Text,20,124677,3693,526,167,0.0351789022835005,Short,4386
Facebook,Text,92,231679,19391,3348,1960,0.1066087129174418,Long,24699
Instagram,Video,17,242764,16569,2324,812,0.081169366133364,Short,19705
Twitter,Text,73,196948,5891,1177,839,0.0401476531876434,Medium,7907
Instagram,Image,27,225799,12025,1515,1011,0.0644422694520347,Short,14551
Twitter,Text,66,182484,18202,2747,846,0.1194351285592161,Medium,21795
Facebook,Video,106,206354,8162,494,838,0.0460083158068174,Long,9494
Facebook,Video,35,31484,645,110,72,0.0262673103798754,Short,827
Twitter,Text,57,171730,2052,294,202,0.0148372445117335,Medium,2548
Twitter,Video,21,139125,3703,496,190,0.0315471698113207,Short,4389
Facebook,Text,53,130069,3489,545,403,0.0341126632787213,Medium,4437
Facebook,Text,53,233656,20380,2732,2870,0.111197658095662,Medium,25982
Instagram,Image,71,138617,3334,550,479,0.0314752158826118,Medium,4363
Facebook,Video,30,214055,18759,2579,2032,0.1091775478264932,Short,23370
Twitter,Image,17,97495,1735,222,224,0.0223703779681009,Short,2181
Instagram,Video,112,82213,7530,529,1108,0.1115030469633756,Long,9167
Twitter,Text,42,10560,349,42,8,0.0377840909090909,Medium,399
Instagram,Video,26,198447,12905,1687,1058,0.0788623662741185,Short,15650
Twitter,Text,89,136734,3332,478,192,0.0292685067357058,Long,4002
Facebook,Video,33,117041,5279,624,431,0.054117787783768,Short,6334
Twitter,Image,49,41497,735,52,102,0.0214232354146082,Medium,889
Instagram,Image,50,57606,3580,259,529,0.0758254348505364,Medium,4368
Twitter,Text,43,64112,2636,416,362,0.0532505615173446,Medium,3414
Instagram,Image,73,275192,23857,3559,1088,0.1035785924009418,Medium,28504
Twitter,Text,82,80643,2126,189,264,0.0319804570762496,Long,2579
Facebook,Text,86,140592,4948,578,624,0.0437435984977808,Long,6150
Facebook,Text,72,151000,3918,376,373,0.0309072847682119,Medium,4667
Twitter,Video,101,188440,11446,883,1292,0.0722829547866695,Long,13621
Twitter,Text,43,156573,3140,310,432,0.0247935467800961,Medium,3882
Twitter,Image,24,186823,5052,451,753,0.0334862409874587,Short,6256
Instagram,Video,81,296620,21079,1314,531,0.0772840671566313,Long,22924
Twitter,Image,104,160020,2671,335,142,0.0196725409323834,Long,3148
Twitter,Text,113,137555,10575,1243,1496,0.0967903747591872,Long,13314
Instagram,Text,72,44887,870,136,54,0.0236148550805355,Medium,1060
Facebook,Image,39,217089,13610,1946,460,0.073776193174228,Short,16016
Twitter,Video,12,90780,9060,919,550,0.1159836968495263,Short,10529
Twitter,Image,56,105739,2712,337,237,0.0310765185976791,Medium,3286
Facebook,Text,44,244731,8197,1068,575,0.0402074114027238,Medium,9840
Facebook,Video,117,64055,5819,1091,712,0.1189914916868316,Long,7622
Instagram,Text,115,229237,15213,3000,1512,0.0860463188752252,Long,19725
Twitter,Text,40,164329,8927,1538,683,0.0678395170663729,Medium,11148
Twitter,Image,10,20327,1232,165,184,0.0777783243961233,Short,1581
Instagram,Text,90,160938,5889,1114,796,0.0484596552709739,Long,7799
Facebook,Image,74,178721,15544,1192,2053,0.1051303428248499,Medium,18789
Instagram,Video,110,101279,7805,1205,731,0.0961798595957701,Long,9741
Facebook,Text,104,216406,14677,1747,1781,0.0841242849089212,Long,18205
Instagram,Text,77,276186,25921,1858,1650,0.1065550027879762,Medium,29429
Facebook,Video,20,146041,9058,555,569,0.0697201470819838,Short,10182
Instagram,Image,107,187952,10538,1286,1432,0.0705286456116455,Long,13256
Facebook,Text,50,75739,7408,635,722,0.1157263761074215,Medium,8765
Facebook,Video,63,66588,1900,166,122,0.032858773352556,Medium,2188
Facebook,Text,42,138713,3159,309,410,0.0279570047508164,Medium,3878
Facebook,Image,101,31536,775,122,60,0.0303462709284627,Long,957
Facebook,Image,22,213982,21194,1581,1525,0.1135609537250796,Short,24300
Twitter,Image,16,16546,1136,179,26,0.081046778677626,Short,1341
Facebook,Image,58,118429,4445,744,481,0.0478767869356323,Medium,5670
Twitter,Video,95,147174,4769,663,425,0.0397964314349001,Long,5857
Facebook,Text,51,101895,1538,134,93,0.0173217527847293,Medium,1765
Twitter,Video,5,102523,2242,129,85,0.0239556002067828,Short,2456
Twitter,Image,19,11029,1011,112,44,0.1058119503128116,Short,1167
Instagram,Image,115,183617,14186,2512,698,0.0947406830522228,Long,17396
Facebook,Image,95,145394,13774,899,1824,0.1134641044334704,Long,16497
Instagram,Image,84,246049,11843,1915,976,0.0598823811517218,Long,14734
Instagram,Text,25,279798,17938,2155,1980,0.0788890556758804,Short,22073
Facebook,Image,5,59663,3193,590,255,0.0676801367681812,Short,4038
Instagram,Text,97,195759,17486,1808,1426,0.1058444311628073,Long,20720
Facebook,Image,71,141580,14048,2187,1782,0.1272566746715638,Medium,18017
Instagram,Text,16,253413,23808,3833,2862,0.1203687261505921,Short,30503
Facebook,Text,32,181931,11611,926,582,0.0721097558964662,Short,13119
Facebook,Image,43,234946,3656,269,370,0.0182807964383305,Medium,4295
Facebook,Video,41,25132,1648,105,178,0.0768343148177622,Medium,1931
Twitter,Video,99,67800,1270,197,92,0.0229941002949852,Long,1559
Instagram,Video,64,121722,2738,362,79,0.0261168893051379,Medium,3179
Twitter,Video,35,119890,3263,205,222,0.0307782133622487,Short,3690
Instagram,Video,62,242949,10377,998,690,0.0496606283623311,Medium,12065
Instagram,Image,101,213096,13480,961,1479,0.0747081127754627,Long,15920
Instagram,Image,101,243734,9754,623,1221,0.0475846619675547,Long,11598
Twitter,Image,115,198996,10089,956,721,0.0591268166194295,Long,11766
Instagram,Image,108,161042,2295,147,238,0.0166416214403695,Long,2680
Twitter,Image,15,49736,3271,291,338,0.078414026057584,Short,3900
Facebook,Image,114,214062,14798,1966,1542,0.0855172800403621,Long,18306
Instagram,Text,33,274984,5209,698,479,0.0232231693480347,Short,6386
Instagram,Text,93,296798,23939,1800,2436,0.0949298849722707,Long,28175
Facebook,Image,17,80385,5487,431,728,0.0826771163774336,Short,6646
Facebook,Image,55,186480,10084,1797,1410,0.0712730587730587,Medium,13291
Instagram,Text,112,222011,13266,995,423,0.0661408668939827,Long,14684
Facebook,Text,58,210039,11609,660,249,0.0595984555249263,Medium,12518
Twitter,Image,23,155514,2308,200,201,0.017419653536016,Short,2709
Twitter,Text,62,198315,15104,2061,1112,0.0921614603030532,Medium,18277
Instagram,Video,40,142702,8000,408,629,0.0633277739625233,Medium,9037
Twitter,Video,32,180808,4620,913,367,0.0326312995000221,Short,5900
Twitter,Video,72,15008,1069,90,145,0.0868869936034115,Medium,1304
Instagram,Text,7,183559,13318,1141,1368,0.0862229582858917,Short,15827
Facebook,Image,106,71395,2085,335,161,0.0361509909657539,Long,2581
Instagram,Image,105,138465,11310,986,894,0.09525872964287,Long,13190
Twitter,Image,111,189043,9657,1056,1253,0.0632977682326243,Long,11966
Instagram,Text,93,84627,2221,292,107,0.0309593864842189,Long,2620
Instagram,Text,45,224063,15501,825,339,0.0743764030652093,Medium,16665
Twitter,Video,39,102354,6520,1144,535,0.0801043437481681,Short,8199
Twitter,Text,97,70657,1790,226,259,0.0321978006425407,Long,2275
Instagram,Video,109,131162,11609,1125,1461,0.1082249432000122,Long,14195
Twitter,Video,97,31644,2750,302,201,0.1027998988749842,Long,3253
Twitter,Image,80,38122,3250,189,138,0.0938303341902313,Long,3577
Twitter,Text,103,136469,6268,988,589,0.0574855828063516,Long,7845
Twitter,Image,88,187641,15802,2068,2123,0.1065492083286701,Long,19993
Twitter,Image,85,120456,10363,1938,1173,0.1118582719001129,Long,13474
Twitter,Text,80,79948,7969,953,719,0.1205908840746485,Long,9641
Facebook,Text,54,55133,5302,923,612,0.12400921408231,Medium,6837
Instagram,Video,104,53519,2379,186,345,0.0543732132513686,Long,2910
Twitter,Video,78,73057,2033,118,186,0.0319887211355516,Medium,2337
Instagram,Video,86,34151,1240,238,114,0.0466164973207226,Long,1592
Facebook,Video,34,137544,7500,664,616,0.0638341185366137,Short,8780
Twitter,Image,76,53769,4435,776,415,0.1046327809704476,Medium,5626
Instagram,Image,109,141553,10626,941,1089,0.0894082075265095,Long,12656
Twitter,Text,119,172049,13917,1021,647,0.0905846590215578,Long,15585
Twitter,Video,81,152955,6759,1080,634,0.0553953777254748,Long,8473
Twitter,Video,99,26265,846,141,18,0.0382638492290119,Long,1005
Twitter,Video,74,54744,666,117,94,0.016020020458863,Medium,877
Twitter,Image,58,108927,7228,1299,180,0.0799342679041927,Medium,8707
Twitter,Text,75,122742,10010,1225,1447,0.1033224161248798,Medium,12682
Twitter,Image,89,25656,2309,254,337,0.1130339881509198,Long,2900
Facebook,Text,106,12304,650,105,57,0.0659947984395318,Long,812
Facebook,Text,111,89616,8378,1134,529,0.1120447241564006,Long,10041
Twitter,Image,117,47911,1351,263,59,0.0349189121496107,Long,1673
Twitter,Image,55,45013,2533,269,104,0.0645591273632061,Medium,2906
Facebook,Text,32,80981,2367,133,120,0.0323532680505303,Short,2620
Facebook,Image,68,43314,1166,161,95,0.0328300318603684,Medium,1422
Facebook,Image,112,25857,2477,255,288,0.1167962253935104,Long,3020
Twitter,Text,89,161966,13539,1372,972,0.0980637911660472,Long,15883
Instagram,Text,25,253209,2800,377,340,0.0138897116611178,Short,3517
Instagram,Video,92,202152,6906,1300,644,0.043778938620444,Long,8850
Instagram,Image,31,44420,1264,113,28,0.0316298964430436,Short,1405
Instagram,Text,31,126015,2928,313,108,0.0265762012458834,Short,3349
Twitter,Image,81,189282,13773,2529,1300,0.0929935228917699,Long,17602
Instagram,Image,54,32734,1997,368,81,0.0747235290523614,Medium,2446
Facebook,Text,33,235004,11950,1018,1184,0.060220251570186,Short,14152
Facebook,Video,43,39219,1061,165,82,0.0333511818251357,Medium,1308
Instagram,Text,61,243105,8505,955,933,0.0427510746385306,Medium,10393
Facebook,Text,96,69972,2942,560,170,0.0524781341107871,Long,3672
Twitter,Image,41,124775,10068,1609,1276,0.1038108595471849,Medium,12953
Instagram,Video,97,164413,16281,2021,1148,0.1182996478380663,Long,19450
Instagram,Text,68,232622,6177,1066,763,0.0344163492704903,Medium,8006
Twitter,Image,52,182483,7433,1484,167,0.0497799795049401,Medium,9084
Facebook,Text,26,207159,7295,853,518,0.0418326020110156,Short,8666
Twitter,Image,104,80649,1126,119,54,0.0161068333147342,Long,1299
Twitter,Text,34,181503,5396,761,419,0.0362308061023784,Short,6576
Facebook,Video,32,105715,9635,1468,1378,0.1180627157924608,Short,12481
Twitter,Text,27,6841,587,91,23,0.1024703990644642,Short,701
Facebook,Image,101,174801,4384,530,137,0.0288957156995669,Long,5051
Facebook,Text,8,216710,9308,929,256,0.0484195468598587,Short,10493
Twitter,Video,7,86647,3290,570,118,0.0459104181333456,Short,3978
Facebook,Video,65,79629,1855,359,52,0.0284569691946401,Medium,2266
Twitter,Video,100,75082,4955,889,540,0.0850270371060973,Long,6384
Facebook,Video,8,60804,3657,557,128,0.0714097756726531,Short,4342
Instagram,Image,69,233407,11303,1175,516,0.0556709953000552,Medium,12994
Facebook,Text,16,55006,4785,686,497,0.108497254844926,Short,5968
Facebook,Video,17,155656,10238,667,798,0.0751850233849,Short,11703
Twitter,Text,38,126582,4219,548,114,0.0385599848319666,Short,4881
Facebook,Image,63,194663,8493,1419,1241,0.0572938873848651,Medium,11153
Instagram,Text,97,265888,6252,548,612,0.0278763990853291,Long,7412
Instagram,Text,77,183943,11629,1456,1160,0.0774424685908134,Medium,14245
Facebook,Video,35,133328,8372,510,1095,0.0748304932197287,Short,9977
Facebook,Video,75,247056,21819,3835,3014,0.1160384690110744,Medium,28668
Instagram,Image,17,19101,1662,170,45,0.0982671064342181,Short,1877
Twitter,Text,58,175846,15004,2060,433,0.0995018368345029,Medium,17497
Instagram,Image,6,237856,14130,1508,1709,0.0729306807480156,Short,17347
Instagram,Image,37,18261,1254,175,138,0.085811291824106,Short,1567
Facebook,Image,54,147281,11752,1899,566,0.0965297628343099,Medium,14217
Facebook,Video,11,31647,577,57,35,0.0211394444971087,Short,669
Instagram,Video,22,144293,5346,683,531,0.0454630508756488,Short,6560
Twitter,Text,55,180905,4562,772,559,0.0325751084823526,Medium,5893
Instagram,Text,12,30557,1712,262,168,0.0700985044343358,Short,2142
Instagram,Text,59,234606,20033,1173,2463,0.100888297826995,Medium,23669
Twitter,Video,80,140598,4325,585,215,0.0364514431215237,Long,5125
Instagram,Video,47,108585,8228,875,518,0.0886033982594281,Medium,9621
Instagram,Image,63,137323,6388,998,212,0.055329405853353,Medium,7598
Facebook,Video,34,35588,3248,170,480,0.1095313026862987,Short,3898
Twitter,Image,63,187564,12456,1240,1559,0.0813322385958926,Medium,15255
Facebook,Image,13,9889,968,60,109,0.1149762362220649,Short,1137
Facebook,Video,96,114688,3682,692,166,0.0395856584821428,Long,4540
Twitter,Image,72,112990,10525,1910,1166,0.1203734843791485,Medium,13601
Twitter,Image,43,31146,1312,256,173,0.0558980286393116,Medium,1741
Instagram,Text,85,57318,3781,553,473,0.0838654523884294,Long,4807
Facebook,Image,15,234154,6019,1029,710,0.0331320413061489,Short,7758
Twitter,Video,6,39638,3106,440,218,0.0949593824108179,Short,3764
Facebook,Video,27,4147,406,50,48,0.121533638775018,Short,504
Facebook,Image,67,136919,11072,1938,918,0.1017243771865117,Medium,13928
Twitter,Text,118,87770,5742,955,416,0.081041358095021,Long,7113
Instagram,Video,26,69347,3490,558,507,0.065684168024572,Short,4555
Facebook,Video,65,233339,9583,1764,374,0.0502316372316672,Medium,11721
Twitter,Text,30,173055,8256,1562,1093,0.0630493195804802,Short,10911
Instagram,Image,16,283147,11197,1307,692,0.0466047671350923,Short,13196
Facebook,Video,36,207026,17585,1625,1532,0.1001903142600446,Short,20742
Twitter,Image,13,19710,1781,225,119,0.1078132927447995,Short,2125
Facebook,Image,111,68657,6554,419,559,0.1097047642629302,Long,7532
Twitter,Image,73,170153,8108,1546,1024,0.0627552849494278,Medium,10678
Twitter,Image,94,183300,10843,2142,474,0.0734260774686306,Long,13459
Facebook,Video,75,227381,14079,2082,1663,0.0783882558349202,Medium,17824
Facebook,Text,97,217174,14897,2412,1161,0.0850470129941889,Long,18470
Twitter,Video,37,114286,1168,115,165,0.0126699683250791,Short,1448
Instagram,Text,28,244192,20961,3771,1909,0.1090985781679989,Short,26641
Facebook,Image,93,23655,807,149,20,0.0412597759458888,Long,976
Twitter,Text,99,141555,7430,457,1027,0.0629719896859877,Long,8914
Twitter,Image,97,42094,3609,251,505,0.1036964888107568,Long,4365
Instagram,Video,73,177522,17701,1577,768,0.1129212153986548,Medium,20046
Instagram,Video,42,253568,20675,3216,3027,0.1061569283190308,Medium,26918
Instagram,Text,113,123116,1506,116,117,0.0141248903473147,Long,1739
Facebook,Image,15,159281,6879,571,955,0.0527683778981799,Short,8405
Twitter,Image,36,48316,1558,167,104,0.0378549548803708,Short,1829
Twitter,Text,68,20556,1989,281,45,0.1126191866121813,Medium,2315
Twitter,Image,76,161034,5439,1068,670,0.0445682278276637,Medium,7177
Instagram,Image,24,107211,10174,1705,1375,0.1236253742619693,Short,13254
Twitter,Image,38,56376,5320,711,218,0.1108450404427415,Short,6249
Facebook,Video,115,147425,12611,723,1160,0.0983143971510937,Long,14494
Instagram,Video,46,280915,5288,674,677,0.0236334834380506,Medium,6639
Instagram,Video,12,161406,1643,132,131,0.0118087307782858,Short,1906
Instagram,Image,70,137976,11238,1067,1376,0.0991549254942888,Medium,13681
Instagram,Video,25,75805,6511,570,670,0.1022491920058043,Short,7751
Facebook,Image,83,33968,3281,335,373,0.1174340555817239,Long,3989
Twitter,Image,74,3650,108,6,15,0.0353424657534246,Medium,129
Facebook,Text,9,15467,1175,160,87,0.0919376737570311,Short,1422
Twitter,Image,71,103495,5869,333,705,0.0667375235518624,Medium,6907
Facebook,Video,111,101331,4008,597,451,0.0498958857605273,Long,5056
Instagram,Video,47,182972,11813,1885,910,0.0798373521631725,Medium,14608
Instagram,Image,20,224252,13306,1635,925,0.0707507625350052,Short,15866
Facebook,Video,103,38518,1398,233,188,0.0472246741783062,Long,1819
Facebook,Image,77,226888,7750,1512,361,0.042412996720849,Medium,9623
Twitter,Text,39,6357,341,34,20,0.0621362277803995,Short,395
Facebook,Image,87,96837,5099,728,747,0.0678872744921879,Long,6574
Facebook,Image,47,13865,515,50,28,0.0427695636494771,Medium,593
Twitter,Text,114,116559,3932,458,524,0.0421589066481352,Long,4914
Twitter,Video,102,70368,6747,358,460,0.107506252842201,Long,7565
Twitter,Text,43,103413,9060,554,830,0.1009931053155792,Medium,10444
Facebook,Text,14,228476,19080,3236,1369,0.1036651552022969,Short,23685
Twitter,Image,78,63039,1846,131,90,0.032789225717413,Medium,2067
Instagram,Image,24,244028,6597,1021,724,0.0341846017670103,Short,8342
Instagram,Text,5,9428,781,122,113,0.1077641069155706,Short,1016
Instagram,Video,10,254296,6769,1349,921,0.0355451914304589,Short,9039
Facebook,Text,57,91783,5077,783,751,0.0720285891722868,Medium,6611
Instagram,Video,50,251941,7540,522,828,0.0352860391917155,Medium,8890
Facebook,Text,70,116823,5143,740,125,0.0514282290302423,Medium,6008
Facebook,Text,42,55557,4822,620,443,0.1059272458916068,Medium,5885
Instagram,Video,37,119039,10740,2014,1083,0.116239215719218,Short,13837
Twitter,Text,71,145438,14500,2226,516,0.1185522353167672,Medium,17242
Facebook,Image,104,49923,4740,605,605,0.1191835426556897,Long,5950
Instagram,Text,81,166636,11733,1685,1348,0.0886123046640581,Long,14766
Facebook,Image,39,121602,5940,692,465,0.0583625269321228,Short,7097
Twitter,Video,83,77511,1177,148,68,0.0179716427345796,Long,1393
Twitter,Video,49,120410,7794,1234,380,0.0781330454281205,Medium,9408
Instagram,Image,26,246889,7150,441,1039,0.0349549797682359,Short,8630
Facebook,Text,111,136714,11827,1682,1469,0.1095571777579472,Long,14978
Facebook,Image,72,108881,6467,408,712,0.0696815789715377,Medium,7587
Facebook,Image,21,147921,11244,2004,1611,0.1004522684405865,Short,14859
Facebook,Video,9,105015,7415,1419,344,0.0873970385183069,Short,9178
Instagram,Image,89,288358,11897,1987,1564,0.0535722955492824,Long,15448
Twitter,Text,61,171298,13415,2115,1285,0.0981622669266424,Medium,16815
Instagram,Image,92,227763,19565,3747,2764,0.1144874277209204,Long,26076
Facebook,Video,99,156594,12053,997,1276,0.0914849866533839,Long,14326
Facebook,Text,44,9680,773,65,89,0.0957644628099173,Medium,927
Twitter,Video,34,145579,6172,753,301,0.0496362799579609,Short,7226
Facebook,Image,46,120028,11394,582,738,0.1059252841003765,Medium,12714
Instagram,Image,11,79955,3854,750,228,0.0604339941216934,Short,4832
Instagram,Video,117,185079,16793,920,1851,0.1057062119419275,Long,19564
Twitter,Video,75,118416,10326,1439,758,0.1057542899608161,Medium,12523
Instagram,Text,95,54353,1151,118,151,0.0261255128511765,Long,1420
Instagram,Video,92,109289,10597,693,504,0.1079157097237599,Long,11794
Instagram,Video,23,224167,22342,1199,2757,0.1173143236961729,Short,26298
Instagram,Image,45,49233,3178,283,399,0.078402697377775,Medium,3860
Facebook,Image,38,184937,14883,982,1512,0.0939617275072051,Short,17377
Instagram,Video,26,143944,13535,2585,531,0.11567692991719,Short,16651
Twitter,Video,56,9839,116,10,7,0.0135176339058847,Medium,133
Twitter,Image,119,148724,13935,893,999,0.1064186008983082,Long,15827
Instagram,Text,95,169592,11271,1864,907,0.0827987169206094,Long,14042
Twitter,Text,10,80840,6835,766,791,0.1038099950519544,Short,8392
Instagram,Text,78,185338,10872,1919,695,0.0727643548543741,Medium,13486
Twitter,Text,113,122029,7047,1238,157,0.0691802768194445,Long,8442
Twitter,Image,99,71516,6491,1290,860,0.1208261088427764,Long,8641
Instagram,Video,29,175165,9751,1663,743,0.0694031341877658,Short,12157
Instagram,Text,70,188042,9864,810,560,0.05974197253805,Medium,11234
Facebook,Image,14,52620,3406,469,430,0.0818129988597491,Short,4305
Instagram,Video,78,267569,15163,1955,2035,0.0715815359776356,Medium,19153
Instagram,Text,30,55727,2795,352,321,0.0622319521955246,Short,3468
Facebook,Video,9,209665,5503,520,363,0.0304581117496959,Short,6386
Instagram,Text,90,186057,8515,694,426,0.0517852056090337,Long,9635
Instagram,Video,72,233411,8259,1301,930,0.0449421835303391,Medium,10490
Facebook,Text,102,181156,8340,544,229,0.0503047097529201,Long,9113
Instagram,Text,75,90623,5744,329,406,0.0714939915915385,Medium,6479
Instagram,Video,54,268552,17401,1865,2064,0.0794259584735917,Medium,21330
Facebook,Video,21,219473,6908,1116,663,0.0395811785504367,Short,8687
Facebook,Video,15,58337,1026,184,118,0.0227642833879013,Short,1328
Twitter,Image,57,41612,3204,419,302,0.0943237527636258,Medium,3925
Instagram,Image,54,175235,10088,1775,516,0.0706422803663651,Medium,12379
Twitter,Video,12,129948,6469,347,535,0.0565687813586973,Short,7351
Twitter,Image,96,17843,386,45,46,0.0267331726727568,Long,477
Facebook,Text,112,183436,8680,607,433,0.0529885082535598,Long,9720
Instagram,Video,101,295621,24724,3397,3589,0.1072657219886273,Long,31710
Instagram,Image,66,234065,14589,2744,676,0.0769401661931514,Medium,18009
Facebook,Video,93,124099,2257,115,49,0.0195086181194046,Long,2421
Twitter,Text,89,194154,7747,1163,938,0.0507226222483183,Long,9848
Facebook,Text,80,161402,15846,2675,2229,0.1285609843744191,Long,20750
Instagram,Image,94,99747,5885,951,306,0.0716011509118068,Long,7142
Facebook,Text,33,171641,6140,325,246,0.039099049760838,Short,6711
Instagram,Video,106,53114,4897,372,240,0.1037202997326505,Long,5509
Twitter,Image,103,69294,2788,178,283,0.0468871763789072,Long,3249
Instagram,Video,105,200178,15151,951,1443,0.087646994175184,Long,17545
Twitter,Video,114,40548,942,150,94,0.0292492847982637,Long,1186
Twitter,Video,48,64598,1555,176,32,0.0272918666212576,Medium,1763
Instagram,Text,113,147332,8916,1415,360,0.0725640051041185,Long,10691
Instagram,Video,49,299494,9459,984,488,0.0364982270095561,Medium,10931
Twitter,Text,33,174813,2524,170,279,0.0170067443496765,Short,2973
Facebook,Video,117,101214,9451,1491,936,0.1173553065781413,Long,11878
Instagram,Text,92,133885,2013,289,203,0.0187100870149755,Long,2505
Twitter,Text,63,47181,3518,235,331,0.086560267904453,Medium,4084
Twitter,Text,19,128310,5128,967,598,0.0521627308861351,Short,6693
Facebook,Video,74,86446,8127,782,1157,0.1164426347083728,Medium,10066
Instagram,Video,100,136912,13519,2003,1454,0.1239920532897043,Long,16976
Twitter,Text,48,195494,7856,430,917,0.0470756135738181,Medium,9203
Facebook,Video,102,151797,9593,1117,950,0.0768131122485951,Long,11660
Twitter,Text,40,14299,1137,221,140,0.1047625708091475,Medium,1498
Instagram,Video,88,226113,4772,873,680,0.0279727392940697,Long,6325
Facebook,Text,61,74095,5472,455,539,0.0872663472568999,Medium,6466
Twitter,Text,68,165669,15168,2758,660,0.1121875547024488,Medium,18586
Facebook,Image,80,142779,3721,349,447,0.0316363050588672,Long,4517
Instagram,Video,103,114958,9827,1747,1027,0.1096139459628734,Long,12601
Facebook,Video,117,197875,4037,643,570,0.0265319014529374,Long,5250
Instagram,Image,42,242051,14800,1521,819,0.0708115231913935,Medium,17140
Twitter,Text,21,109643,4445,829,649,0.0540207765201608,Short,5923
Instagram,Text,31,93377,4898,601,449,0.0636987695042676,Short,5948
Twitter,Image,21,87176,3230,315,469,0.0460447829677893,Short,4014
Twitter,Image,67,102898,3441,316,419,0.0405838791813251,Medium,4176
Instagram,Text,15,238032,18300,3492,2426,0.1017426228406264,Short,24218
Twitter,Video,68,77276,2324,380,144,0.0368549096744137,Medium,2848
Facebook,Image,43,119774,5600,573,271,0.0538013258303137,Medium,6444
Twitter,Image,6,136227,4728,416,478,0.0412693518905943,Short,5622
Instagram,Image,119,290716,9150,747,628,0.036203717717635,Long,10525
Facebook,Image,70,193766,12873,1115,1907,0.0820319354272679,Medium,15895
Facebook,Image,58,69514,979,65,82,0.0161981759070115,Medium,1126
Twitter,Image,33,177915,14411,1768,495,0.0937189107157912,Short,16674
Twitter,Text,49,86967,5145,288,436,0.0674853680131544,Medium,5869
Instagram,Text,92,40357,3412,176,305,0.0964640582798523,Long,3893
Facebook,Image,92,119694,3491,498,71,0.0339198288970207,Long,4060
Instagram,Text,84,23983,1771,112,91,0.0823083017137138,Long,1974
Twitter,Video,35,37276,1783,315,35,0.0572218049146904,Short,2133
Facebook,Video,53,179351,3033,200,281,0.019592865386867,Medium,3514
Instagram,Image,111,195555,15199,1997,881,0.0924394671575771,Long,18077
Instagram,Video,13,219185,17227,2606,732,0.0938248511531354,Short,20565
Instagram,Video,31,276708,9513,802,1227,0.0417118406406753,Short,11542
Instagram,Text,60,278249,25722,4713,614,0.1115871036373895,Medium,31049
Instagram,Text,109,25056,1973,241,216,0.0969827586206896,Long,2430
Facebook,Text,82,66565,2503,243,236,0.0447983174340869,Long,2982
Instagram,Text,49,118097,3722,689,447,0.0411356766048248,Medium,4858
Facebook,Video,93,50689,2514,449,93,0.0602892146225019,Long,3056
Instagram,Image,47,299279,10879,1701,1450,0.0468793333311057,Medium,14030
Twitter,Text,112,34812,1028,96,63,0.0340974376651729,Long,1187
Twitter,Video,26,118773,5453,591,115,0.0518552196206208,Short,6159
Instagram,Text,103,274919,3385,519,356,0.0154954732121097,Long,4260
Twitter,Video,37,56523,2607,202,343,0.0557649098597031,Short,3152
Facebook,Text,31,144779,4336,538,286,0.0356405279771237,Short,5160
Instagram,Image,44,280516,9478,1522,839,0.0422043662393588,Medium,11839
Facebook,Text,30,109252,1904,283,140,0.0212993812470252,Short,2327
Instagram,Image,87,197598,12449,1966,317,0.0745554104798631,Long,14732
Twitter,Text,49,67106,3521,647,415,0.0682949363693261,Medium,4583
Facebook,Text,107,222215,17234,3364,2453,0.1037328713183178,Long,23051
Twitter,Text,49,55475,5483,651,409,0.1179450202794051,Medium,6543
Twitter,Video,30,123314,2559,150,99,0.0227711370971665,Short,2808
Instagram,Video,74,128502,4435,776,379,0.0435012684627476,Medium,5590
Facebook,Image,71,60201,4299,291,591,0.0860616933273533,Medium,5181
Twitter,Image,10,161029,5049,418,498,0.0370430170962994,Short,5965
Instagram,Video,32,231886,2948,436,140,0.0151971227240971,Short,3524
Instagram,Image,71,61243,1217,196,111,0.0248844765932433,Medium,1524
Instagram,Image,17,209824,10286,1586,642,0.0596404605764831,Short,12514
Twitter,Video,67,77542,3781,437,87,0.0555182997601299,Medium,4305
Instagram,Video,17,170065,16582,3112,2301,0.1293329021256578,Short,21995
Facebook,Video,81,168088,8729,1526,1076,0.0674111179858169,Long,11331
Facebook,Video,5,159426,11323,1693,1586,0.0915910830102994,Short,14602
Twitter,Text,44,50637,2749,319,298,0.0664731322945672,Medium,3366
Facebook,Video,41,122714,4208,503,330,0.0410792574604364,Medium,5041
Instagram,Image,35,131580,2564,195,215,0.0226022191822465,Short,2974
Twitter,Text,21,106002,9255,1545,431,0.105950831116394,Short,11231
Instagram,Text,13,47673,1131,203,79,0.0296394185387955,Short,1413
Twitter,Image,113,144855,2711,471,111,0.0227330779054917,Long,3293
Twitter,Text,68,66694,1950,257,159,0.035475455063424,Medium,2366
Instagram,Image,61,116692,1193,209,124,0.01307716038803,Medium,1526
Facebook,Text,17,195937,3228,544,172,0.0201289189892669,Short,3944
Facebook,Text,41,235514,15818,2765,2257,0.0884873086101038,Medium,20840
Twitter,Image,18,55907,1784,351,185,0.0414974868978839,Short,2320
Instagram,Image,79,75732,3064,525,148,0.0493450588918819,Medium,3737
Instagram,Image,29,287296,24471,2217,1020,0.096444085542437,Short,27708
Twitter,Image,99,10072,801,138,33,0.0965051628276409,Long,972
Facebook,Video,82,84501,4588,487,672,0.0680110294552727,Long,5747
Instagram,Video,61,180759,11779,1500,597,0.076765195647243,Medium,13876
Facebook,Image,75,231598,4104,695,171,0.021459598096702,Medium,4970
Facebook,Video,92,24942,1959,191,80,0.0894074252265255,Long,2230
Twitter,Image,117,180489,10189,549,659,0.0631451224174326,Long,11397
Twitter,Image,104,94379,5793,913,579,0.0771887814026425,Long,7285
Facebook,Text,46,195331,13653,2530,413,0.0849634722599075,Medium,16596
Instagram,Image,46,272634,14999,2837,610,0.0676584725309389,Medium,18446
Instagram,Image,51,157791,8986,1526,1320,0.0749852653193147,Medium,11832
Twitter,Image,48,182272,10018,1906,1004,0.0709269662921348,Medium,12928
Facebook,Image,45,41684,2280,394,87,0.0662364456386143,Medium,2761
Instagram,Text,7,286038,22173,1208,2029,0.0888343506806788,Short,25410
Instagram,Image,115,256985,12450,1275,638,0.0558904216199389,Long,14363
Twitter,Text,112,111830,1147,115,168,0.0127872663864794,Long,1430
Facebook,Image,94,55812,3632,301,256,0.075055543610693,Long,4189
Instagram,Text,115,203354,19469,3303,749,0.1156652930357898,Long,23521
Twitter,Video,94,189204,6267,802,624,0.0406598169171899,Long,7693
Instagram,Text,5,214497,17901,3140,677,0.1012508333449885,Short,21718
Instagram,Text,83,286248,14596,2046,1274,0.0625890835918504,Long,17916
Instagram,Image,15,119863,8134,1127,1063,0.0861316669864762,Short,10324
Twitter,Text,105,148212,13365,1438,867,0.1057269316924405,Long,15670
Facebook,Text,11,96272,7643,1287,627,0.099270816021273,Short,9557
Twitter,Image,16,125518,11247,1714,383,0.1063114453703851,Short,13344
Facebook,Video,42,11152,121,12,12,0.0130021520803443,Medium,145
Instagram,Video,58,53486,1436,285,49,0.0330927719403208,Medium,1770
Facebook,Video,71,219349,10553,1260,659,0.0568591605158902,Medium,12472
Instagram,Text,110,223962,19329,1884,2500,0.1058795688554308,Long,23713
Instagram,Image,57,230011,19655,3010,776,0.1019125172274369,Medium,23441
Twitter,Video,94,36726,979,81,126,0.0322931982791482,Long,1186
Instagram,Video,98,109983,2507,437,255,0.0290863133393342,Long,3199
Twitter,Video,36,181761,15472,2352,593,0.1013253668278673,Short,18417
Facebook,Video,104,180188,10582,1910,443,0.0717861344817634,Long,12935
Facebook,Image,49,108652,7215,716,766,0.0800445458896292,Medium,8697
Instagram,Video,55,76420,6329,1127,726,0.1070662130332373,Medium,8182
Twitter,Text,41,79848,2320,290,244,0.0357429115319106,Medium,2854
Instagram,Text,63,243204,5419,319,611,0.0261056561569711,Medium,6349
Twitter,Image,58,136892,11952,945,800,0.1000569792244981,Medium,13697
Twitter,Video,22,137394,2756,227,55,0.0221115914814329,Short,3038
Twitter,Video,5,40235,721,119,63,0.0224431465142289,Short,903
Facebook,Text,25,113629,3969,319,386,0.0411338654744827,Short,4674
Twitter,Image,32,105806,4075,547,445,0.0478895336748388,Short,5067
Facebook,Text,116,62961,1996,295,99,0.0379600069884531,Long,2390
Twitter,Image,20,52356,4018,667,169,0.0927114370845748,Short,4854
Facebook,Image,52,107753,10516,1762,1345,0.1264280344862788,Medium,13623
Facebook,Image,32,27923,780,122,100,0.0358843963757475,Short,1002
Facebook,Text,26,118891,9554,783,1417,0.0988636650377236,Short,11754
Instagram,Image,87,93478,1306,171,83,0.0166884186653544,Long,1560
Twitter,Text,116,35750,740,69,20,0.0231888111888111,Long,829
Instagram,Text,5,249365,14054,2336,1150,0.0703386601969001,Short,17540
Twitter,Video,99,90448,9041,1466,744,0.1243919157969219,Long,11251
Twitter,Text,46,130042,12411,1048,307,0.1058581073806923,Medium,13766
Instagram,Text,102,289127,5804,848,549,0.0249060101616244,Long,7201
Facebook,Video,114,114733,3622,212,195,0.03511631352793,Long,4029
Twitter,Video,108,111096,10567,1746,374,0.114198531000216,Long,12687
Facebook,Video,74,139977,3298,550,325,0.0298120405495188,Medium,4173
Instagram,Image,96,292172,22453,2291,1273,0.0890468628068398,Long,26017
Facebook,Image,7,203681,2057,351,191,0.012760149449384,Short,2599
Twitter,Video,99,185118,12375,2211,271,0.0802569172095636,Long,14857
Twitter,Image,84,4234,230,18,15,0.0621162021728861,Long,263
Twitter,Video,85,57011,2986,306,395,0.0646717300170142,Long,3687
Instagram,Image,48,259115,21928,1955,2291,0.101013063697586,Medium,26174
Twitter,Text,31,118135,2039,216,270,0.0213738519490413,Short,2525
Instagram,Image,55,148133,6511,762,756,0.0542012920821153,Medium,8029
Facebook,Image,28,52253,2620,331,297,0.0621591104816948,Short,3248
Twitter,Text,24,128934,2727,150,362,0.0251213799308173,Short,3239
Twitter,Video,36,91354,1617,94,36,0.0191234100313067,Short,1747
Twitter,Image,103,46667,1221,181,91,0.0319926286240812,Long,1493
Facebook,Image,17,223312,7077,823,1025,0.0399665042630937,Short,8925
Twitter,Text,116,60796,5893,373,253,0.1072274491742877,Long,6519
Instagram,Text,47,117042,6180,667,648,0.0640368414757095,Medium,7495
Facebook,Text,24,67065,3750,454,460,0.0695444717811078,Short,4664
Facebook,Text,116,79386,5845,849,826,0.0947270299549038,Long,7520
Facebook,Video,6,33638,2407,163,320,0.0859147392829538,Short,2890
Facebook,Image,72,85455,4721,940,509,0.0722017436077467,Medium,6170
Facebook,Image,95,157956,6410,776,720,0.0500519131910152,Long,7906
Instagram,Image,64,233088,9275,1410,599,0.0484109006040637,Medium,11284
Facebook,Image,93,164769,2503,466,122,0.0187595967688096,Long,3091
Twitter,Video,8,85620,7788,426,1126,0.109086661994861,Short,9340
Facebook,Image,100,239415,18972,2659,2785,0.101981914249316,Long,24416
Facebook,Video,21,127343,8417,1103,632,0.0797216965204212,Short,10152
Facebook,Video,5,229909,10494,615,770,0.0516682687498097,Short,11879
Facebook,Text,37,10114,631,97,49,0.0768242040735614,Short,777
Facebook,Text,34,33550,1800,149,143,0.062354694485842,Short,2092
Instagram,Image,9,273636,9482,1472,1227,0.0445153415486266,Short,12181
Instagram,Video,16,238720,8801,918,668,0.0435112265415549,Short,10387
Facebook,Text,106,4971,440,72,59,0.1148662240997787,Long,571
Instagram,Video,36,182422,12248,2342,1351,0.0873852934404841,Short,15941
Twitter,Text,42,142716,1445,258,210,0.0134042433924717,Medium,1913
Facebook,Video,21,225777,8899,1089,958,0.0484814662255234,Short,10946
Twitter,Image,62,66194,2687,225,197,0.0469680031422787,Medium,3109
Twitter,Image,113,103959,7648,1520,1065,0.0984330361007704,Long,10233
Facebook,Video,44,116646,8519,1268,424,0.0875383639387548,Medium,10211
Twitter,Text,100,145606,7538,824,1096,0.0649561144458332,Long,9458
Twitter,Text,28,145840,13940,1703,357,0.1097092704333516,Short,16000
Twitter,Image,16,24625,2179,150,225,0.1037157360406091,Short,2554
Facebook,Image,115,238848,21008,2642,470,0.1009847266881028,Long,24120
Facebook,Image,99,31660,1308,99,60,0.0463360707517372,Long,1467
Twitter,Text,23,22032,1074,112,86,0.0577342047930283,Short,1272
Facebook,Text,33,199007,9493,1174,385,0.0555357349238971,Short,11052
Facebook,Image,89,171964,8533,1639,1267,0.0665197366890744,Long,11439
Twitter,Video,94,26357,2372,340,285,0.1137079333763326,Long,2997
Facebook,Text,56,216584,7021,742,917,0.040076829313338,Medium,8680
Instagram,Image,96,267641,21999,1473,3239,0.0998015999043494,Long,26711
Facebook,Video,21,136206,7663,1242,825,0.0714359132490492,Short,9730
Instagram,Text,77,154905,5021,602,274,0.0380684935928472,Medium,5897
Twitter,Video,25,165738,9522,573,1127,0.0677092760863531,Short,11222
Facebook,Video,118,190672,5260,781,504,0.0343259629101283,Long,6545
Twitter,Text,64,71828,1417,145,77,0.0228183995099404,Medium,1639
Twitter,Image,102,94923,8109,896,549,0.1006500005267427,Long,9554
Twitter,Video,79,99362,7247,1274,717,0.0929731688170528,Medium,9238
Twitter,Image,24,133098,3786,267,270,0.0324798268944687,Short,4323
Twitter,Text,117,14108,1337,135,67,0.1090870428125886,Long,1539
Facebook,Video,57,127597,1556,162,118,0.0143890530341622,Medium,1836
Instagram,Video,118,19470,778,39,39,0.043965074473549,Long,856
Facebook,Video,115,32785,391,69,52,0.0156168979716333,Long,512
Facebook,Video,107,136325,3109,544,342,0.0293049697414267,Long,3995
Facebook,Video,84,198610,5205,776,358,0.0319168219122904,Long,6339
Facebook,Text,67,198961,16499,3049,2357,0.1100969536743382,Medium,21905
Instagram,Video,61,287170,28537,2594,2013,0.1154159557056795,Medium,33144
Facebook,Text,33,186879,16456,1367,1558,0.1037088169350221,Short,19381
Twitter,Image,5,195950,13160,793,1138,0.0770145445266649,Short,15091
Facebook,Text,86,178330,13386,1858,479,0.0881680031402456,Long,15723
Facebook,Video,63,228882,13058,1625,980,0.0684326421474821,Medium,15663
Instagram,Image,68,105319,5058,867,152,0.0577008896780258,Medium,6077
Instagram,Text,90,91987,6650,812,280,0.0841640666615934,Long,7742
Twitter,Text,76,77443,7556,608,924,0.1173508257686298,Medium,9088
Facebook,Text,75,206731,2604,446,154,0.0154984013041101,Medium,3204
Facebook,Video,93,115238,4409,521,139,0.0439872264357243,Long,5069
Facebook,Video,98,94838,3765,728,427,0.0518779392226744,Long,4920
Twitter,Text,102,140156,6626,862,823,0.05929821056537,Long,8311
Instagram,Text,48,289949,19258,1300,1832,0.0772204767045239,Medium,22390
Twitter,Image,52,63786,3587,637,498,0.0740287837456495,Medium,4722
Facebook,Video,109,17248,201,36,26,0.0152481447124304,Long,263
Instagram,Video,79,206075,9694,1132,890,0.0568530874681547,Medium,11716
Instagram,Image,19,161456,10615,572,1229,0.0769002081062332,Short,12416
Twitter,Text,39,135968,7537,410,473,0.0619263356083784,Short,8420
Instagram,Text,27,91175,8067,828,828,0.106641074856046,Short,9723
Instagram,Image,57,192104,8812,1387,1295,0.0598321742389539,Medium,11494
Facebook,Text,49,64022,712,70,88,0.0135890787541782,Medium,870
Facebook,Text,89,86254,3074,157,211,0.039905395691794,Long,3442
Instagram,Image,96,225070,4998,886,705,0.0292753365619585,Long,6589
Instagram,Image,17,219280,7131,1392,907,0.0430043779642466,Short,9430
Twitter,Image,38,142009,6047,616,150,0.0479758325176573,Short,6813
Twitter,Text,42,49391,3501,213,409,0.0834767467757283,Medium,4123
Instagram,Image,74,116011,4544,425,667,0.0485816000206876,Medium,5636
Facebook,Text,112,228151,20435,3470,1252,0.1102646931199074,Long,25157
Instagram,Video,72,263187,9727,1277,542,0.0438699479837529,Medium,11546
Instagram,Video,9,278370,6214,668,641,0.0270251823113122,Short,7523
Facebook,Image,44,19858,500,50,17,0.0285527243428341,Medium,567
Facebook,Text,74,244544,23014,1549,2479,0.1105813268777806,Medium,27042
Twitter,Text,25,189920,9673,976,478,0.0585878264532434,Short,11127
Twitter,Text,32,114493,5298,638,416,0.0554793742848907,Short,6352
Twitter,Image,7,172372,2792,421,379,0.0208386512890724,Short,3592
Twitter,Text,27,174542,13264,1184,1639,0.0921669283037893,Short,16087
Facebook,Text,76,159185,11543,2130,392,0.0883563149794264,Medium,14065
Instagram,Text,23,244828,10727,1316,1276,0.0544014573496495,Short,13319
Twitter,Video,79,185168,13380,1482,983,0.0855709409833232,Medium,15845
Twitter,Text,54,24016,1034,143,154,0.0554213857428381,Medium,1331
Facebook,Video,78,204992,3399,255,200,0.0188007336871682,Medium,3854
Facebook,Text,62,151822,11603,765,941,0.0876618671865737,Medium,13309
Instagram,Text,96,22445,2174,221,139,0.112898195589218,Long,2534
Instagram,Text,24,283835,19399,1086,1866,0.0787464548064896,Short,22351
Facebook,Video,112,97610,3404,362,185,0.040477410101424,Long,3951
Twitter,Text,96,158932,5450,821,755,0.0442075856341076,Long,7026
Twitter,Image,97,163243,15280,2625,1531,0.1190617668138909,Long,19436
Twitter,Text,76,162493,6060,830,863,0.0477128245524422,Medium,7753
Instagram,Video,87,168062,13299,2044,1442,0.0998738560769239,Long,16785
Twitter,Video,57,67839,4603,805,203,0.0827105352378425,Medium,5611
Twitter,Image,116,8486,537,89,11,0.0750648126325713,Long,637
Facebook,Image,89,205174,5395,528,393,0.0307836275551483,Long,6316
Twitter,Image,86,142118,1861,253,277,0.0168240476223982,Long,2391
Facebook,Video,13,163813,8842,793,1184,0.0660448193977279,Short,10819
Twitter,Text,8,192161,19011,2594,2473,0.1253011797399056,Short,24078
Instagram,Text,45,272868,7536,858,707,0.0333531231218024,Medium,9101
Twitter,Image,29,181419,10580,1120,342,0.0663767301109586,Short,12042
Twitter,Image,38,131279,9240,716,203,0.0773848064046801,Short,10159
Facebook,Text,77,156736,8390,1126,1082,0.0676168844426296,Medium,10598
Facebook,Image,13,73886,4109,654,176,0.0668462225590775,Short,4939
Facebook,Text,86,241385,16778,2276,502,0.0810158046274623,Long,19556
Twitter,Text,79,95761,7980,481,895,0.0977015695324819,Medium,9356
Twitter,Text,17,142236,5688,1073,114,0.0483351612812508,Short,6875
Instagram,Text,106,238509,21688,1102,2522,0.1061259742818929,Long,25312
Twitter,Video,13,116166,6231,1138,280,0.0658454280942788,Short,7649
Instagram,Text,84,37872,2634,434,162,0.0852872834811998,Long,3230
Facebook,Image,8,224438,4395,283,185,0.0216674538179809,Short,4863
Facebook,Image,38,223563,12144,1038,1469,0.0655341000076041,Short,14651
Facebook,Image,11,193951,2220,227,184,0.0135652819526581,Short,2631
Instagram,Image,19,290129,13111,2445,544,0.0554925567592346,Short,16100
Twitter,Video,42,90591,1350,265,33,0.0181916525924208,Medium,1648
Facebook,Text,79,224774,20393,1286,3023,0.1098970521501597,Medium,24702
Twitter,Text,100,59868,4223,462,476,0.0862063205719249,Long,5161
Twitter,Image,95,21347,1734,125,187,0.0958448493933573,Long,2046
Facebook,Image,98,44623,2324,213,198,0.0612912623534948,Long,2735
Instagram,Image,56,21360,1851,364,141,0.1102996254681648,Medium,2356
Twitter,Text,85,16214,1436,283,177,0.1169359812507709,Long,1896
Facebook,Video,104,161294,6792,820,865,0.0525562017186008,Long,8477
Twitter,Video,87,74279,3262,252,91,0.0485332328114271,Long,3605
Twitter,Video,11,36303,2023,267,266,0.0704074043467482,Short,2556
Twitter,Video,111,16698,230,22,27,0.0167085878548329,Long,279
Twitter,Image,49,162674,16205,3068,1348,0.1267627279098073,Medium,20621
Twitter,Text,63,118544,5017,866,411,0.0530942097449048,Medium,6294
Instagram,Image,25,282091,14774,1423,1898,0.0641459670815446,Short,18095
Instagram,Video,32,57338,4468,235,550,0.0916146360179985,Short,5253
Facebook,Image,7,169609,6237,1245,237,0.0455105566331975,Short,7719
Instagram,Video,18,27469,773,117,70,0.0349484873857803,Short,960
Instagram,Text,6,142558,3060,348,446,0.0270346104743332,Short,3854
Instagram,Video,33,77777,4473,417,517,0.0695192666212376,Short,5407
Twitter,Image,22,21371,224,11,32,0.0124935660474474,Short,267
Twitter,Text,41,165596,12230,893,1478,0.0881724196236624,Medium,14601
Facebook,Video,49,246549,12703,646,1120,0.0586861029653334,Medium,14469
Facebook,Video,49,130953,7577,1058,747,0.0716440249555183,Medium,9382
Facebook,Text,28,68101,2294,342,257,0.0424810208366984,Short,2893
Twitter,Image,50,24474,637,105,73,0.0333006455830677,Medium,815
Instagram,Text,16,215409,15724,1227,1842,0.0872433370936219,Short,18793
Instagram,Image,57,112644,3258,209,459,0.0348531657256489,Medium,3926
Twitter,Video,49,180213,14454,2132,870,0.0968631563760661,Medium,17456
Facebook,Video,36,118468,3356,419,429,0.0354863760677989,Short,4204
Facebook,Text,22,7405,482,87,45,0.0829169480081026,Short,614
Facebook,Video,17,5153,350,45,47,0.085775276537939,Short,442
Twitter,Text,8,27131,1505,175,153,0.06756109247724,Short,1833
Facebook,Video,27,22680,2261,278,320,0.126058201058201,Short,2859
Facebook,Video,66,219305,9611,1608,722,0.0544492829620847,Medium,11941
Twitter,Image,58,186716,16710,881,549,0.0971528953062405,Medium,18140
Instagram,Text,78,105887,2671,501,277,0.0325724593198409,Medium,3449
Twitter,Text,59,161355,6510,1022,785,0.0515447305630442,Medium,8317
Twitter,Video,73,103347,2385,435,262,0.0298218622698288,Medium,3082
Twitter,Image,118,62357,4011,777,458,0.0841284859759129,Long,5246
Twitter,Image,44,117857,7948,666,188,0.0746837268893659,Medium,8802
Instagram,Text,18,24646,1252,171,182,0.0651221293516189,Short,1605
Facebook,Text,102,173876,13008,1598,706,0.0880627573673192,Long,15312
Twitter,Video,32,18036,1588,207,117,0.106010201818585,Short,1912
Instagram,Text,76,11726,936,53,69,0.0902268463244073,Medium,1058
Facebook,Video,84,105326,3344,625,461,0.0420598902455234,Long,4430
Facebook,Image,99,175232,6805,1314,794,0.0508639974433893,Long,8913
Facebook,Text,75,152346,6737,1029,677,0.0554198994394339,Medium,8443
Twitter,Image,71,92123,2610,231,92,0.0318378689360963,Medium,2933
Twitter,Image,33,143240,6089,1023,377,0.0522828818765707,Short,7489
Facebook,Video,104,18103,568,90,47,0.0389438214660553,Long,705
Facebook,Image,65,94437,9407,1281,328,0.1166491947012293,Medium,11016
Facebook,Video,107,164639,13252,1001,1249,0.0941575203931024,Long,15502
Facebook,Video,72,129251,11296,905,540,0.0985756396468886,Medium,12741
Facebook,Image,13,244638,22749,3148,2893,0.1176840883264251,Short,28790
Facebook,Image,21,212815,14865,1030,1899,0.0836125273124544,Short,17794
Instagram,Video,53,109968,2841,450,278,0.0324548959697366,Medium,3569
Facebook,Video,67,26691,2089,171,139,0.0898804840582968,Medium,2399
Twitter,Image,88,122931,1402,261,36,0.0138207612400452,Long,1699
Twitter,Video,82,71092,1435,265,146,0.0259663534574917,Long,1846
Twitter,Video,50,173144,2192,206,267,0.0153918125952964,Medium,2665
Facebook,Text,97,57118,1267,79,155,0.0262789313351307,Long,1501
Twitter,Text,17,35133,2729,386,226,0.0950957788973329,Short,3341
Instagram,Text,104,283037,25386,2976,971,0.1036366270134293,Long,29333
Facebook,Text,49,84402,2962,211,84,0.0385891329589346,Medium,3257
Twitter,Text,57,133728,2771,359,75,0.0239665589854032,Medium,3205
Instagram,Video,21,85632,2959,588,155,0.0432315022421524,Short,3702
Instagram,Video,51,217055,14811,893,568,0.074967174218516,Medium,16272
Twitter,Text,66,21854,907,81,38,0.0469479271529239,Medium,1026
Instagram,Image,54,223591,21577,2822,2392,0.1198214597188616,Medium,26791
Twitter,Text,47,51696,1126,190,48,0.0263850201176106,Medium,1364
Instagram,Image,72,202564,20080,1060,2208,0.1152623368416895,Medium,23348
Facebook,Video,88,60795,676,108,44,0.0136195410806809,Long,828
Facebook,Image,79,27560,1395,99,168,0.0603047895500725,Medium,1662
Facebook,Video,110,92711,3028,528,123,0.0396824540777254,Long,3679
Facebook,Image,90,109577,6680,1027,153,0.0717303813756536,Long,7860
Facebook,Video,113,118924,2222,263,70,0.0214843093067841,Long,2555
Twitter,Video,76,82391,7318,1267,1065,0.1171244432037479,Medium,9650
Facebook,Text,32,123965,2762,441,248,0.0278385028032105,Short,3451
Facebook,Video,49,118134,7426,1216,734,0.0793674979260839,Medium,9376
Facebook,Text,45,185389,2410,225,351,0.0161066729957009,Medium,2986
Facebook,Text,98,217611,8266,1181,999,0.0480030880791871,Long,10446
Instagram,Text,101,252553,5928,421,205,0.025950988505383,Long,6554
Facebook,Image,101,129194,12661,2191,947,0.1222889607876526,Long,15799
Facebook,Image,115,212644,2356,303,298,0.0139058708451684,Long,2957
Twitter,Video,40,109669,4574,794,486,0.0533788034905032,Medium,5854
Instagram,Text,95,240381,8954,731,430,0.0420790328686543,Long,10115
Twitter,Text,88,81380,5628,391,702,0.0825878594249201,Long,6721
Facebook,Video,37,3645,54,8,5,0.0183813443072702,Short,67
Twitter,Text,29,35146,2915,171,357,0.0979627838160814,Short,3443
Twitter,Video,112,172949,8991,778,912,0.0617580905353601,Long,10681
Facebook,Text,111,132548,6726,1253,539,0.0642635120861876,Long,8518
Instagram,Image,23,88060,2678,187,307,0.0360208948444242,Short,3172
Instagram,Video,51,156191,8450,898,1119,0.0670141045258689,Medium,10467
Twitter,Video,89,49679,2123,407,170,0.054348920066829,Long,2700
Facebook,Image,110,226197,7252,384,173,0.0345230042838764,Long,7809
Twitter,Video,37,84581,2129,248,206,0.0305387734834064,Short,2583
Twitter,Image,71,122124,9226,1549,292,0.090621008155645,Medium,11067
Twitter,Text,18,15163,345,64,21,0.0283585042537756,Short,430
Facebook,Image,83,224195,5631,902,515,0.0314369187537634,Long,7048
Facebook,Image,37,221201,13700,2510,888,0.0772962147549061,Short,17098
Instagram,Video,46,35802,1086,59,61,0.0336852689793866,Medium,1206
Facebook,Text,90,55175,2832,184,64,0.0558223833257816,Long,3080
Twitter,Image,69,12111,723,116,39,0.0724960779456692,Medium,878
Twitter,Text,99,112987,3920,638,274,0.0427659819271243,Long,4832
Instagram,Image,51,196008,8020,1129,463,0.0490388147422554,Medium,9612
Facebook,Video,39,68526,1981,316,201,0.0364533169891719,Short,2498
Twitter,Image,88,127588,6562,1172,699,0.0660955575759475,Long,8433
Instagram,Image,36,26119,2594,341,314,0.1243922049083043,Short,3249
Instagram,Text,59,197968,8442,1621,372,0.0527105390770225,Medium,10435
Twitter,Image,58,128956,8872,1367,891,0.0863085083284221,Medium,11130
Twitter,Video,80,168611,11335,1369,860,0.0804455225341169,Long,13564
Facebook,Video,55,105473,8520,964,528,0.0949247674760365,Medium,10012
Instagram,Image,84,225255,16685,2711,1380,0.0922332467647776,Long,20776
Twitter,Image,63,57387,634,91,52,0.0135396518375241,Medium,777
Instagram,Text,76,228561,8646,1492,891,0.0482540765922445,Medium,11029
Facebook,Text,18,176895,15623,2611,1448,0.1112637440289437,Short,19682
Twitter,Video,22,71555,4190,538,427,0.0720424848019006,Short,5155
Facebook,Text,59,89190,1728,331,254,0.025933400605449,Medium,2313
Instagram,Image,98,240232,8372,1303,1049,0.0446401811582137,Long,10724
Facebook,Video,101,50418,1790,143,103,0.0403824031100003,Long,2036
Facebook,Text,102,96870,8581,1225,766,0.1091359554041498,Long,10572
Instagram,Video,60,53695,3211,257,159,0.0675481888443989,Medium,3627
Facebook,Image,112,196008,12691,1698,1109,0.0790682012979062,Long,15498
Instagram,Text,53,133268,5735,966,645,0.0551220097847945,Medium,7346
Twitter,Image,102,113019,1743,299,49,0.0185013139383643,Long,2091
Instagram,Image,64,152490,2557,377,96,0.0198701554200275,Medium,3030
Instagram,Video,117,31742,1518,254,31,0.0568017138176548,Long,1803
Twitter,Video,57,50028,1299,156,89,0.030862716878548,Medium,1544
Instagram,Video,75,82700,1603,212,191,0.0242563482466747,Medium,2006
Twitter,Text,10,9618,323,58,25,0.0422125181950509,Short,406
Twitter,Text,74,70916,5445,674,512,0.0935049918213097,Medium,6631
Instagram,Video,90,225535,3737,383,361,0.0198683131221318,Long,4481
Facebook,Text,12,83699,4213,714,133,0.0604547246681561,Short,5060
Facebook,Text,105,88096,7430,427,317,0.0927851434798401,Long,8174
Twitter,Video,19,16725,570,110,79,0.0453811659192825,Short,759
Facebook,Image,30,175207,6512,657,518,0.0438738178269133,Short,7687
Facebook,Text,43,119841,10735,1550,798,0.1091696497859664,Medium,13083
Instagram,Text,7,75223,5152,787,606,0.0870079629900429,Short,6545
Twitter,Image,61,113778,9306,656,240,0.0896658404964052,Medium,10202
Twitter,Image,14,179041,6450,1118,833,0.0469222133477806,Short,8401
Instagram,Image,7,275200,27440,3726,2940,0.1239316860465116,Short,34106
Facebook,Video,98,114894,2605,258,101,0.0257976917854718,Long,2964
Twitter,Image,50,72958,7045,1251,200,0.1164505605965075,Medium,8496
Facebook,Video,26,219650,20029,2879,408,0.1061506942863646,Short,23316
Twitter,Image,71,193418,11541,1937,672,0.0731576171814412,Medium,14150
Twitter,Image,69,134024,8400,1670,522,0.0790306213812451,Medium,10592
Twitter,Video,101,119559,9535,663,409,0.0887177042297108,Long,10607
Twitter,Video,23,14521,546,88,31,0.0457957440947593,Short,665
Facebook,Image,104,13906,799,130,74,0.0721271393643031,Long,1003
Facebook,Image,66,71514,6523,1181,226,0.1108873786950806,Medium,7930
Facebook,Image,102,246126,3973,441,183,0.0186774253837465,Long,4597
Facebook,Text,61,132160,12092,2181,1125,0.1165102905569007,Medium,15398
Instagram,Image,99,167347,12649,1846,1411,0.0950480140068241,Long,15906
Twitter,Video,111,45766,3628,218,511,0.0952016781016475,Long,4357
Twitter,Text,92,130148,2059,112,177,0.0180409994775179,Long,2348
Twitter,Video,80,14343,385,47,13,0.0310255873945478,Long,445
Instagram,Text,17,213559,19919,3343,1930,0.117962717562828,Short,25192
Facebook,Text,20,83227,1761,189,263,0.0265899287490838,Short,2213
Twitter,Video,20,119658,7993,1420,1077,0.0876665162379448,Short,10490
Facebook,Text,119,237284,19087,2363,2317,0.1001626742637514,Long,23767
Facebook,Video,56,79862,2460,132,284,0.0360121209085672,Medium,2876
Instagram,Image,88,297665,21697,4253,2565,0.095795609157946,Long,28515
Instagram,Text,45,239558,3809,470,121,0.0183671595187804,Medium,4400
Facebook,Video,52,134877,7403,1092,648,0.0677876880416972,Medium,9143
Twitter,Text,95,168940,6774,541,742,0.0476914881022848,Long,8057
Twitter,Video,43,167415,11403,1078,335,0.0765522802616253,Medium,12816
Instagram,Image,17,20040,1803,221,250,0.1134730538922155,Short,2274
Instagram,Image,8,101396,2159,385,79,0.0258688705668862,Short,2623
Instagram,Text,100,162597,8215,536,258,0.055406926327054,Long,9009
Instagram,Text,113,43394,2086,348,75,0.0578190533253445,Long,2509
Instagram,Video,108,95672,3744,512,280,0.0474119909691445,Long,4536
Instagram,Video,102,114042,6068,758,549,0.0646691569772539,Long,7375
Instagram,Text,107,87546,7814,1418,252,0.10833161994837,Long,9484
Twitter,Video,47,65989,6442,436,787,0.1161557229235175,Medium,7665
Instagram,Video,85,44652,457,90,21,0.0127205948221804,Long,568
Instagram,Video,92,82510,6313,1124,586,0.09723669858199,Long,8023
Twitter,Text,97,182272,11912,1177,998,0.0772855951544943,Long,14087
Twitter,Image,50,118074,11749,1383,1618,0.124921659298406,Medium,14750
Facebook,Image,96,86822,1570,84,213,0.0215037663265071,Long,1867
Instagram,Video,113,151087,12543,1619,639,0.0979634250464963,Long,14801
Instagram,Text,51,61221,5758,760,518,0.114927884222734,Medium,7036
Instagram,Video,90,156767,14436,2728,2138,0.1231254026676532,Long,19302
Instagram,Image,96,291949,17648,1909,1114,0.0708034622485434,Long,20671
Facebook,Video,57,27190,1073,145,31,0.0459360058845163,Medium,1249
Twitter,Image,29,123154,8324,1340,943,0.0861279373792162,Short,10607
Twitter,Text,45,9997,375,52,32,0.0459137741322396,Medium,459
Instagram,Video,7,129190,6085,446,864,0.0572412725443145,Short,7395
Instagram,Text,81,35508,1779,134,168,0.0586065112087416,Long,2081
Instagram,Video,99,243200,9041,639,781,0.0430139802631578,Long,10461
Facebook,Video,17,248643,10135,837,1408,0.0497902615396371,Short,12380
Facebook,Video,109,185646,1978,196,137,0.0124484233433524,Long,2311
Twitter,Video,22,184974,6795,1093,663,0.0462281185463903,Short,8551
Instagram,Video,41,15071,791,46,102,0.0623050892442439,Medium,939
Instagram,Text,47,109613,2802,484,273,0.0324687765137346,Medium,3559
Instagram,Text,38,91132,7518,671,441,0.0946978009919677,Short,8630
Instagram,Image,85,186166,10869,1543,1006,0.0720754595361129,Long,13418
Facebook,Video,59,126515,10304,1369,784,0.0984626328893807,Medium,12457
Twitter,Image,56,42239,909,66,134,0.0262553564241577,Medium,1109
Twitter,Text,89,180632,15145,1409,403,0.0938759466761149,Long,16957
Facebook,Image,40,234367,22556,2129,2703,0.1168594554694133,Medium,27388
Instagram,Text,58,50924,2124,304,49,0.0486411122456994,Medium,2477
Twitter,Video,63,187614,6670,1122,657,0.0450339526900977,Medium,8449
Twitter,Image,118,110230,7519,1499,571,0.086990837340107,Long,9589
Facebook,Image,56,226447,15224,980,2106,0.0808577724588976,Medium,18310
Instagram,Image,108,54264,1091,208,98,0.0257445083296476,Long,1397
Twitter,Image,23,69799,6519,875,831,0.117838364446482,Short,8225
Instagram,Video,16,226610,12036,1245,1292,0.0643087242398835,Short,14573
Twitter,Text,96,40022,3153,292,246,0.0922242766478436,Long,3691
Facebook,Text,15,94178,3987,324,254,0.0484720423028732,Short,4565
Instagram,Video,52,171651,5756,768,202,0.0391841585542758,Medium,6726
Facebook,Text,105,15571,311,59,6,0.0241474535996403,Long,376
Twitter,Image,96,84753,2941,227,59,0.0380753483652496,Long,3227
Facebook,Video,103,51225,5092,587,251,0.1157637872132747,Long,5930
Facebook,Text,112,10227,707,56,65,0.0809621589909064,Long,828
Facebook,Video,83,44189,3634,277,533,0.1005680146642829,Long,4444
Twitter,Video,20,147279,14177,2552,1583,0.1243354449717882,Short,18312
Instagram,Text,113,248330,4248,379,123,0.0191277735271614,Long,4750
Facebook,Text,75,81208,2015,175,209,0.029541424490198,Medium,2399
Instagram,Video,51,177855,16632,3101,1382,0.1187203058671389,Medium,21115
Twitter,Video,71,102822,6252,674,642,0.0736029254439711,Medium,7568
Instagram,Text,35,90587,6081,312,614,0.0773510547871107,Short,7007
Facebook,Video,80,162951,7901,1249,305,0.058023577639904,Long,9455
Facebook,Text,12,31845,2652,338,370,0.1055110692416392,Short,3360
Facebook,Video,93,13015,736,122,67,0.0710718401844026,Long,925
Facebook,Video,65,110600,9329,1264,1036,0.1051446654611211,Medium,11629
Facebook,Video,48,217033,21550,2212,1515,0.1164661595241276,Medium,25277
Facebook,Text,54,155568,10610,636,380,0.0747325928211457,Medium,11626
Twitter,Image,39,133779,7704,1385,846,0.0742642716719365,Short,9935
Twitter,Text,80,124146,5321,431,758,0.0524382581798849,Long,6510
Twitter,Video,65,150839,4151,812,396,0.0355279470163551,Medium,5359
Instagram,Image,89,31467,2174,188,99,0.0782089172784186,Long,2461
Instagram,Image,94,274262,4288,746,433,0.0199334942500237,Long,5467
Twitter,Video,59,65884,6329,1065,479,0.1194979054095076,Medium,7873
Instagram,Text,70,147285,10056,1200,722,0.0813253216552941,Medium,11978
Instagram,Image,18,102021,9828,1083,1363,0.1203085639231138,Short,12274
Facebook,Image,114,215109,7422,1154,859,0.0438614841777889,Long,9435
Facebook,Text,8,142940,13605,1758,1171,0.1156709108716944,Short,16534
Instagram,Text,21,56716,3691,534,274,0.0793250581846392,Short,4499
Instagram,Image,115,122891,10190,1228,525,0.0971836831012848,Long,11943
Twitter,Text,116,143617,3748,500,242,0.0312637083353641,Long,4490
Instagram,Image,73,5357,294,23,26,0.0640283740899757,Medium,343
Facebook,Video,28,155860,9539,556,250,0.0663736686770178,Short,10345
Instagram,Text,53,239788,10876,1124,723,0.0530593691093799,Medium,12723
Twitter,Image,59,103538,3395,406,285,0.0394637717552975,Medium,4086
Facebook,Text,75,125771,11499,2137,1139,0.1174754116608757,Medium,14775
Facebook,Text,27,150874,2663,298,310,0.0216803425374816,Short,3271
Facebook,Image,115,125594,2996,344,65,0.0271111677309425,Long,3405
Facebook,Video,85,188811,7334,1109,427,0.0469781951263432,Long,8870
Instagram,Image,16,132617,12304,996,663,0.1052881606430548,Short,13963
Twitter,Text,15,3593,218,39,19,0.0768160311717228,Short,276
Instagram,Image,119,9602,418,47,33,0.0518641949593834,Long,498
Instagram,Text,79,264549,12233,2319,371,0.056409209636022,Medium,14923
Facebook,Image,102,209185,17864,1620,2125,0.1033009058966943,Long,21609
Twitter,Video,115,112903,1401,167,153,0.0152431733434895,Long,1721
Facebook,Video,105,98865,1089,181,138,0.0142416426440095,Long,1408
Instagram,Video,118,278087,3934,524,135,0.0165164139280153,Long,4593
Instagram,Video,33,134459,7022,1047,602,0.0644880595571884,Short,8671
Facebook,Image,66,85169,5307,488,522,0.0741701792905869,Medium,6317
Instagram,Video,57,49053,3247,322,85,0.0744908568283285,Medium,3654
Instagram,Image,52,175460,13300,1677,1924,0.0963239484782856,Medium,16901
Facebook,Text,104,225779,6112,491,753,0.0325805322904255,Long,7356
Instagram,Text,95,207477,6972,480,360,0.0376523662863835,Long,7812
Twitter,Text,110,73507,2346,414,238,0.0407852313385119,Long,2998
Facebook,Video,90,183734,4304,715,166,0.0282201443390989,Long,5185
Twitter,Video,70,63311,2025,384,270,0.0423149215776089,Medium,2679
Instagram,Video,115,207576,13539,1868,443,0.0763575750568466,Long,15850
Instagram,Text,104,222861,9577,1082,1317,0.0537375314658015,Long,11976
Facebook,Text,52,225549,17843,1167,2277,0.0943786050924632,Medium,21287
Instagram,Text,98,192729,11231,1994,922,0.0734035874206787,Long,14147
Facebook,Text,63,207255,6027,713,631,0.0355648838387493,Medium,7371
Facebook,Image,75,159571,8307,1114,431,0.0617405418277757,Medium,9852
Facebook,Image,61,34785,2205,213,154,0.0739399166307316,Medium,2572
Facebook,Video,80,84993,7475,961,360,0.1034908757191768,Long,8796
Facebook,Video,7,77536,6593,1102,584,0.1067762071811803,Short,8279
Twitter,Text,85,185102,8955,1404,550,0.0589350736350768,Long,10909
Facebook,Image,109,171981,11744,2329,771,0.0863118600310499,Long,14844
Twitter,Image,36,36894,1357,168,105,0.0441806255759744,Short,1630
Instagram,Video,12,132210,8854,1146,1181,0.0845700022691173,Short,11181
Facebook,Image,91,87124,8028,464,733,0.1058835682475552,Long,9225
Instagram,Video,106,20473,1355,146,169,0.0815708494114199,Long,1670
Facebook,Text,34,84697,3162,595,412,0.0492225226395267,Short,4169
Twitter,Text,19,22063,1499,153,77,0.0783664959434347,Short,1729
Twitter,Video,78,80444,7340,1210,888,0.1173238526179702,Medium,9438
Twitter,Text,59,13850,309,60,32,0.0289530685920577,Medium,401
Instagram,Text,42,268128,14323,988,1231,0.0616944146079484,Medium,16542
Facebook,Image,19,53450,2078,208,65,0.0439850327408793,Short,2351
Instagram,Image,34,192772,6117,741,577,0.0385688792978233,Short,7435
Twitter,Image,50,74723,3411,292,137,0.0513897996600778,Medium,3840
Instagram,Image,68,98392,4472,231,563,0.0535206114318237,Medium,5266
Twitter,Image,30,22339,646,77,91,0.0364385156005192,Short,814
Twitter,Video,119,111149,5149,671,423,0.0561678467642533,Long,6243
Twitter,Video,113,40481,2713,390,209,0.0818161606679677,Long,3312
Facebook,Image,82,198423,2443,425,204,0.0154820761706052,Long,3072
Facebook,Text,71,186911,18509,1627,531,0.1105713414405786,Medium,20667
Twitter,Text,40,66236,2426,143,123,0.0406425508786762,Medium,2692
Instagram,Video,94,184359,12191,773,1734,0.0797248846001551,Long,14698
Instagram,Video,82,65306,2319,288,150,0.0422166416562031,Long,2757
Facebook,Video,35,243514,11059,2082,1071,0.058362147556198,Short,14212
Twitter,Text,82,185269,11010,2172,1149,0.0773523903081465,Long,14331
Instagram,Video,44,30435,1980,159,265,0.0789880072285198,Medium,2404
Twitter,Text,78,123404,9791,712,498,0.0891462189232115,Medium,11001
Instagram,Video,77,35837,2911,299,395,0.100594357786645,Medium,3605
Facebook,Text,50,238909,13542,1619,960,0.0674775751436739,Medium,16121
Twitter,Video,108,37495,630,107,88,0.0220029337244966,Long,825
Twitter,Video,111,41760,2513,417,184,0.0745689655172413,Long,3114
Instagram,Text,46,117489,6224,1172,208,0.0647209525998178,Medium,7604
Instagram,Video,22,27084,795,142,21,0.0353714370107812,Short,958
Instagram,Image,104,173530,1894,219,276,0.0137670719760272,Long,2389
Twitter,Text,40,185018,7111,375,254,0.0418337675253218,Medium,7740
Facebook,Video,80,69601,2321,198,209,0.0391948391546098,Long,2728
Facebook,Text,54,203290,10868,1537,961,0.0657484381917457,Medium,13366
Instagram,Video,65,64351,5054,632,364,0.094015633012696,Medium,6050
Facebook,Image,44,181633,8993,773,668,0.0574455082501527,Medium,10434
Instagram,Video,7,262153,25072,1748,2051,0.1101303437305695,Short,28871
Facebook,Video,86,184275,5513,454,181,0.0333631800298466,Long,6148
Twitter,Image,11,10820,323,28,39,0.0360443622920517,Short,390
Instagram,Text,35,62232,4007,721,276,0.0804087929039722,Short,5004
Facebook,Video,69,152829,13856,2169,717,0.1095472717874225,Medium,16742
Twitter,Video,99,48588,3423,454,210,0.0841154194451304,Long,4087
Facebook,Image,68,222754,15733,836,1566,0.0814126794580568,Medium,18135
Twitter,Text,81,10058,830,143,100,0.1066812487572081,Long,1073
Twitter,Text,97,90388,6343,842,253,0.08228968447139,Long,7438
Facebook,Image,7,82654,6475,933,628,0.0972245747332252,Short,8036
Facebook,Image,97,170814,15023,899,1125,0.0997986113550411,Long,17047
Twitter,Video,39,126063,1350,232,178,0.0139612733315881,Short,1760
Twitter,Image,19,74195,6655,1163,954,0.1182289911719118,Short,8772
Twitter,Image,25,190052,5582,1018,604,0.0379054153600067,Short,7204
Instagram,Image,66,75377,6941,896,671,0.1128726269286387,Medium,8508
Twitter,Text,87,126157,4283,467,520,0.0417733459102546,Long,5270
Instagram,Image,32,154407,7870,479,664,0.0583717059459739,Short,9013
Twitter,Video,8,180423,16968,1341,461,0.1040332995238966,Short,18770
Instagram,Video,113,205032,4075,341,452,0.0237426352959538,Long,4868
Twitter,Video,17,49501,3815,226,364,0.0889881012504797,Short,4405
Twitter,Image,83,57877,2623,191,104,0.0504172641982134,Long,2918
Twitter,Text,55,16538,201,36,9,0.0148748337162897,Medium,246
Facebook,Image,52,241893,22864,3013,1142,0.1116981475280392,Medium,27019
Facebook,Image,43,118859,2449,403,282,0.0263673764712811,Medium,3134
Twitter,Video,100,112812,8988,820,785,0.0938995851505159,Long,10593
Instagram,Image,71,8769,390,27,10,0.0486942638841373,Medium,427
Instagram,Text,98,298730,24780,2626,3195,0.1024369832290027,Long,30601
Twitter,Video,62,87551,6787,1146,704,0.0986510719466368,Medium,8637
Facebook,Text,88,103614,6941,656,800,0.081041172042388,Long,8397
Instagram,Text,6,57219,5408,436,767,0.1155385448889354,Short,6611
Facebook,Text,118,38107,720,38,38,0.0208885506599837,Long,796
Instagram,Image,29,95987,7858,1128,759,0.1015241647306406,Short,9745
Twitter,Image,15,68590,4826,556,573,0.0868202361860329,Short,5955
Facebook,Image,5,64097,2456,218,212,0.0450255082141129,Short,2886
Instagram,Image,52,225203,13317,1704,1107,0.0716153870063898,Medium,16128
Twitter,Video,117,196474,13363,2072,1880,0.0881287091421765,Long,17315
Twitter,Image,52,119290,9097,792,470,0.0868387962109145,Medium,10359
Twitter,Video,14,156757,4206,594,441,0.0334339136370305,Short,5241
Facebook,Text,85,68884,1321,117,193,0.023677486789385,Long,1631
Facebook,Video,34,97426,1869,370,90,0.0239053230143904,Short,2329
Twitter,Image,39,149434,5446,870,436,0.045183826973781,Short,6752
Facebook,Video,118,102326,2443,342,358,0.0307155561636338,Long,3143
Instagram,Image,23,5503,320,24,7,0.063783390877703,Short,351
Twitter,Image,114,174117,8589,1184,875,0.0611542813165859,Long,10648
Twitter,Video,57,15576,1407,239,102,0.1122239342578325,Medium,1748
Facebook,Video,38,36290,2706,434,325,0.0954808487186552,Short,3465
Twitter,Text,36,193567,5521,920,342,0.0350421301151539,Short,6783
Instagram,Text,80,279028,3938,384,269,0.0164535458807001,Long,4591
Facebook,Text,111,185732,13711,1360,1193,0.0875670320677104,Long,16264
Facebook,Text,85,133037,11457,1498,744,0.1029713538338958,Long,13699
Twitter,Text,10,158277,11568,1061,621,0.0837139950845669,Short,13250
Twitter,Video,119,65739,4466,299,295,0.0769710521912411,Long,5060
Twitter,Text,17,165857,5380,641,742,0.040776090246417,Short,6763
Facebook,Video,107,125111,6820,342,440,0.0607620433055446,Long,7602
Twitter,Text,90,3268,245,40,33,0.0973072215422276,Long,318
Instagram,Image,79,66939,1834,297,85,0.0331047670266959,Medium,2216
Twitter,Text,68,80281,4245,563,455,0.0655572302288212,Medium,5263
Twitter,Image,11,103917,2133,345,249,0.0262420970582291,Short,2727
Facebook,Video,49,183338,10590,1521,365,0.0680491769300417,Medium,12476
Twitter,Text,49,174784,10769,1665,976,0.0767232698645185,Medium,13410
Facebook,Video,89,130744,7607,454,165,0.0629168451324726,Long,8226
Twitter,Text,69,106894,5585,1017,785,0.0691058431717402,Medium,7387
Instagram,Video,98,253160,15916,2333,1403,0.077626797282351,Long,19652
Instagram,Text,23,195286,19472,2757,482,0.1162960990547197,Short,22711
Facebook,Text,119,153044,10105,1092,1099,0.0803429079219048,Long,12296
Facebook,Image,51,232697,18087,980,2444,0.0924421028204059,Medium,21511
Twitter,Video,50,65412,1785,330,206,0.0354827860331437,Medium,2321
Twitter,Video,33,178353,10291,2036,384,0.0712687759667625,Short,12711
Instagram,Video,103,164475,1755,300,158,0.0134549323605411,Long,2213
Twitter,Video,88,96568,1239,232,142,0.01670325573689,Long,1613
Instagram,Video,104,297370,11604,790,1439,0.0465178061001446,Long,13833
Facebook,Image,65,52985,2754,190,60,0.0566952911201283,Medium,3004
Twitter,Text,107,161855,10003,1819,569,0.0765561768249359,Long,12391
Facebook,Image,69,208011,18704,1096,2525,0.1073260548720981,Medium,22325
Twitter,Video,27,109752,8720,557,467,0.0887819811939645,Short,9744
Instagram,Video,99,204227,7555,1303,615,0.0463846602065348,Long,9473
Facebook,Text,55,69883,5374,717,594,0.0956598886710645,Medium,6685
Facebook,Image,67,202772,12053,1310,1785,0.0747045943226875,Medium,15148
Twitter,Text,103,123501,9895,1316,745,0.0968089327211925,Long,11956
Facebook,Text,115,30788,1446,262,123,0.0594712225542419,Long,1831
Instagram,Image,113,104214,1904,311,176,0.022943174621452,Long,2391
Facebook,Text,26,10166,667,102,33,0.0788904190438717,Short,802
Facebook,Image,114,169291,10180,2000,691,0.076028849732118,Long,12871
Twitter,Image,75,198513,19022,2438,1454,0.1154282087319218,Medium,22914
Facebook,Video,37,113299,2786,141,62,0.0263815214609131,Short,2989
Twitter,Text,113,2403,165,18,3,0.0774032459425717,Long,186
Twitter,Video,104,29224,1539,99,75,0.0586162058581987,Long,1713
Facebook,Text,48,217682,9600,647,831,0.0508907488905835,Medium,11078
Instagram,Text,11,8485,691,60,99,0.1001767825574543,Short,850
Twitter,Video,95,114055,9461,1014,1385,0.1039849195563543,Long,11860
Facebook,Video,6,77984,5795,708,603,0.091121255642183,Short,7106
Twitter,Video,21,67491,1182,89,150,0.0210546591397371,Short,1421
Instagram,Image,69,281406,11554,1117,1583,0.0506527934727759,Medium,14254
Instagram,Text,62,264047,3751,343,484,0.0173378224331274,Medium,4578
Twitter,Image,114,124804,5108,535,463,0.0489247139514759,Long,6106
Instagram,Text,34,199251,13611,901,1518,0.0804512900813546,Short,16030
Facebook,Text,90,249282,14130,1548,289,0.0640519572211391,Long,15967
Facebook,Image,96,220437,16150,2150,1683,0.0906517508403761,Long,19983
Twitter,Image,101,130716,7794,503,587,0.0679641359894733,Long,8884
Instagram,Text,30,126774,7609,974,789,0.0739268304226418,Short,9372
Facebook,Video,39,37712,2111,344,232,0.0712505303351718,Short,2687
Facebook,Video,67,219563,9394,481,307,0.04637393367735,Medium,10182
Facebook,Video,79,37328,1873,107,250,0.0597406772396056,Medium,2230
Twitter,Video,75,164704,3313,397,141,0.0233813386438702,Medium,3851
Twitter,Text,32,39515,3362,608,71,0.1022649626724028,Short,4041
Facebook,Video,29,65074,5858,1169,444,0.1148077573224329,Short,7471
Facebook,Video,65,206762,16326,1045,516,0.0865100937309563,Medium,17887
Instagram,Video,109,201019,12568,662,1813,0.074833722185465,Long,15043
Instagram,Text,35,213693,13083,1103,744,0.0698665843055224,Short,14930
Instagram,Image,58,228852,11975,1438,587,0.0611749078006746,Medium,14000
Twitter,Video,71,7327,225,30,12,0.0364405623038078,Medium,267
Facebook,Text,101,195318,8699,1705,494,0.0557961887793239,Long,10898
Twitter,Text,55,84675,8390,1537,236,0.1200236197224682,Medium,10163
Facebook,Video,62,225483,5213,700,470,0.0283081207895938,Medium,6383
Instagram,Image,38,154877,9113,950,203,0.0662848583069145,Short,10266
Instagram,Image,63,235974,20762,2038,2430,0.1069185588242772,Medium,25230
Instagram,Image,25,33855,1718,233,205,0.0636833554866341,Short,2156
Instagram,Text,60,271271,17498,2768,1259,0.0793486955848579,Medium,21525
Facebook,Video,41,195794,16544,2022,2418,0.1071738664106152,Medium,20984
Instagram,Video,68,126704,7511,718,913,0.0721524182346255,Medium,9142
Facebook,Text,117,41319,3133,444,112,0.0892809603330187,Long,3689
Facebook,Video,23,72126,2975,397,438,0.0528242242741868,Short,3810
Twitter,Video,105,14973,1137,129,147,0.094369865758365,Long,1413
Instagram,Image,89,218453,2991,485,333,0.0174362448673169,Long,3809
Instagram,Video,82,184159,4375,403,459,0.0284373829136778,Long,5237
Twitter,Video,78,190783,12850,1577,1267,0.0822609980973147,Medium,15694
Facebook,Text,57,30281,1526,291,226,0.0674680492718206,Medium,2043
Instagram,Text,75,152621,12904,2044,1060,0.1048872697728359,Medium,16008
Facebook,Image,97,129566,5283,571,219,0.0468718645323618,Long,6073
Twitter,Text,67,63426,5013,661,292,0.0940623718979598,Medium,5966
Facebook,Image,108,30623,689,76,47,0.0265160173725631,Long,812
Instagram,Image,66,236104,22126,1479,1352,0.1057034188323789,Medium,24957
Facebook,Video,76,92616,4414,442,105,0.0535652587025999,Medium,4961
Facebook,Image,107,138769,4271,764,126,0.0371913035332098,Long,5161
Instagram,Video,81,282874,22919,2731,473,0.0923485368043722,Long,26123
Instagram,Image,114,164317,15661,2156,1695,0.1187460822678116,Long,19512
Facebook,Text,23,178206,16506,1274,1755,0.109620327037249,Short,19535
Facebook,Text,79,34313,1077,111,31,0.035525893976044,Medium,1219
Twitter,Text,6,67573,4762,901,290,0.0880973169757151,Short,5953
Instagram,Image,117,58595,3469,336,197,0.0682993429473504,Long,4002
Facebook,Image,10,32908,2476,216,195,0.087729427494834,Short,2887
Instagram,Video,33,42289,2276,132,151,0.0605121899311877,Short,2559
Twitter,Video,45,195782,10235,661,1296,0.0622733448427332,Medium,12192
Facebook,Video,55,142911,12782,1760,1722,0.1138050954790044,Medium,16264
Facebook,Video,9,99541,8800,1311,411,0.1057051868074461,Short,10522
Facebook,Image,45,202910,16412,2400,586,0.0955990340545069,Medium,19398
Instagram,Image,66,144583,10618,1390,1370,0.0925281672119128,Medium,13378
Twitter,Video,34,88527,6290,777,535,0.08587210681487,Short,7602
Instagram,Image,107,135568,2041,124,126,0.016899268263897,Long,2291
Facebook,Image,66,107672,8340,1468,222,0.0931532803328627,Medium,10030
Twitter,Image,104,111049,7487,950,739,0.0826301902763644,Long,9176
Facebook,Image,31,133872,4982,347,234,0.0415546193378749,Short,5563
Facebook,Video,54,209522,17559,1235,437,0.091785110871412,Medium,19231
Instagram,Video,86,146020,12400,1574,965,0.1023079030269826,Long,14939
Facebook,Image,56,47638,4473,387,436,0.1111717536420504,Medium,5296
Twitter,Text,53,138945,6621,1246,279,0.0586275144841484,Medium,8146
Facebook,Video,66,165533,9867,1231,1032,0.0732784399485299,Medium,12130
Facebook,Video,104,207106,18957,3730,844,0.1136181472289552,Long,23531
Instagram,Text,64,32091,1235,197,28,0.0454956218254339,Medium,1460
Twitter,Video,84,73171,5977,1025,235,0.0989053040138852,Long,7237
Instagram,Text,58,189071,18770,2033,1807,0.1195847062743625,Medium,22610
Facebook,Text,9,36532,2508,175,257,0.0804773896857549,Short,2940
Instagram,Image,13,284180,28001,4296,3707,0.1266943486522626,Short,36004
Instagram,Video,38,180634,10191,1131,286,0.0642625419356267,Short,11608
Instagram,Text,102,277465,6596,1268,949,0.0317625646477934,Long,8813
Instagram,Image,40,34152,881,69,77,0.0300714453033497,Medium,1027
Facebook,Video,99,88884,6739,970,349,0.0906574861617389,Long,8058
Facebook,Image,24,89531,902,162,60,0.0125543107973774,Short,1124
Twitter,Image,85,56911,3959,437,107,0.0791235437788828,Long,4503
Instagram,Text,88,75637,1786,344,61,0.0289673043616219,Long,2191
Instagram,Video,96,140319,13834,850,1863,0.1179241585245048,Long,16547
Twitter,Image,89,71724,1770,244,59,0.0289024594278065,Long,2073
Instagram,Text,87,199361,11906,1983,324,0.0712927804334849,Long,14213
Twitter,Text,67,176619,12407,995,1213,0.0827487416416127,Medium,14615
Facebook,Image,71,136768,11454,672,798,0.0944957884885353,Medium,12924
Twitter,Image,34,195113,10015,620,728,0.058238046670391,Short,11363
Instagram,Text,73,242616,22816,2233,813,0.1065964322221123,Medium,25862
Twitter,Image,110,152785,8131,678,209,0.0590241188598357,Long,9018
Facebook,Image,74,47549,1554,129,205,0.0397064081263538,Medium,1888
Instagram,Video,7,179620,11383,1352,804,0.0753757933414987,Short,13539
Facebook,Text,53,186705,12923,810,443,0.0759272649366648,Medium,14176
Facebook,Image,46,99411,5533,1102,254,0.0692981661989115,Medium,6889
Twitter,Text,28,137713,10464,1615,349,0.0902456558204381,Short,12428
Facebook,Video,48,74095,3546,193,291,0.0543896349281328,Medium,4030
Instagram,Text,5,7023,72,11,8,0.0129574256015947,Short,91
Facebook,Text,118,159728,5400,911,384,0.0419150055093659,Long,6695
Facebook,Text,119,220262,20953,1647,2107,0.1121709600384996,Long,24707
Twitter,Video,58,36842,2899,510,312,0.1009988599967428,Medium,3721
Facebook,Video,56,232158,6281,890,707,0.0339337864730054,Medium,7878
Twitter,Text,40,57189,914,158,90,0.0203185927363653,Medium,1162
Twitter,Text,83,130118,5409,851,497,0.0519297868088965,Long,6757
Instagram,Video,109,246810,21044,3276,1729,0.1055427251732101,Long,26049
Instagram,Image,42,8474,165,12,13,0.0224215246636771,Medium,190
Instagram,Video,48,130185,7668,746,485,0.0683565694972539,Medium,8899
Instagram,Text,86,139332,4841,622,414,0.0421798294720523,Long,5877
Twitter,Image,91,193290,14566,974,1198,0.0865952713539241,Long,16738
Facebook,Image,51,122526,1229,149,75,0.0118587075396242,Medium,1453
Instagram,Image,33,10618,371,43,21,0.040968167263138,Short,435
Instagram,Video,55,181837,12934,1096,1008,0.0827004405044078,Medium,15038
Instagram,Video,45,262262,15527,1241,1931,0.071298930077556,Medium,18699
Facebook,Video,90,168190,13471,1173,703,0.0912479933408645,Long,15347
Instagram,Video,68,145357,3516,494,456,0.0307243545202501,Medium,4466
Facebook,Text,92,238424,13777,1546,1572,0.0708611549172902,Long,16895
Twitter,Image,113,59083,1631,182,88,0.0321750757409068,Long,1901
Twitter,Text,52,161424,10900,842,237,0.0742082961641391,Medium,11979
Twitter,Video,81,177128,3865,649,115,0.0261336434668714,Long,4629
Facebook,Video,101,197117,4609,714,621,0.0301546797079906,Long,5944
Instagram,Text,118,290851,11499,1315,1436,0.0489941585210296,Long,14250
Instagram,Image,26,158233,7305,521,506,0.0526565255035296,Short,8332
Instagram,Image,103,284088,15588,2450,436,0.065029145898454,Long,18474
Instagram,Video,21,274690,17103,3161,2145,0.0815792347737449,Short,22409
Instagram,Video,90,59139,3086,236,164,0.0589458732815908,Long,3486
Facebook,Video,9,116857,1648,231,237,0.0181076015985349,Short,2116
Twitter,Video,65,9207,376,42,33,0.048984468339307,Medium,451
Instagram,Image,93,99804,1549,97,174,0.0182357420544266,Long,1820
Twitter,Text,10,33222,685,108,54,0.0254951538137378,Short,847
Facebook,Image,57,163193,2995,181,70,0.019890559031331,Medium,3246
Facebook,Text,85,87303,2115,328,59,0.0286588089756365,Long,2502
Instagram,Video,99,174987,14552,1341,2137,0.1030362255481835,Long,18030
Facebook,Video,21,13017,865,116,63,0.0802028117077667,Short,1044
Twitter,Text,63,148166,8239,610,360,0.0621532605321058,Medium,9209
Instagram,Video,101,36236,2750,290,312,0.0925046914670493,Long,3352
Instagram,Image,43,297065,28669,1881,3861,0.1158366014171982,Medium,34411
Twitter,Video,58,97381,4634,556,253,0.0558938601986013,Medium,5443
Instagram,Video,52,276534,11909,976,1122,0.0506519993924797,Medium,14007
Instagram,Video,41,184660,18096,1414,939,0.1107386548250839,Medium,20449
Twitter,Video,52,126651,10058,664,1276,0.0947327695793953,Medium,11998
Instagram,Image,72,34980,2796,460,87,0.0955688965122927,Medium,3343
Instagram,Text,111,121960,7804,1138,534,0.0776976057723843,Long,9476
Twitter,Video,82,156880,8727,641,605,0.0635708822029576,Long,9973
Facebook,Video,81,66470,3958,478,406,0.0728448924326763,Long,4842
Twitter,Image,31,74762,5135,765,221,0.0818731441106444,Short,6121
Instagram,Image,92,153998,6762,1228,552,0.0554682528344524,Long,8542
Twitter,Image,31,19621,1577,92,144,0.0924009989297181,Short,1813
Instagram,Video,76,129604,11901,1241,1616,0.1138699422857319,Medium,14758
Instagram,Text,67,40031,2458,350,217,0.0755664360120906,Medium,3025
Twitter,Image,56,34146,1513,79,56,0.0482633397762549,Medium,1648
Instagram,Image,51,275142,19976,1728,662,0.0812889344411249,Medium,22366
Facebook,Image,118,117619,3104,502,434,0.0343481920438024,Long,4040
Instagram,Text,107,122974,11949,1235,1760,0.1215216224567794,Long,14944
Twitter,Video,25,33101,2291,143,95,0.076402525603456,Short,2529
Facebook,Video,119,82764,1330,191,156,0.0202624329418587,Long,1677
Facebook,Video,61,158819,9160,801,481,0.065747800955805,Medium,10442
Instagram,Image,109,196872,15263,2369,1957,0.0995011987484253,Long,19589
Twitter,Video,79,97326,3407,630,110,0.0426093746789141,Medium,4147
Instagram,Image,99,269026,3924,506,301,0.0175856608654925,Long,4731
Instagram,Text,95,175027,9455,1322,921,0.0668354025378941,Long,11698
Twitter,Text,46,61965,5268,669,689,0.1069313322036633,Medium,6626
Twitter,Video,114,114956,3751,647,492,0.0425380145446953,Long,4890
Instagram,Image,52,224866,16759,1445,736,0.0842279401954942,Medium,18940
Facebook,Image,31,223494,10437,1150,1520,0.0586458696877768,Short,13107
Instagram,Video,76,177632,2729,502,281,0.0197712123941632,Medium,3512
Facebook,Text,37,34343,1282,203,135,0.0471711848120432,Short,1620
Instagram,Text,80,254550,9736,954,1319,0.0471773718326458,Long,12009
Twitter,Text,39,85943,7856,1373,484,0.1130167669269166,Short,9713
Facebook,Text,102,118154,11621,997,859,0.1140630025221321,Long,13477
Twitter,Text,20,137022,3957,574,585,0.0373370699595685,Short,5116
Twitter,Video,40,136961,6676,1291,147,0.0592431422083658,Medium,8114
Twitter,Video,70,163482,16005,2179,2124,0.1242216268457689,Medium,20308
Twitter,Video,80,20976,978,166,126,0.0605453852021357,Long,1270
Twitter,Text,95,25016,1036,166,56,0.0502878157978893,Long,1258
Instagram,Text,60,210819,4193,754,531,0.0259843752223471,Medium,5478
Facebook,Video,21,156814,12199,2382,767,0.0978739143188745,Short,15348
Instagram,Video,24,290697,14601,778,1485,0.0580122945885234,Short,16864
Instagram,Text,89,199410,13456,729,1050,0.0764003811243167,Long,15235
Instagram,Image,98,34332,1918,266,63,0.0654491436560643,Long,2247
Twitter,Video,110,121437,3121,602,425,0.0341576290586888,Long,4148
Instagram,Text,88,214697,5554,682,504,0.0313930795493183,Long,6740
Facebook,Text,12,247942,23449,4126,1937,0.1190278371554637,Short,29512
Instagram,Video,22,140508,12653,2090,1699,0.1170182480712841,Short,16442
Twitter,Image,22,150159,9753,1216,610,0.0771115950425881,Short,11579
Facebook,Text,22,58702,593,75,55,0.0123164457769752,Short,723
Facebook,Video,6,28428,1392,160,187,0.0611720838609821,Short,1739
Facebook,Text,80,208105,12015,1055,775,0.066528915691598,Long,13845
Facebook,Text,100,162226,8184,1463,1007,0.0656738130755859,Long,10654
Instagram,Text,110,97045,9053,737,786,0.108980369931475,Long,10576
Twitter,Text,76,177819,2432,452,98,0.0167698614883673,Medium,2982
Facebook,Image,55,110369,7609,791,192,0.0778479464342342,Medium,8592
Facebook,Video,14,37349,1428,77,163,0.0446598302498058,Short,1668
Twitter,Video,79,39358,2375,178,128,0.0681182986940393,Medium,2681
Instagram,Video,18,57484,3968,726,500,0.0903555772040915,Short,5194
Facebook,Video,30,214521,10656,738,474,0.0553232550659376,Short,11868
Instagram,Video,51,55837,1304,209,122,0.0292816591149237,Medium,1635
Instagram,Image,34,80333,4555,352,146,0.0629006759364146,Short,5053
Instagram,Text,60,274675,25810,3222,2984,0.1165595704013834,Medium,32016
Instagram,Text,46,18825,1096,88,131,0.0698539176626826,Medium,1315
Facebook,Video,8,198100,4172,417,580,0.026092882382635,Short,5169
Facebook,Text,107,75447,6350,436,590,0.0977639932667965,Long,7376
Instagram,Text,15,284423,8520,1136,288,0.034962010807846,Short,9944
Instagram,Text,28,118094,5115,536,652,0.0533727369722424,Short,6303
Twitter,Video,90,113759,5527,579,336,0.0566284865373289,Long,6442
Twitter,Video,71,177295,7193,401,985,0.0483882794213034,Medium,8579
Twitter,Image,41,161072,7473,526,1099,0.0564840568193106,Medium,9098
Facebook,Video,6,146117,11922,1861,443,0.0973603345264411,Short,14226
Twitter,Image,16,184570,5555,521,171,0.0338462371999783,Short,6247
Facebook,Video,25,39299,2056,239,281,0.065548741698262,Short,2576
Facebook,Text,73,210274,2481,408,339,0.0153513986512835,Medium,3228
Facebook,Image,75,152317,8482,989,814,0.0675236513324185,Medium,10285
Facebook,Image,68,232174,4655,390,630,0.0244428747404963,Medium,5675
Twitter,Image,72,160411,5678,752,800,0.0450717220140763,Medium,7230
Instagram,Video,47,206460,8101,1378,746,0.0495253317833963,Medium,10225
Instagram,Image,58,199891,3480,487,380,0.0217468520343587,Medium,4347
Instagram,Video,109,119074,5054,571,504,0.0514721937618623,Long,6129
Twitter,Image,104,114691,6287,432,268,0.0609202116992614,Long,6987
Instagram,Video,66,152698,7451,650,571,0.0567918374831366,Medium,8672
Twitter,Image,90,25302,891,170,96,0.0457276104655758,Long,1157
Twitter,Text,97,113277,4138,685,411,0.0462053197030288,Long,5234
Twitter,Text,77,179763,12048,760,577,0.0744591489906154,Medium,13385
Instagram,Image,94,260450,19444,988,2688,0.0887694375119984,Long,23120
Instagram,Video,16,108812,6734,513,821,0.0741462338712642,Short,8068
Instagram,Video,116,206276,20185,3867,583,0.1194273691558882,Long,24635
Facebook,Video,5,140159,13320,1824,862,0.1141988741358029,Short,16006
Twitter,Text,76,130407,2459,432,367,0.0249833214474683,Medium,3258
Facebook,Text,37,107966,3619,433,255,0.039892188281496,Short,4307
Twitter,Text,68,164386,14491,2521,1539,0.1128502427213996,Medium,18551
Instagram,Video,119,134306,1701,93,56,0.0137745149137045,Long,1850
Twitter,Video,72,159307,10083,1149,609,0.0743281839467192,Medium,11841
Twitter,Video,18,193644,18571,1980,2500,0.119038028547231,Short,23051
Facebook,Image,97,36366,2585,509,223,0.0912115712478688,Long,3317
Twitter,Image,18,53347,974,92,123,0.0222880386900856,Short,1189
Instagram,Image,13,37837,2924,329,61,0.0875862251235563,Short,3314
Twitter,Text,77,10139,444,72,47,0.0555281585955222,Medium,563
Twitter,Text,30,142657,13258,2414,782,0.1153395907666641,Short,16454
Twitter,Video,53,5659,202,36,26,0.046651351828945,Medium,264
Facebook,Image,115,94761,4983,544,711,0.0658287692194046,Long,6238
Twitter,Video,110,7634,589,113,64,0.1003405816085931,Long,766
Twitter,Image,21,118969,3947,584,153,0.0393716010053039,Short,4684
Facebook,Image,109,108126,2850,506,230,0.0331650111906479,Long,3586
Facebook,Video,72,6682,68,12,5,0.0127207422927267,Medium,85
Facebook,Video,64,169523,9140,777,1169,0.065395256100942,Medium,11086
Facebook,Image,114,204170,19105,2385,1526,0.1127295880883577,Long,23016
Instagram,Image,7,80038,2828,390,178,0.0424298458232339,Short,3396
Instagram,Text,97,26984,375,63,37,0.0176030240142306,Long,475
Twitter,Video,29,22487,1480,163,154,0.0799128385289278,Short,1797
Instagram,Video,25,7075,106,8,13,0.0179505300353356,Short,127
Twitter,Video,16,166622,9267,1496,1270,0.0722173542509392,Short,12033
Instagram,Video,58,90726,4022,558,545,0.0564887683795163,Medium,5125
Facebook,Image,5,100799,5320,982,539,0.067867736783103,Short,6841
Facebook,Text,5,45293,1115,165,98,0.0304241273485969,Short,1378
Instagram,Video,49,165284,2994,157,371,0.0213087776191282,Medium,3522
Instagram,Image,50,282106,21837,4258,1307,0.0971337015164512,Medium,27402
Twitter,Image,52,148925,4781,664,566,0.0403625986234681,Medium,6011
Twitter,Image,11,52209,4283,596,367,0.1004807600222184,Short,5246
Twitter,Image,14,179036,14011,2611,505,0.0956623248955517,Short,17127
Facebook,Image,19,70645,1967,294,231,0.0352749663812017,Short,2492
Facebook,Video,44,194573,17851,2176,1861,0.1124924835408818,Medium,21888
Facebook,Video,15,129676,3179,210,97,0.0268823837872852,Short,3486
Facebook,Text,60,129528,10588,2057,831,0.1040392810820826,Medium,13476
Twitter,Video,50,68856,3294,203,274,0.0547664691530149,Medium,3771
Facebook,Image,49,116018,3071,231,322,0.0312365322622351,Medium,3624
Facebook,Text,91,84523,7981,1380,863,0.1209611585012363,Long,10224
Facebook,Image,17,40185,3885,480,173,0.1129277093442826,Short,4538
Facebook,Image,31,203307,11389,873,277,0.0616752005587608,Short,12539
Instagram,Video,109,198930,10389,965,1280,0.063509777308601,Long,12634
Twitter,Image,85,95745,8720,1736,1287,0.1226487022821035,Long,11743
Twitter,Video,54,197398,12564,1728,1787,0.0814547259850657,Medium,16079
Facebook,Image,65,42330,1436,158,122,0.0405386250885896,Medium,1716
Instagram,Text,119,254309,12274,2226,1089,0.0612994428038331,Long,15589
Twitter,Image,17,48415,4126,503,581,0.1076112774966436,Short,5210
Twitter,Video,16,63006,5504,529,499,0.1036726660952925,Short,6532
Facebook,Image,33,183199,17318,1292,971,0.1068837711996244,Short,19581
